Date,Order_ID,Customer_ID,Product,Category,Region,Channel,Quantity,Unit_Price,Discount,Sales,Profit
2025-01-01,ORD-10000,CUST-1377,Desktop,Electronics,North,Distributor,1,88598,0.04,85054.08,10031.77
2025-01-01,ORD-10001,CUST-1111,Webcam,Accessories,South,Distributor,2,11174,0.06,21007.12,1786.98
2025-01-01,ORD-10002,CUST-1279,Smartphone,Electronics,West,Online,1,88563,0.03,85906.11,16363.43
2025-01-01,ORD-10003,CUST-1216,Tablet,Electronics,East,Retail,5,15425,0.11,68641.25,7354.37
2025-01-01,ORD-10004,CUST-1049,Monitor,Electronics,East,Retail,4,35018,0.05,133068.4,12743.53
2025-01-01,ORD-10005,CUST-1498,Smartphone,Electronics,West,Online,5,20695,0.11,92092.75,15762.48
2025-01-01,ORD-10006,CUST-1295,Webcam,Accessories,South,Distributor,5,11799,0.09,53685.45,12159.23
2025-01-01,ORD-10007,CUST-1040,Desktop,Electronics,South,Online,1,83336,0.03,80835.92,10443.67
2025-01-02,ORD-10008,CUST-1189,Printer,Office Equipment,East,Online,5,22857,0.1,102856.5,14607.83
2025-01-02,ORD-10009,CUST-1125,Mouse,Accessories,South,Retail,2,2895,0.1,5211.0,890.06
2025-01-02,ORD-10010,CUST-1166,Printer,Office Equipment,North,Online,5,28971,0.1,130369.5,15296.85
2025-01-02,ORD-10011,CUST-1482,Laptop,Electronics,East,Online,6,102581,0.04,590866.56,68461.98
2025-01-02,ORD-10012,CUST-1126,Tablet,Electronics,East,Distributor,7,57129,0.07,371909.79,46499.74
2025-01-02,ORD-10013,CUST-1070,Smartphone,Electronics,West,Online,7,91484,0.06,601964.72,70601.15
2025-01-02,ORD-10014,CUST-1216,Laptop,Electronics,North,Retail,2,70033,0.09,127460.06,27359.75
2025-01-02,ORD-10015,CUST-1482,Printer,Office Equipment,North,Distributor,8,25338,0.04,194595.84,33869.1
2025-01-03,ORD-10016,CUST-1057,Desktop,Electronics,East,Retail,9,89209,0.04,770765.76,145646.6
2025-01-03,ORD-10017,CUST-1134,Monitor,Electronics,South,Distributor,8,10106,0.14,69529.28,15914.9
2025-01-03,ORD-10018,CUST-1191,Desktop,Electronics,South,Distributor,5,81874,0.08,376620.4,42865.01
2025-01-03,ORD-10019,CUST-1475,Webcam,Accessories,East,Retail,1,11313,0.05,10747.35,895.37
2025-01-03,ORD-10020,CUST-1043,Keyboard,Accessories,West,Online,1,2773,0.13,2412.51,581.37
2025-01-03,ORD-10021,CUST-1084,Webcam,Accessories,East,Distributor,3,3603,0.1,9728.1,2344.12
2025-01-03,ORD-10022,CUST-1353,Smartphone,Electronics,South,Distributor,7,42760,0.14,257415.2,53644.06
2025-01-03,ORD-10023,CUST-1061,Mouse,Accessories,South,Online,7,1929,0.07,12557.79,2109.56
2025-01-04,ORD-10024,CUST-1112,Desktop,Electronics,North,Online,6,41378,0.09,225923.88,26911.94
2025-01-04,ORD-10025,CUST-1036,Laptop,Electronics,South,Retail,4,58834,0.14,202388.96,45767.84
2025-01-04,ORD-10026,CUST-1292,Tablet,Electronics,West,Online,4,50339,0.02,197328.88,47168.99
2025-01-04,ORD-10027,CUST-1181,Tablet,Electronics,West,Retail,7,27478,0.01,190422.54,36566.28
2025-01-04,ORD-10028,CUST-1031,Tablet,Electronics,West,Distributor,1,59129,0.1,53216.1,10103.11
2025-01-04,ORD-10029,CUST-1071,Headphones,Accessories,West,Online,2,5073,0.03,9841.62,1684.58
2025-01-04,ORD-10030,CUST-1413,Mouse,Accessories,North,Online,8,1423,0.13,9904.08,919.25
2025-01-04,ORD-10031,CUST-1085,Webcam,Accessories,West,Retail,1,3028,0.14,2604.08,584.04
2025-01-05,ORD-10032,CUST-1001,Tablet,Electronics,West,Retail,4,41282,0.14,142010.08,15335.43
2025-01-05,ORD-10033,CUST-1401,Tablet,Electronics,West,Online,5,42722,0.1,192249.0,39254.54
2025-01-05,ORD-10034,CUST-1277,Keyboard,Accessories,North,Distributor,5,2583,0.15,10977.75,1959.1
2025-01-05,ORD-10035,CUST-1436,Headphones,Accessories,South,Online,1,1821,0.09,1657.11,274.23
2025-01-05,ORD-10036,CUST-1441,Webcam,Accessories,South,Retail,2,4544,0.01,8997.12,823.72
2025-01-05,ORD-10037,CUST-1214,Desktop,Electronics,East,Retail,4,77940,0.09,283701.6,52568.45
2025-01-05,ORD-10038,CUST-1330,Keyboard,Accessories,East,Retail,6,2755,0.04,15868.8,1622.57
2025-01-05,ORD-10039,CUST-1051,Headphones,Accessories,North,Distributor,2,1152,0.07,2142.72,535.12
2025-01-06,ORD-10040,CUST-1035,Keyboard,Accessories,South,Retail,9,2972,0.02,26213.04,3652.3
2025-01-06,ORD-10041,CUST-1313,Mouse,Accessories,North,Distributor,3,2194,0.13,5726.34,1142.99
2025-01-06,ORD-10042,CUST-1059,Webcam,Accessories,North,Distributor,5,3197,0.14,13747.1,1413.61
2025-01-06,ORD-10043,CUST-1175,Webcam,Accessories,South,Distributor,3,5962,0.04,17170.56,1988.47
2025-01-06,ORD-10044,CUST-1026,Mouse,Accessories,North,Distributor,9,2401,0.04,20744.64,4862.27
2025-01-06,ORD-10045,CUST-1326,Printer,Office Equipment,East,Online,5,9444,0.0,47220.0,9967.68
2025-01-06,ORD-10046,CUST-1483,Tablet,Electronics,South,Distributor,9,43028,0.08,356271.84,35277.52
2025-01-06,ORD-10047,CUST-1186,Laptop,Electronics,North,Retail,6,69410,0.06,391472.4,34101.52
2025-01-07,ORD-10048,CUST-1447,Keyboard,Accessories,West,Distributor,4,1642,0.05,6239.6,1093.05
2025-01-07,ORD-10049,CUST-1090,Monitor,Electronics,West,Online,4,38331,0.02,150257.52,32452.74
2025-01-07,ORD-10050,CUST-1442,Monitor,Electronics,South,Retail,6,35637,0.14,183886.92,39789.45
2025-01-07,ORD-10051,CUST-1113,Monitor,Electronics,South,Retail,2,22535,0.13,39210.9,8860.13
2025-01-07,ORD-10052,CUST-1204,Headphones,Accessories,East,Retail,5,4728,0.03,22930.8,4407.43
2025-01-07,ORD-10053,CUST-1431,Desktop,Electronics,East,Online,5,63012,0.1,283554.0,41950.49
2025-01-07,ORD-10054,CUST-1019,Desktop,Electronics,North,Distributor,5,51702,0.09,235244.1,58153.19
2025-01-08,ORD-10055,CUST-1261,Printer,Office Equipment,North,Retail,6,31872,0.12,168284.16,25947.22
2025-01-08,ORD-10056,CUST-1266,Smartphone,Electronics,South,Retail,4,48386,0.01,191608.56,29532.58
2025-01-08,ORD-10057,CUST-1339,Printer,Office Equipment,North,Distributor,2,29765,0.14,51195.8,9519.16
2025-01-08,ORD-10058,CUST-1356,Mouse,Accessories,East,Distributor,9,1666,0.1,13494.6,1827.86
2025-01-08,ORD-10059,CUST-1383,Monitor,Electronics,South,Distributor,4,23777,0.1,85597.2,12364.92
2025-01-08,ORD-10060,CUST-1146,Smartphone,Electronics,South,Retail,5,68225,0.08,313835.0,25128.46
2025-01-08,ORD-10061,CUST-1261,Smartphone,Electronics,West,Distributor,6,75946,0.07,423778.68,82576.09
2025-01-08,ORD-10062,CUST-1171,Monitor,Electronics,North,Online,2,19299,0.08,35510.16,6661.7
2025-01-09,ORD-10063,CUST-1243,Mouse,Accessories,North,Retail,4,1215,0.02,4762.8,418.44
2025-01-09,ORD-10064,CUST-1124,Printer,Office Equipment,South,Distributor,4,31538,0.1,113536.8,18625.04
2025-01-09,ORD-10065,CUST-1356,Laptop,Electronics,West,Online,2,105724,0.03,205104.56,44445.89
2025-01-09,ORD-10066,CUST-1341,Webcam,Accessories,East,Retail,4,3488,0.07,12975.36,2805.8
2025-01-09,ORD-10067,CUST-1459,Smartphone,Electronics,South,Distributor,9,70933,0.12,561789.36,97267.22
2025-01-09,ORD-10068,CUST-1141,Tablet,Electronics,West,Distributor,8,31986,0.11,227740.32,50735.23
2025-01-09,ORD-10069,CUST-1139,Keyboard,Accessories,East,Retail,5,4403,0.01,21794.85,2802.25
2025-01-09,ORD-10070,CUST-1078,Webcam,Accessories,South,Online,2,3767,0.02,7383.32,1071.44
2025-01-10,ORD-10071,CUST-1105,Printer,Office Equipment,West,Retail,7,18842,0.08,121342.48,18284.08
2025-01-10,ORD-10072,CUST-1180,Smartphone,Electronics,East,Retail,1,90456,0.06,85028.64,6887.52
2025-01-10,ORD-10073,CUST-1459,Printer,Office Equipment,South,Retail,9,32494,0.11,260276.94,56213.99
2025-01-10,ORD-10074,CUST-1342,Keyboard,Accessories,West,Distributor,5,4370,0.07,20320.5,2968.94
2025-01-10,ORD-10075,CUST-1464,Monitor,Electronics,West,Distributor,8,14182,0.15,96437.6,16471.64
2025-01-10,ORD-10076,CUST-1236,Smartphone,Electronics,South,Online,1,26003,0.1,23402.7,2412.09
2025-01-10,ORD-10077,CUST-1389,Mouse,Accessories,West,Retail,7,1740,0.03,11814.6,1601.63
2025-01-10,ORD-10078,CUST-1026,Printer,Office Equipment,East,Online,5,10683,0.07,49675.95,10299.52
2025-01-11,ORD-10079,CUST-1429,Desktop,Electronics,North,Distributor,1,89429,0.0,89429.0,10913.75
2025-01-11,ORD-10080,CUST-1485,Monitor,Electronics,South,Retail,4,14136,0.07,52585.92,5229.47
2025-01-11,ORD-10081,CUST-1367,Mouse,Accessories,North,Online,6,1087,0.09,5935.02,1447.17
2025-01-11,ORD-10082,CUST-1346,Mouse,Accessories,West,Retail,2,2770,0.0,5540.0,737.0
2025-01-11,ORD-10083,CUST-1435,Keyboard,Accessories,North,Distributor,2,2789,0.02,5466.44,1155.18
2025-01-11,ORD-10084,CUST-1259,Laptop,Electronics,East,Online,6,119827,0.06,675824.28,96640.88
2025-01-11,ORD-10085,CUST-1456,Printer,Office Equipment,West,Distributor,8,11458,0.07,85247.52,12068.66
2025-01-11,ORD-10086,CUST-1138,Monitor,Electronics,West,Retail,7,15771,0.11,98253.33,23986.64
2025-01-12,ORD-10087,CUST-1044,Printer,Office Equipment,East,Retail,5,18561,0.13,80740.35,17861.73
2025-01-12,ORD-10088,CUST-1166,Keyboard,Accessories,South,Retail,8,3904,0.05,29670.4,4866.9
2025-01-12,ORD-10089,CUST-1359,Keyboard,Accessories,East,Distributor,6,2916,0.05,16621.2,3817.13
2025-01-12,ORD-10090,CUST-1250,Laptop,Electronics,South,Distributor,9,75042,0.01,668624.22,135338.03
2025-01-12,ORD-10091,CUST-1113,Tablet,Electronics,West,Distributor,8,44371,0.12,312371.84,29931.18
2025-01-12,ORD-10092,CUST-1217,Keyboard,Accessories,East,Retail,5,3823,0.07,17776.95,3026.65
2025-01-12,ORD-10093,CUST-1098,Tablet,Electronics,East,Online,5,35094,0.04,168451.2,16931.28
2025-01-12,ORD-10094,CUST-1370,Webcam,Accessories,East,Online,3,4638,0.03,13496.58,2190.68
2025-01-13,ORD-10095,CUST-1362,Keyboard,Accessories,South,Retail,5,2663,0.05,12649.25,1661.93
2025-01-13,ORD-10096,CUST-1444,Laptop,Electronics,West,Online,1,88290,0.1,79461.0,8062.71
2025-01-13,ORD-10097,CUST-1494,Laptop,Electronics,North,Retail,5,111524,0.07,518586.6,71523.47
2025-01-13,ORD-10098,CUST-1322,Tablet,Electronics,North,Online,2,19282,0.06,36250.16,3356.55
2025-01-13,ORD-10099,CUST-1391,Monitor,Electronics,West,Distributor,5,12791,0.15,54361.75,5443.61
2025-01-13,ORD-10100,CUST-1152,Smartphone,Electronics,West,Retail,4,83494,0.06,313937.44,73601.3
2025-01-13,ORD-10101,CUST-1390,Smartphone,Electronics,South,Distributor,1,94905,0.14,81618.3,7906.34
2025-01-13,ORD-10102,CUST-1038,Keyboard,Accessories,South,Online,5,1465,0.02,7178.5,786.39
2025-01-14,ORD-10103,CUST-1118,Printer,Office Equipment,East,Distributor,8,30589,0.09,222687.92,28841.22
2025-01-14,ORD-10104,CUST-1403,Mouse,Accessories,South,Retail,8,691,0.1,4975.2,1179.45
2025-01-14,ORD-10105,CUST-1423,Desktop,Electronics,South,Online,9,54733,0.1,443337.3,103931.54
2025-01-14,ORD-10106,CUST-1471,Laptop,Electronics,East,Retail,3,90319,0.09,246570.87,54275.39
2025-01-14,ORD-10107,CUST-1139,Desktop,Electronics,West,Retail,8,85133,0.05,647010.8,96033.52
2025-01-14,ORD-10108,CUST-1013,Desktop,Electronics,North,Online,1,68313,0.11,60798.57,11103.72
2025-01-14,ORD-10109,CUST-1089,Smartphone,Electronics,West,Distributor,1,50325,0.09,45795.75,9604.68
2025-01-15,ORD-10110,CUST-1416,Tablet,Electronics,West,Online,5,26894,0.15,114299.5,17613.6
2025-01-15,ORD-10111,CUST-1439,Tablet,Electronics,South,Retail,6,41761,0.05,238037.7,46160.91
2025-01-15,ORD-10112,CUST-1389,Printer,Office Equipment,North,Retail,8,17444,0.1,125596.8,18597.98
2025-01-15,ORD-10113,CUST-1206,Desktop,Electronics,North,Distributor,6,56541,0.05,322283.7,78937.4
2025-01-15,ORD-10114,CUST-1318,Webcam,Accessories,West,Distributor,8,8270,0.01,65498.4,11012.55
2025-01-15,ORD-10115,CUST-1147,Tablet,Electronics,West,Distributor,1,28340,0.04,27206.4,2782.46
2025-01-15,ORD-10116,CUST-1122,Tablet,Electronics,South,Retail,2,16891,0.15,28714.7,5269.38
2025-01-15,ORD-10117,CUST-1430,Webcam,Accessories,North,Retail,1,10548,0.06,9915.12,1171.96
2025-01-16,ORD-10118,CUST-1361,Desktop,Electronics,East,Retail,3,72661,0.14,187465.38,24298.6
2025-01-16,ORD-10119,CUST-1097,Tablet,Electronics,South,Online,8,30973,0.07,230439.12,24101.43
2025-01-16,ORD-10120,CUST-1420,Mouse,Accessories,North,Retail,7,1792,0.14,10787.84,1794.18
2025-01-16,ORD-10121,CUST-1170,Mouse,Accessories,West,Retail,8,1008,0.07,7499.52,1217.46
2025-01-16,ORD-10122,CUST-1397,Headphones,Accessories,West,Online,4,4912,0.09,17879.68,2140.3
2025-01-16,ORD-10123,CUST-1420,Headphones,Accessories,South,Retail,8,7246,0.06,54489.92,10507.13
2025-01-16,ORD-10124,CUST-1051,Laptop,Electronics,West,Online,3,115836,0.14,298856.88,40775.76
2025-01-16,ORD-10125,CUST-1335,Webcam,Accessories,South,Online,8,1751,0.11,12467.12,1866.28
2025-01-17,ORD-10126,CUST-1041,Tablet,Electronics,East,Distributor,5,37187,0.09,169200.85,24969.34
2025-01-17,ORD-10127,CUST-1249,Webcam,Accessories,North,Distributor,7,6688,0.09,42602.56,9835.42
2025-01-17,ORD-10128,CUST-1116,Desktop,Electronics,North,Retail,4,81363,0.1,292906.8,37742.34
2025-01-17,ORD-10129,CUST-1014,Desktop,Electronics,North,Retail,2,69076,0.02,135388.96,17723.66
2025-01-17,ORD-10130,CUST-1271,Laptop,Electronics,West,Distributor,5,96984,0.06,455824.8,47746.22
2025-01-17,ORD-10131,CUST-1317,Monitor,Electronics,South,Retail,3,15736,0.01,46735.92,10657.79
2025-01-17,ORD-10132,CUST-1130,Smartphone,Electronics,North,Retail,3,45433,0.07,126758.07,15613.57
2025-01-17,ORD-10133,CUST-1300,Mouse,Accessories,East,Distributor,9,1047,0.01,9328.77,2245.34
2025-01-18,ORD-10134,CUST-1196,Printer,Office Equipment,West,Online,5,22969,0.13,99915.15,11377.03
2025-01-18,ORD-10135,CUST-1151,Keyboard,Accessories,North,Distributor,7,3740,0.09,23823.8,5926.35
2025-01-18,ORD-10136,CUST-1381,Printer,Office Equipment,North,Distributor,5,8265,0.08,38019.0,7474.0
2025-01-18,ORD-10137,CUST-1325,Tablet,Electronics,South,Distributor,5,30081,0.09,136868.55,19147.17
2025-01-18,ORD-10138,CUST-1020,Mouse,Accessories,East,Retail,3,2973,0.01,8829.81,1648.24
2025-01-18,ORD-10139,CUST-1382,Laptop,Electronics,West,Online,6,67224,0.01,399310.56,51977.77
2025-01-18,ORD-10140,CUST-1425,Keyboard,Accessories,South,Retail,3,3797,0.08,10479.72,2465.8
2025-01-18,ORD-10141,CUST-1038,Tablet,Electronics,South,Online,5,37198,0.12,163671.2,26124.6
2025-01-19,ORD-10142,CUST-1135,Printer,Office Equipment,North,Retail,9,19985,0.01,178066.35,26189.58
2025-01-19,ORD-10143,CUST-1055,Headphones,Accessories,South,Retail,5,7242,0.12,31864.8,7642.76
2025-01-19,ORD-10144,CUST-1032,Laptop,Electronics,West,Distributor,9,92992,0.14,719758.08,84666.89
2025-01-19,ORD-10145,CUST-1155,Mouse,Accessories,West,Online,7,877,0.02,6016.22,1449.09
2025-01-19,ORD-10146,CUST-1343,Desktop,Electronics,West,Distributor,4,75228,0.02,294893.76,46333.54
2025-01-19,ORD-10147,CUST-1208,Monitor,Electronics,East,Online,7,31460,0.01,218017.8,35578.11
2025-01-19,ORD-10148,CUST-1185,Headphones,Accessories,North,Distributor,4,8264,0.07,30742.08,3693.33
2025-01-19,ORD-10149,CUST-1495,Headphones,Accessories,North,Retail,9,6876,0.01,61265.16,7774.54
2025-01-20,ORD-10150,CUST-1025,Desktop,Electronics,East,Online,4,82054,0.1,295394.4,72396.99
2025-01-20,ORD-10151,CUST-1300,Monitor,Electronics,South,Online,4,12248,0.12,43112.96,7510.94
2025-01-20,ORD-10152,CUST-1066,Headphones,Accessories,East,Online,3,1046,0.04,3012.48,744.94
2025-01-20,ORD-10153,CUST-1121,Desktop,Electronics,East,Online,1,48637,0.0,48637.0,10422.78
2025-01-20,ORD-10154,CUST-1058,Monitor,Electronics,North,Retail,5,11717,0.02,57413.3,8701.75
2025-01-20,ORD-10155,CUST-1113,Tablet,Electronics,North,Distributor,6,48635,0.09,265547.1,41648.65
2025-01-20,ORD-10156,CUST-1245,Webcam,Accessories,West,Retail,5,9004,0.1,40518.0,3456.01
2025-01-21,ORD-10157,CUST-1041,Desktop,Electronics,East,Distributor,8,86687,0.14,596406.56,55163.68
2025-01-21,ORD-10158,CUST-1280,Monitor,Electronics,East,Retail,2,14135,0.04,27139.2,5091.94
2025-01-21,ORD-10159,CUST-1050,Smartphone,Electronics,North,Distributor,9,53652,0.07,449067.24,82144.53
2025-01-21,ORD-10160,CUST-1173,Webcam,Accessories,West,Retail,4,8546,0.07,31791.12,3778.18
2025-01-21,ORD-10161,CUST-1191,Printer,Office Equipment,South,Distributor,2,18241,0.06,34293.08,6620.91
2025-01-21,ORD-10162,CUST-1049,Tablet,Electronics,East,Online,2,20978,0.12,36921.28,3538.87
2025-01-21,ORD-10163,CUST-1343,Webcam,Accessories,North,Retail,1,11108,0.14,9552.88,1676.4
2025-01-21,ORD-10164,CUST-1180,Headphones,Accessories,North,Distributor,7,1842,0.15,10959.9,1995.47
2025-01-22,ORD-10165,CUST-1055,Webcam,Accessories,East,Distributor,4,4035,0.1,14526.0,1715.83
2025-01-22,ORD-10166,CUST-1432,Headphones,Accessories,North,Distributor,2,5564,0.09,10126.48,2199.75
2025-01-22,ORD-10167,CUST-1471,Mouse,Accessories,East,Retail,1,1138,0.04,1092.48,228.99
2025-01-22,ORD-10168,CUST-1072,Laptop,Electronics,North,Online,3,68776,0.08,189821.76,28118.93
2025-01-22,ORD-10169,CUST-1189,Webcam,Accessories,East,Distributor,4,7663,0.06,28812.88,3974.8
2025-01-22,ORD-10170,CUST-1025,Headphones,Accessories,North,Retail,2,1861,0.02,3647.56,759.62
2025-01-22,ORD-10171,CUST-1110,Tablet,Electronics,North,Retail,7,46828,0.09,298294.36,44866.82
2025-01-22,ORD-10172,CUST-1269,Printer,Office Equipment,East,Online,2,17281,0.1,31105.8,5624.95
2025-01-23,ORD-10173,CUST-1108,Keyboard,Accessories,South,Retail,7,1248,0.0,8736.0,1146.52
2025-01-23,ORD-10174,CUST-1089,Mouse,Accessories,South,Retail,6,891,0.0,5346.0,1106.58
2025-01-23,ORD-10175,CUST-1181,Webcam,Accessories,North,Retail,4,9696,0.08,35681.28,6906.76
2025-01-23,ORD-10176,CUST-1160,Laptop,Electronics,West,Distributor,7,52456,0.07,341488.56,31839.25
2025-01-23,ORD-10177,CUST-1166,Printer,Office Equipment,South,Distributor,7,17486,0.02,119953.96,10021.63
2025-01-23,ORD-10178,CUST-1223,Tablet,Electronics,West,Distributor,6,20775,0.07,115924.5,11360.22
2025-01-23,ORD-10179,CUST-1398,Desktop,Electronics,South,Online,7,60334,0.11,375880.82,44228.86
2025-01-23,ORD-10180,CUST-1178,Webcam,Accessories,East,Distributor,2,10193,0.08,18755.12,4388.83
2025-01-24,ORD-10181,CUST-1308,Monitor,Electronics,South,Distributor,4,13368,0.02,52402.56,5949.59
2025-01-24,ORD-10182,CUST-1389,Desktop,Electronics,West,Distributor,3,81153,0.07,226416.87,47152.62
2025-01-24,ORD-10183,CUST-1240,Smartphone,Electronics,West,Distributor,6,97210,0.05,554097.0,85751.87
2025-01-24,ORD-10184,CUST-1158,Mouse,Accessories,West,Retail,5,2822,0.01,13968.9,2322.29
2025-01-24,ORD-10185,CUST-1442,Laptop,Electronics,North,Distributor,1,98331,0.12,86531.28,8051.24
2025-01-24,ORD-10186,CUST-1405,Smartphone,Electronics,North,Retail,9,65394,0.07,547347.78,95366.47
2025-01-24,ORD-10187,CUST-1490,Smartphone,Electronics,North,Retail,4,57143,0.09,208000.52,34368.43
2025-01-24,ORD-10188,CUST-1020,Desktop,Electronics,South,Distributor,6,86813,0.01,515669.22,97895.47
2025-01-25,ORD-10189,CUST-1190,Tablet,Electronics,East,Retail,8,49345,0.08,363179.2,38855.4
2025-01-25,ORD-10190,CUST-1331,Printer,Office Equipment,East,Online,6,30246,0.09,165143.16,35368.48
2025-01-25,ORD-10191,CUST-1336,Headphones,Accessories,South,Retail,2,7333,0.04,14079.36,2858.6
2025-01-25,ORD-10192,CUST-1339,Desktop,Electronics,West,Online,3,62925,0.05,179336.25,34348.15
2025-01-25,ORD-10193,CUST-1168,Smartphone,Electronics,South,Distributor,2,55577,0.08,102261.68,19367.73
2025-01-25,ORD-10194,CUST-1158,Webcam,Accessories,South,Online,2,8437,0.08,15524.08,1290.04
2025-01-25,ORD-10195,CUST-1039,Headphones,Accessories,East,Online,8,4145,0.03,32165.2,3325.43
2025-01-25,ORD-10196,CUST-1392,Webcam,Accessories,South,Distributor,9,10126,0.01,90222.66,12383.05
2025-01-26,ORD-10197,CUST-1319,Printer,Office Equipment,South,Distributor,3,13316,0.03,38749.56,7664.03
2025-01-26,ORD-10198,CUST-1496,Tablet,Electronics,West,Distributor,1,41926,0.05,39829.7,8058.73
2025-01-26,ORD-10199,CUST-1414,Mouse,Accessories,West,Online,8,1358,0.08,9994.88,1325.42
2025-01-26,ORD-10200,CUST-1257,Headphones,Accessories,West,Online,8,8564,0.12,60290.56,12798.55
2025-01-26,ORD-10201,CUST-1190,Keyboard,Accessories,North,Distributor,3,2848,0.01,8458.56,1367.75
2025-01-26,ORD-10202,CUST-1230,Webcam,Accessories,South,Retail,2,6170,0.01,12216.6,1310.27
2025-01-26,ORD-10203,CUST-1212,Desktop,Electronics,North,Retail,4,69565,0.13,242086.2,57660.15
2025-01-26,ORD-10204,CUST-1114,Webcam,Accessories,North,Retail,6,5362,0.06,30241.68,2838.87
2025-01-27,ORD-10205,CUST-1424,Desktop,Electronics,West,Distributor,6,49571,0.02,291477.48,37533.41
2025-01-27,ORD-10206,CUST-1009,Monitor,Electronics,East,Online,8,24699,0.09,179808.72,42074.48
2025-01-27,ORD-10207,CUST-1397,Monitor,Electronics,East,Online,9,33830,0.09,277067.7,42101.35
2025-01-27,ORD-10208,CUST-1318,Mouse,Accessories,West,Online,2,595,0.04,1142.4,215.48
2025-01-27,ORD-10209,CUST-1294,Desktop,Electronics,South,Distributor,8,79107,0.08,582227.52,109128.27
2025-01-27,ORD-10210,CUST-1292,Monitor,Electronics,West,Online,5,24065,0.0,120325.0,16842.94
2025-01-27,ORD-10211,CUST-1259,Desktop,Electronics,North,Retail,9,63632,0.01,566961.12,96060.28
2025-01-28,ORD-10212,CUST-1382,Tablet,Electronics,North,Retail,1,56659,0.06,53259.46,7640.68
2025-01-28,ORD-10213,CUST-1395,Desktop,Electronics,East,Online,6,55802,0.11,297982.68,55664.26
2025-01-28,ORD-10214,CUST-1398,Laptop,Electronics,West,Distributor,6,94374,0.12,498294.72,54695.4
2025-01-28,ORD-10215,CUST-1234,Tablet,Electronics,North,Retail,3,23837,0.01,70795.89,15005.36
2025-01-28,ORD-10216,CUST-1158,Keyboard,Accessories,West,Distributor,1,2434,0.13,2117.58,283.02
2025-01-28,ORD-10217,CUST-1182,Tablet,Electronics,North,Distributor,5,17399,0.11,77425.55,8709.41
2025-01-28,ORD-10218,CUST-1204,Headphones,Accessories,West,Retail,5,3039,0.12,13371.6,2062.99
2025-01-28,ORD-10219,CUST-1408,Headphones,Accessories,East,Online,3,9129,0.1,24648.3,3511.13
2025-01-29,ORD-10220,CUST-1279,Printer,Office Equipment,East,Retail,2,22110,0.09,40240.2,8844.72
2025-01-29,ORD-10221,CUST-1308,Desktop,Electronics,West,Online,2,61490,0.1,110682.0,14621.57
2025-01-29,ORD-10222,CUST-1180,Tablet,Electronics,West,Retail,6,44303,0.01,263159.82,59975.79
2025-01-29,ORD-10223,CUST-1347,Laptop,Electronics,South,Online,2,103242,0.05,196159.8,42407.06
2025-01-29,ORD-10224,CUST-1330,Monitor,Electronics,East,Retail,8,11140,0.02,87337.6,10490.92
2025-01-29,ORD-10225,CUST-1189,Printer,Office Equipment,East,Retail,1,27827,0.02,27270.46,4267.47
2025-01-29,ORD-10226,CUST-1142,Desktop,Electronics,South,Online,3,74698,0.06,210648.36,28110.08
2025-01-29,ORD-10227,CUST-1060,Laptop,Electronics,East,Retail,3,115410,0.08,318531.6,74951.19
2025-01-30,ORD-10228,CUST-1251,Tablet,Electronics,South,Online,4,55099,0.04,211580.16,49890.9
2025-01-30,ORD-10229,CUST-1044,Monitor,Electronics,East,Distributor,2,24812,0.03,48135.28,9688.33
2025-01-30,ORD-10230,CUST-1080,Headphones,Accessories,South,Retail,2,9882,0.04,18973.44,2485.38
2025-01-30,ORD-10231,CUST-1121,Webcam,Accessories,West,Online,4,3488,0.15,11859.2,2545.59
2025-01-30,ORD-10232,CUST-1066,Headphones,Accessories,North,Online,9,7044,0.07,58958.28,14569.3
2025-01-30,ORD-10233,CUST-1421,Mouse,Accessories,North,Online,7,2360,0.08,15198.4,3203.18
2025-01-30,ORD-10234,CUST-1065,Headphones,Accessories,South,Online,2,8372,0.07,15571.92,2615.32
2025-01-30,ORD-10235,CUST-1155,Printer,Office Equipment,South,Online,9,9815,0.12,77734.8,13065.46
2025-01-31,ORD-10236,CUST-1145,Headphones,Accessories,North,Retail,4,6669,0.14,22941.36,3859.03
2025-01-31,ORD-10237,CUST-1273,Keyboard,Accessories,North,Distributor,9,3048,0.02,26883.36,3534.63
2025-01-31,ORD-10238,CUST-1309,Monitor,Electronics,East,Distributor,3,15609,0.1,42144.3,8534.54
2025-01-31,ORD-10239,CUST-1295,Laptop,Electronics,East,Distributor,1,60646,0.01,60039.54,11350.3
2025-01-31,ORD-10240,CUST-1148,Keyboard,Accessories,East,Retail,7,1048,0.07,6822.48,1273.2
2025-01-31,ORD-10241,CUST-1080,Keyboard,Accessories,West,Retail,7,3236,0.07,21066.36,4151.43
2025-01-31,ORD-10242,CUST-1441,Tablet,Electronics,East,Distributor,8,28370,0.05,215612.0,22515.0
2025-01-31,ORD-10243,CUST-1054,Headphones,Accessories,East,Online,7,3142,0.11,19574.66,3279.67
2025-02-01,ORD-10244,CUST-1025,Tablet,Electronics,East,Retail,2,32529,0.07,60503.94,6289.34
2025-02-01,ORD-10245,CUST-1416,Smartphone,Electronics,East,Distributor,7,47541,0.14,286196.82,66796.29
2025-02-01,ORD-10246,CUST-1255,Headphones,Accessories,East,Retail,4,3610,0.07,13429.2,2249.43
2025-02-01,ORD-10247,CUST-1110,Laptop,Electronics,East,Online,2,101543,0.08,186839.12,45651.66
2025-02-01,ORD-10248,CUST-1344,Laptop,Electronics,West,Retail,5,114866,0.09,522640.3,116697.45
2025-02-01,ORD-10249,CUST-1372,Webcam,Accessories,East,Retail,1,3261,0.06,3065.34,705.08
2025-02-01,ORD-10250,CUST-1185,Headphones,Accessories,East,Online,1,7563,0.01,7487.37,1314.1
2025-02-01,ORD-10251,CUST-1319,Printer,Office Equipment,North,Online,9,22757,0.11,182283.57,23250.73
2025-02-02,ORD-10252,CUST-1480,Desktop,Electronics,East,Online,7,64457,0.12,397055.12,54652.45
2025-02-02,ORD-10253,CUST-1070,Keyboard,Accessories,East,Retail,9,4088,0.08,33848.64,2968.58
2025-02-02,ORD-10254,CUST-1167,Webcam,Accessories,East,Online,8,3940,0.09,28683.2,4808.34
2025-02-02,ORD-10255,CUST-1272,Printer,Office Equipment,West,Distributor,5,27455,0.05,130411.25,28796.0
2025-02-02,ORD-10256,CUST-1344,Smartphone,Electronics,North,Retail,5,77245,0.12,339878.0,48473.68
2025-02-02,ORD-10257,CUST-1495,Smartphone,Electronics,South,Distributor,5,97478,0.0,487390.0,78313.99
2025-02-02,ORD-10258,CUST-1396,Laptop,Electronics,West,Online,8,72349,0.08,532488.64,107882.77
2025-02-03,ORD-10259,CUST-1214,Keyboard,Accessories,South,Retail,1,1700,0.03,1649.0,255.56
2025-02-03,ORD-10260,CUST-1446,Keyboard,Accessories,North,Distributor,7,4910,0.12,30245.6,7152.74
2025-02-03,ORD-10261,CUST-1244,Monitor,Electronics,West,Retail,9,16794,0.08,139054.32,34719.21
2025-02-03,ORD-10262,CUST-1346,Monitor,Electronics,East,Distributor,8,39888,0.08,293575.68,50749.38
2025-02-03,ORD-10263,CUST-1482,Tablet,Electronics,East,Retail,4,31155,0.04,119635.2,15641.69
2025-02-03,ORD-10264,CUST-1478,Keyboard,Accessories,East,Retail,8,3397,0.07,25273.68,4430.04
2025-02-03,ORD-10265,CUST-1176,Desktop,Electronics,South,Retail,9,64883,0.13,508033.89,74716.81
2025-02-03,ORD-10266,CUST-1131,Laptop,Electronics,West,Online,5,60358,0.05,286700.5,44497.05
2025-02-04,ORD-10267,CUST-1070,Keyboard,Accessories,North,Distributor,9,3021,0.14,23382.54,4637.91
2025-02-04,ORD-10268,CUST-1115,Smartphone,Electronics,South,Online,4,46779,0.01,185244.84,43325.31
2025-02-04,ORD-10269,CUST-1394,Desktop,Electronics,South,Online,7,61646,0.11,384054.58,37288.87
2025-02-04,ORD-10270,CUST-1243,Webcam,Accessories,West,Distributor,3,8166,0.1,22048.2,5064.69
2025-02-04,ORD-10271,CUST-1393,Keyboard,Accessories,North,Distributor,5,3431,0.04,16468.8,1483.14
2025-02-04,ORD-10272,CUST-1019,Smartphone,Electronics,South,Retail,4,85143,0.11,303109.08,68065.15
2025-02-04,ORD-10273,CUST-1479,Monitor,Electronics,East,Online,1,37400,0.06,35156.0,5773.15
2025-02-04,ORD-10274,CUST-1232,Laptop,Electronics,West,Online,5,64064,0.14,275475.2,37728.3
2025-02-05,ORD-10275,CUST-1083,Webcam,Accessories,West,Distributor,8,5970,0.03,46327.2,4593.34
2025-02-05,ORD-10276,CUST-1290,Mouse,Accessories,South,Online,3,457,0.11,1220.19,261.65
2025-02-05,ORD-10277,CUST-1342,Smartphone,Electronics,North,Online,7,71059,0.08,457619.96,43357.4
2025-02-05,ORD-10278,CUST-1196,Monitor,Electronics,South,Retail,8,20603,0.14,141748.64,11504.48
2025-02-05,ORD-10279,CUST-1133,Mouse,Accessories,East,Distributor,6,1636,0.09,8932.56,1584.54
2025-02-05,ORD-10280,CUST-1351,Keyboard,Accessories,East,Distributor,1,1768,0.07,1644.24,176.18
2025-02-05,ORD-10281,CUST-1068,Desktop,Electronics,West,Online,5,64087,0.09,291595.85,34190.16
2025-02-05,ORD-10282,CUST-1387,Tablet,Electronics,South,Online,6,42252,0.11,225625.68,53061.63
2025-02-06,ORD-10283,CUST-1039,Smartphone,Electronics,North,Online,2,83879,0.07,156014.94,31146.86
2025-02-06,ORD-10284,CUST-1167,Webcam,Accessories,West,Online,9,4812,0.09,39410.28,4156.8
2025-02-06,ORD-10285,CUST-1028,Keyboard,Accessories,West,Online,8,1544,0.13,10746.24,1673.53
2025-02-06,ORD-10286,CUST-1344,Webcam,Accessories,East,Distributor,7,8984,0.08,57856.96,10124.71
2025-02-06,ORD-10287,CUST-1296,Laptop,Electronics,North,Online,7,83352,0.12,513448.32,106174.32
2025-02-06,ORD-10288,CUST-1478,Printer,Office Equipment,North,Retail,6,30950,0.01,183843.0,45777.09
2025-02-06,ORD-10289,CUST-1328,Laptop,Electronics,West,Retail,5,103591,0.03,502416.35,51760.39
2025-02-06,ORD-10290,CUST-1338,Printer,Office Equipment,South,Distributor,8,20369,0.06,153174.88,30032.1
2025-02-07,ORD-10291,CUST-1065,Headphones,Accessories,South,Online,2,3924,0.15,6670.8,979.41
2025-02-07,ORD-10292,CUST-1272,Laptop,Electronics,West,Online,5,110686,0.1,498087.0,85947.75
2025-02-07,ORD-10293,CUST-1448,Keyboard,Accessories,North,Online,8,3635,0.02,28498.4,3193.01
2025-02-07,ORD-10294,CUST-1017,Printer,Office Equipment,West,Distributor,1,15886,0.03,15409.42,1497.06
2025-02-07,ORD-10295,CUST-1111,Laptop,Electronics,North,Online,4,55798,0.06,209800.48,25142.0
2025-02-07,ORD-10296,CUST-1163,Webcam,Accessories,East,Online,5,5336,0.12,23478.4,4798.0
2025-02-07,ORD-10297,CUST-1031,Mouse,Accessories,South,Distributor,3,2535,0.03,7376.85,967.0
2025-02-07,ORD-10298,CUST-1329,Printer,Office Equipment,West,Distributor,9,24240,0.01,215978.4,29923.92
2025-02-08,ORD-10299,CUST-1386,Headphones,Accessories,West,Online,7,7688,0.02,52739.68,7594.42
2025-02-08,ORD-10300,CUST-1287,Keyboard,Accessories,West,Retail,5,1982,0.12,8720.8,2053.8
2025-02-08,ORD-10301,CUST-1169,Webcam,Accessories,North,Retail,9,3696,0.06,31268.16,3856.9
2025-02-08,ORD-10302,CUST-1137,Headphones,Accessories,West,Distributor,2,9775,0.11,17399.5,1955.39
2025-02-08,ORD-10303,CUST-1370,Smartphone,Electronics,South,Retail,1,24539,0.03,23802.83,4986.42
2025-02-08,ORD-10304,CUST-1479,Keyboard,Accessories,South,Distributor,6,3283,0.14,16940.28,1399.38
2025-02-08,ORD-10305,CUST-1203,Desktop,Electronics,South,Distributor,8,55898,0.1,402465.6,80348.5
2025-02-08,ORD-10306,CUST-1157,Headphones,Accessories,East,Retail,5,7236,0.07,33647.4,6402.52
2025-02-09,ORD-10307,CUST-1240,Webcam,Accessories,East,Online,8,9135,0.01,72349.2,17857.53
2025-02-09,ORD-10308,CUST-1379,Headphones,Accessories,South,Online,6,7781,0.01,46219.14,10486.87
2025-02-09,ORD-10309,CUST-1078,Mouse,Accessories,South,Retail,9,2792,0.09,22866.48,3452.57
2025-02-09,ORD-10310,CUST-1350,Keyboard,Accessories,East,Retail,7,2813,0.07,18312.63,3502.9
2025-02-09,ORD-10311,CUST-1086,Tablet,Electronics,South,Distributor,8,45200,0.03,350752.0,75462.83
2025-02-09,ORD-10312,CUST-1328,Webcam,Accessories,North,Distributor,8,4515,0.14,31063.2,5347.94
2025-02-09,ORD-10313,CUST-1431,Laptop,Electronics,South,Online,2,56358,0.11,100317.24,15058.29
2025-02-10,ORD-10314,CUST-1316,Monitor,Electronics,West,Distributor,1,17167,0.08,15793.64,2265.5
2025-02-10,ORD-10315,CUST-1008,Tablet,Electronics,East,Distributor,1,15433,0.08,14198.36,2128.73
2025-02-10,ORD-10316,CUST-1412,Mouse,Accessories,South,Online,1,2457,0.12,2162.16,420.73
2025-02-10,ORD-10317,CUST-1129,Desktop,Electronics,East,Retail,9,49758,0.04,429909.12,79689.13
2025-02-10,ORD-10318,CUST-1124,Printer,Office Equipment,South,Retail,2,20224,0.14,34785.28,5497.1
2025-02-10,ORD-10319,CUST-1243,Desktop,Electronics,North,Distributor,1,46127,0.06,43359.38,6248.9
2025-02-10,ORD-10320,CUST-1401,Laptop,Electronics,East,Distributor,3,60837,0.07,169735.23,26099.28
2025-02-10,ORD-10321,CUST-1354,Desktop,Electronics,West,Retail,9,42788,0.03,373539.24,87115.48
2025-02-11,ORD-10322,CUST-1016,Laptop,Electronics,South,Retail,2,86749,0.13,150943.26,26535.32
2025-02-11,ORD-10323,CUST-1203,Laptop,Electronics,North,Retail,4,68899,0.11,245280.44,49340.84
2025-02-11,ORD-10324,CUST-1459,Monitor,Electronics,East,Retail,4,28569,0.13,99420.12,14530.91
2025-02-11,ORD-10325,CUST-1050,Monitor,Electronics,West,Online,2,26409,0.11,47008.02,6524.53
2025-02-11,ORD-10326,CUST-1203,Desktop,Electronics,East,Online,6,79660,0.12,420604.8,101923.45
2025-02-11,ORD-10327,CUST-1192,Mouse,Accessories,West,Online,8,2409,0.03,18693.84,3253.03
2025-02-11,ORD-10328,CUST-1126,Smartphone,Electronics,North,Online,7,26232,0.12,161589.12,21041.25
2025-02-11,ORD-10329,CUST-1378,Mouse,Accessories,West,Retail,3,1956,0.11,5222.52,980.6
2025-02-12,ORD-10330,CUST-1184,Headphones,Accessories,East,Online,2,2499,0.0,4998.0,661.76
2025-02-12,ORD-10331,CUST-1262,Monitor,Electronics,West,Online,2,16140,0.06,30343.2,5300.58
2025-02-12,ORD-10332,CUST-1401,Laptop,Electronics,East,Retail,2,96388,0.08,177353.92,32185.69
2025-02-12,ORD-10333,CUST-1461,Laptop,Electronics,South,Distributor,5,104238,0.06,489918.6,46247.79
2025-02-12,ORD-10334,CUST-1137,Webcam,Accessories,West,Online,3,7737,0.03,22514.67,2830.46
2025-02-12,ORD-10335,CUST-1400,Desktop,Electronics,North,Retail,3,68486,0.04,197239.68,25830.09
2025-02-12,ORD-10336,CUST-1234,Mouse,Accessories,North,Online,4,2960,0.07,11011.2,2035.24
2025-02-12,ORD-10337,CUST-1411,Mouse,Accessories,East,Retail,1,2020,0.05,1919.0,355.85
2025-02-13,ORD-10338,CUST-1355,Headphones,Accessories,South,Retail,7,3230,0.05,21479.5,3920.99
2025-02-13,ORD-10339,CUST-1355,Headphones,Accessories,West,Distributor,3,7524,0.15,19186.2,2485.5
2025-02-13,ORD-10340,CUST-1186,Keyboard,Accessories,North,Distributor,6,3880,0.04,22348.8,4773.64
2025-02-13,ORD-10341,CUST-1487,Keyboard,Accessories,West,Distributor,9,2273,0.1,18411.3,3194.67
2025-02-13,ORD-10342,CUST-1434,Keyboard,Accessories,West,Distributor,8,3186,0.12,22429.44,2058.06
2025-02-13,ORD-10343,CUST-1078,Tablet,Electronics,West,Retail,3,56506,0.05,161042.1,19801.07
2025-02-13,ORD-10344,CUST-1259,Desktop,Electronics,West,Distributor,8,79186,0.07,589143.84,87273.92
2025-02-13,ORD-10345,CUST-1340,Laptop,Electronics,East,Online,6,61138,0.02,359491.44,43929.59
2025-02-14,ORD-10346,CUST-1204,Smartphone,Electronics,East,Retail,1,88822,0.15,75498.7,14735.1
2025-02-14,ORD-10347,CUST-1265,Desktop,Electronics,South,Retail,1,46462,0.04,44603.52,7440.53
2025-02-14,ORD-10348,CUST-1256,Headphones,Accessories,South,Retail,7,8586,0.12,52889.76,9523.35
2025-02-14,ORD-10349,CUST-1043,Laptop,Electronics,North,Distributor,8,63703,0.04,489239.04,115701.65
2025-02-14,ORD-10350,CUST-1266,Monitor,Electronics,West,Retail,6,20220,0.05,115254.0,24586.66
2025-02-14,ORD-10351,CUST-1034,Tablet,Electronics,East,Online,2,43715,0.11,77812.7,12210.06
2025-02-14,ORD-10352,CUST-1084,Desktop,Electronics,South,Distributor,1,62483,0.1,56234.7,10972.16
2025-02-14,ORD-10353,CUST-1236,Monitor,Electronics,South,Retail,9,15247,0.05,130361.85,19877.94
2025-02-15,ORD-10354,CUST-1377,Monitor,Electronics,South,Retail,3,30987,0.1,83664.9,12319.57
2025-02-15,ORD-10355,CUST-1142,Smartphone,Electronics,North,Distributor,7,65965,0.0,461755.0,53801.54
2025-02-15,ORD-10356,CUST-1058,Desktop,Electronics,East,Distributor,9,52252,0.05,446754.6,50707.82
2025-02-15,ORD-10357,CUST-1200,Tablet,Electronics,North,Retail,9,56884,0.05,486358.2,71041.7
2025-02-15,ORD-10358,CUST-1152,Headphones,Accessories,North,Distributor,8,3826,0.12,26935.04,5387.49
2025-02-15,ORD-10359,CUST-1191,Monitor,Electronics,South,Distributor,6,13862,0.04,79845.12,7975.04
2025-02-15,ORD-10360,CUST-1095,Printer,Office Equipment,West,Distributor,7,27543,0.02,188944.98,27440.61
2025-02-16,ORD-10361,CUST-1095,Webcam,Accessories,East,Retail,3,10591,0.03,30819.81,3978.9
2025-02-16,ORD-10362,CUST-1099,Smartphone,Electronics,West,Distributor,1,62059,0.14,53370.74,8666.53
2025-02-16,ORD-10363,CUST-1430,Webcam,Accessories,West,Retail,8,8203,0.1,59061.6,8898.05
2025-02-16,ORD-10364,CUST-1149,Monitor,Electronics,North,Retail,2,28526,0.0,57052.0,11945.53
2025-02-16,ORD-10365,CUST-1380,Keyboard,Accessories,West,Distributor,9,3164,0.03,27621.72,4357.18
2025-02-16,ORD-10366,CUST-1421,Webcam,Accessories,East,Distributor,2,10883,0.02,21330.68,4517.18
2025-02-16,ORD-10367,CUST-1424,Laptop,Electronics,South,Retail,8,78644,0.15,534779.2,52093.27
2025-02-16,ORD-10368,CUST-1224,Laptop,Electronics,North,Online,8,84447,0.05,641797.2,140453.38
2025-02-17,ORD-10369,CUST-1105,Keyboard,Accessories,South,Online,6,4307,0.02,25325.16,2625.46
2025-02-17,ORD-10370,CUST-1165,Smartphone,Electronics,East,Retail,6,84767,0.04,488257.92,83780.5
2025-02-17,ORD-10371,CUST-1048,Smartphone,Electronics,South,Retail,5,82425,0.15,350306.25,68478.18
2025-02-17,ORD-10372,CUST-1074,Laptop,Electronics,East,Online,5,66631,0.11,296507.95,30409.1
2025-02-17,ORD-10373,CUST-1212,Printer,Office Equipment,West,Retail,8,12658,0.09,92150.24,11581.62
2025-02-17,ORD-10374,CUST-1479,Desktop,Electronics,East,Retail,2,66401,0.08,122177.84,15553.04
2025-02-17,ORD-10375,CUST-1375,Tablet,Electronics,North,Distributor,6,53139,0.0,318834.0,67466.23
2025-02-17,ORD-10376,CUST-1495,Tablet,Electronics,West,Online,6,19150,0.12,101112.0,14925.31
2025-02-18,ORD-10377,CUST-1295,Tablet,Electronics,South,Distributor,5,36159,0.12,159099.6,21863.21
2025-02-18,ORD-10378,CUST-1320,Tablet,Electronics,West,Online,6,59731,0.11,318963.54,28008.28
2025-02-18,ORD-10379,CUST-1219,Desktop,Electronics,South,Distributor,3,68920,0.07,192286.8,47804.9
2025-02-18,ORD-10380,CUST-1047,Monitor,Electronics,East,Retail,5,15209,0.13,66159.15,15151.85
2025-02-18,ORD-10381,CUST-1202,Desktop,Electronics,East,Distributor,6,83549,0.14,431112.84,46620.22
2025-02-18,ORD-10382,CUST-1244,Keyboard,Accessories,North,Online,7,1547,0.11,9637.81,772.8
2025-02-18,ORD-10383,CUST-1356,Smartphone,Electronics,East,Online,4,83084,0.1,299102.4,24400.41
2025-02-18,ORD-10384,CUST-1374,Printer,Office Equipment,North,Online,3,23653,0.01,70249.41,10194.73
2025-02-19,ORD-10385,CUST-1385,Headphones,Accessories,South,Distributor,6,5902,0.02,34703.76,7339.44
2025-02-19,ORD-10386,CUST-1084,Monitor,Electronics,West,Retail,2,27383,0.08,50384.72,9258.41
2025-02-19,ORD-10387,CUST-1111,Keyboard,Accessories,North,Online,3,4172,0.09,11389.56,1767.72
2025-02-19,ORD-10388,CUST-1219,Monitor,Electronics,East,Online,2,29319,0.11,52187.82,7293.82
2025-02-19,ORD-10389,CUST-1369,Keyboard,Accessories,East,Distributor,5,1490,0.04,7152.0,1302.88
2025-02-19,ORD-10390,CUST-1382,Laptop,Electronics,West,Retail,5,76928,0.08,353868.8,58961.21
2025-02-19,ORD-10391,CUST-1326,Laptop,Electronics,North,Distributor,4,114865,0.06,431892.4,52252.03
2025-02-19,ORD-10392,CUST-1291,Laptop,Electronics,West,Retail,6,91480,0.02,537902.4,121747.96
2025-02-20,ORD-10393,CUST-1008,Webcam,Accessories,North,Online,3,9217,0.14,23779.86,5016.66
2025-02-20,ORD-10394,CUST-1203,Mouse,Accessories,East,Distributor,4,563,0.14,1936.72,467.28
2025-02-20,ORD-10395,CUST-1274,Webcam,Accessories,South,Retail,7,8439,0.11,52574.97,4942.72
2025-02-20,ORD-10396,CUST-1413,Desktop,Electronics,South,Distributor,5,45178,0.08,207818.8,23804.31
2025-02-20,ORD-10397,CUST-1488,Headphones,Accessories,South,Online,7,2083,0.05,13851.95,2138.36
2025-02-20,ORD-10398,CUST-1028,Keyboard,Accessories,East,Distributor,2,4359,0.02,8543.64,1572.8
2025-02-20,ORD-10399,CUST-1083,Monitor,Electronics,West,Retail,2,10415,0.11,18538.7,3693.93
2025-02-20,ORD-10400,CUST-1399,Webcam,Accessories,East,Distributor,9,5747,0.03,50171.31,5096.31
2025-02-21,ORD-10401,CUST-1032,Desktop,Electronics,East,Distributor,1,61955,0.12,54520.4,6882.48
2025-02-21,ORD-10402,CUST-1255,Smartphone,Electronics,South,Retail,2,80031,0.07,148857.66,21021.84
2025-02-21,ORD-10403,CUST-1370,Monitor,Electronics,North,Online,5,35340,0.02,173166.0,30748.24
2025-02-21,ORD-10404,CUST-1023,Webcam,Accessories,West,Retail,1,2221,0.13,1932.27,158.62
2025-02-21,ORD-10405,CUST-1283,Printer,Office Equipment,West,Online,3,13864,0.14,35769.12,8075.68
2025-02-21,ORD-10406,CUST-1422,Headphones,Accessories,North,Distributor,4,7819,0.14,26897.36,3614.71
2025-02-21,ORD-10407,CUST-1114,Headphones,Accessories,North,Retail,2,9225,0.1,16605.0,1477.09
2025-02-21,ORD-10408,CUST-1044,Desktop,Electronics,West,Online,8,58501,0.12,411847.04,54700.96
2025-02-22,ORD-10409,CUST-1318,Headphones,Accessories,South,Retail,4,5777,0.08,21259.36,2799.1
2025-02-22,ORD-10410,CUST-1407,Headphones,Accessories,South,Online,8,4201,0.11,29911.12,5172.08
2025-02-22,ORD-10411,CUST-1429,Laptop,Electronics,North,Retail,7,53133,0.03,360773.07,50108.5
2025-02-22,ORD-10412,CUST-1121,Laptop,Electronics,West,Retail,7,90306,0.02,619499.16,105357.27
2025-02-22,ORD-10413,CUST-1459,Laptop,Electronics,West,Distributor,3,86677,0.01,257430.69,60912.39
2025-02-22,ORD-10414,CUST-1326,Headphones,Accessories,West,Online,8,2391,0.09,17406.48,2888.13
2025-02-22,ORD-10415,CUST-1149,Smartphone,Electronics,East,Retail,1,72014,0.1,64812.6,6625.17
2025-02-23,ORD-10416,CUST-1483,Printer,Office Equipment,South,Online,6,18422,0.07,102794.76,12305.96
2025-02-23,ORD-10417,CUST-1160,Smartphone,Electronics,West,Online,2,35369,0.02,69323.24,10843.98
2025-02-23,ORD-10418,CUST-1436,Webcam,Accessories,North,Online,6,4901,0.07,27347.58,4341.95
2025-02-23,ORD-10419,CUST-1110,Monitor,Electronics,East,Online,5,37079,0.11,165001.55,30122.92
2025-02-23,ORD-10420,CUST-1153,Desktop,Electronics,East,Online,4,63313,0.06,238056.88,21025.57
2025-02-23,ORD-10421,CUST-1048,Laptop,Electronics,West,Online,7,109270,0.08,703698.8,122106.2
2025-02-23,ORD-10422,CUST-1113,Monitor,Electronics,South,Online,2,10391,0.01,20574.18,4377.43
2025-02-23,ORD-10423,CUST-1298,Printer,Office Equipment,East,Online,6,30488,0.09,166464.48,31561.07
2025-02-24,ORD-10424,CUST-1065,Laptop,Electronics,North,Retail,2,75919,0.14,130580.68,20290.06
2025-02-24,ORD-10425,CUST-1221,Desktop,Electronics,West,Retail,1,70211,0.01,69508.89,16480.72
2025-02-24,ORD-10426,CUST-1095,Laptop,Electronics,East,Retail,7,105923,0.03,719217.17,83790.05
2025-02-24,ORD-10427,CUST-1331,Tablet,Electronics,East,Retail,3,17270,0.09,47147.1,8716.84
2025-02-24,ORD-10428,CUST-1070,Printer,Office Equipment,West,Online,9,23696,0.01,211131.36,26932.32
2025-02-24,ORD-10429,CUST-1009,Webcam,Accessories,West,Distributor,4,11834,0.15,40235.6,6937.49
2025-02-24,ORD-10430,CUST-1289,Headphones,Accessories,East,Retail,8,9921,0.12,69843.84,9672.38
2025-02-24,ORD-10431,CUST-1458,Mouse,Accessories,East,Online,3,506,0.05,1442.1,169.06
2025-02-25,ORD-10432,CUST-1498,Tablet,Electronics,South,Online,9,38424,0.12,304318.08,76059.12
2025-02-25,ORD-10433,CUST-1377,Keyboard,Accessories,North,Online,4,2983,0.08,10977.44,2354.77
2025-02-25,ORD-10434,CUST-1088,Smartphone,Electronics,South,Online,7,61504,0.14,370254.08,92031.14
2025-02-25,ORD-10435,CUST-1358,Smartphone,Electronics,East,Distributor,6,62026,0.14,320054.16,27139.03
2025-02-25,ORD-10436,CUST-1414,Smartphone,Electronics,West,Distributor,3,88807,0.14,229122.06,50919.73
2025-02-25,ORD-10437,CUST-1308,Mouse,Accessories,South,Online,3,2408,0.01,7151.76,640.43
2025-02-25,ORD-10438,CUST-1412,Webcam,Accessories,South,Retail,8,1511,0.05,11483.6,2117.61
2025-02-25,ORD-10439,CUST-1469,Monitor,Electronics,South,Online,6,11951,0.0,71706.0,12887.26
2025-02-26,ORD-10440,CUST-1202,Webcam,Accessories,North,Retail,6,2688,0.06,15160.32,3640.4
2025-02-26,ORD-10441,CUST-1223,Mouse,Accessories,West,Distributor,6,958,0.15,4885.8,999.15
2025-02-26,ORD-10442,CUST-1089,Headphones,Accessories,West,Retail,3,6846,0.03,19921.86,3588.36
2025-02-26,ORD-10443,CUST-1485,Mouse,Accessories,West,Distributor,3,1127,0.11,3009.09,726.08
2025-02-26,ORD-10444,CUST-1113,Laptop,Electronics,North,Retail,3,91709,0.14,236609.22,57846.31
2025-02-26,ORD-10445,CUST-1163,Monitor,Electronics,South,Distributor,6,34423,0.01,204472.62,28413.05
2025-02-26,ORD-10446,CUST-1354,Desktop,Electronics,North,Retail,6,69270,0.0,415620.0,48064.93
2025-02-26,ORD-10447,CUST-1214,Mouse,Accessories,South,Retail,2,405,0.01,801.9,123.89
2025-02-27,ORD-10448,CUST-1245,Tablet,Electronics,South,Online,7,38018,0.08,244835.92,23808.54
2025-02-27,ORD-10449,CUST-1487,Tablet,Electronics,North,Online,2,17189,0.04,33002.88,4428.39
2025-02-27,ORD-10450,CUST-1482,Headphones,Accessories,North,Retail,3,7151,0.02,21023.94,1949.98
2025-02-27,ORD-10451,CUST-1310,Smartphone,Electronics,West,Online,8,19062,0.06,143346.24,27396.04
2025-02-27,ORD-10452,CUST-1356,Laptop,Electronics,East,Distributor,2,93397,0.03,181190.18,20347.17
2025-02-27,ORD-10453,CUST-1281,Mouse,Accessories,West,Online,5,1372,0.01,6791.4,996.93
2025-02-27,ORD-10454,CUST-1338,Laptop,Electronics,West,Online,6,50500,0.06,284820.0,37047.51
2025-02-27,ORD-10455,CUST-1041,Desktop,Electronics,West,Online,1,53562,0.03,51955.14,6733.8
2025-02-28,ORD-10456,CUST-1046,Mouse,Accessories,West,Online,7,2328,0.07,15155.28,2915.52
2025-02-28,ORD-10457,CUST-1225,Headphones,Accessories,West,Retail,7,7052,0.03,47883.08,4193.83
2025-02-28,ORD-10458,CUST-1049,Keyboard,Accessories,North,Distributor,5,1304,0.02,6389.6,1267.7
2025-02-28,ORD-10459,CUST-1283,Headphones,Accessories,North,Retail,9,7782,0.15,59532.3,10730.91
2025-02-28,ORD-10460,CUST-1293,Webcam,Accessories,South,Retail,7,10273,0.1,64719.9,15479.8
2025-02-28,ORD-10461,CUST-1257,Mouse,Accessories,South,Online,2,2017,0.14,3469.24,698.82
2025-02-28,ORD-10462,CUST-1064,Tablet,Electronics,North,Retail,3,25955,0.15,66185.25,14391.21
2025-02-28,ORD-10463,CUST-1427,Desktop,Electronics,East,Retail,7,53232,0.15,316730.4,59110.91
2025-03-01,ORD-10464,CUST-1438,Desktop,Electronics,East,Distributor,2,65434,0.08,120398.56,20931.19
2025-03-01,ORD-10465,CUST-1057,Tablet,Electronics,West,Online,1,55832,0.09,50807.12,10816.15
2025-03-01,ORD-10466,CUST-1146,Monitor,Electronics,East,Retail,2,13461,0.08,24768.24,2406.69
2025-03-01,ORD-10467,CUST-1088,Mouse,Accessories,East,Retail,7,2388,0.09,15211.56,2440.21
2025-03-01,ORD-10468,CUST-1353,Monitor,Electronics,South,Online,7,11270,0.06,74156.6,17013.21
2025-03-01,ORD-10469,CUST-1155,Tablet,Electronics,East,Retail,5,39408,0.0,197040.0,43143.01
2025-03-01,ORD-10470,CUST-1226,Tablet,Electronics,East,Retail,2,29939,0.02,58680.44,14412.93
2025-03-02,ORD-10471,CUST-1208,Printer,Office Equipment,West,Distributor,2,14158,0.07,26333.88,6195.93
2025-03-02,ORD-10472,CUST-1363,Headphones,Accessories,West,Online,1,9442,0.12,8308.96,757.4
2025-03-02,ORD-10473,CUST-1428,Webcam,Accessories,North,Online,1,4346,0.03,4215.62,934.17
2025-03-02,ORD-10474,CUST-1140,Laptop,Electronics,East,Retail,8,56626,0.14,389586.88,77834.69
2025-03-02,ORD-10475,CUST-1123,Webcam,Accessories,East,Retail,7,11910,0.14,71698.2,14038.48
2025-03-02,ORD-10476,CUST-1282,Smartphone,Electronics,East,Retail,8,38276,0.14,263338.88,42313.03
2025-03-02,ORD-10477,CUST-1014,Monitor,Electronics,West,Online,5,34541,0.12,151980.4,14493.86
2025-03-02,ORD-10478,CUST-1105,Monitor,Electronics,East,Distributor,4,38085,0.03,147769.8,17476.59
2025-03-03,ORD-10479,CUST-1349,Printer,Office Equipment,North,Retail,9,8657,0.13,67784.31,16567.4
2025-03-03,ORD-10480,CUST-1311,Monitor,Electronics,East,Distributor,3,29698,0.12,78402.72,9254.73
2025-03-03,ORD-10481,CUST-1111,Mouse,Accessories,West,Retail,7,1942,0.13,11826.78,1868.98
2025-03-03,ORD-10482,CUST-1339,Webcam,Accessories,East,Distributor,7,11076,0.02,75981.36,12685.65
2025-03-03,ORD-10483,CUST-1172,Smartphone,Electronics,East,Distributor,5,54121,0.1,243544.5,39428.77
2025-03-03,ORD-10484,CUST-1333,Headphones,Accessories,East,Online,5,5278,0.1,23751.0,5744.7
2025-03-03,ORD-10485,CUST-1438,Monitor,Electronics,West,Distributor,9,35083,0.04,303117.12,27174.96
2025-03-03,ORD-10486,CUST-1132,Headphones,Accessories,West,Retail,3,1417,0.1,3825.9,954.83
2025-03-04,ORD-10487,CUST-1097,Printer,Office Equipment,East,Distributor,1,27104,0.11,24122.56,4275.66
2025-03-04,ORD-10488,CUST-1259,Keyboard,Accessories,East,Online,9,4697,0.14,36354.78,7060.74
2025-03-04,ORD-10489,CUST-1132,Webcam,Accessories,South,Distributor,3,6313,0.01,18749.61,1907.78
2025-03-04,ORD-10490,CUST-1157,Headphones,Accessories,West,Retail,2,4641,0.05,8817.9,1821.03
2025-03-04,ORD-10491,CUST-1027,Headphones,Accessories,North,Retail,5,5817,0.07,27049.05,2705.52
2025-03-04,ORD-10492,CUST-1152,Keyboard,Accessories,West,Online,9,1781,0.13,13945.23,2020.44
2025-03-04,ORD-10493,CUST-1457,Monitor,Electronics,West,Online,3,16563,0.05,47204.55,11698.35
2025-03-04,ORD-10494,CUST-1090,Headphones,Accessories,East,Distributor,3,2324,0.07,6483.96,1214.29
2025-03-05,ORD-10495,CUST-1086,Laptop,Electronics,South,Retail,1,109251,0.04,104880.96,21962.37
2025-03-05,ORD-10496,CUST-1219,Desktop,Electronics,West,Retail,3,80270,0.07,223953.3,34264.78
2025-03-05,ORD-10497,CUST-1007,Laptop,Electronics,East,Distributor,1,119963,0.03,116364.11,16689.78
2025-03-05,ORD-10498,CUST-1355,Keyboard,Accessories,East,Retail,1,833,0.09,758.03,92.71
2025-03-05,ORD-10499,CUST-1033,Monitor,Electronics,North,Retail,2,22568,0.08,41525.12,5482.96
2025-03-05,ORD-10500,CUST-1454,Mouse,Accessories,South,Retail,8,2531,0.09,18425.68,2532.28
2025-03-05,ORD-10501,CUST-1415,Tablet,Electronics,West,Online,6,27348,0.02,160806.24,37656.32
2025-03-05,ORD-10502,CUST-1258,Keyboard,Accessories,South,Online,4,1874,0.03,7271.12,608.78
2025-03-06,ORD-10503,CUST-1273,Headphones,Accessories,North,Distributor,1,7147,0.13,6217.89,767.81
2025-03-06,ORD-10504,CUST-1227,Laptop,Electronics,West,Online,2,52587,0.01,104122.26,10379.35
2025-03-06,ORD-10505,CUST-1351,Webcam,Accessories,North,Retail,5,9272,0.11,41260.4,4742.23
2025-03-06,ORD-10506,CUST-1358,Printer,Office Equipment,South,Retail,2,29708,0.08,54662.72,10160.47
2025-03-06,ORD-10507,CUST-1401,Desktop,Electronics,North,Retail,9,87105,0.09,713389.95,91356.82
2025-03-06,ORD-10508,CUST-1183,Keyboard,Accessories,West,Retail,4,2954,0.12,10398.08,2552.0
2025-03-06,ORD-10509,CUST-1477,Monitor,Electronics,West,Retail,1,27961,0.07,26003.73,2998.44
2025-03-06,ORD-10510,CUST-1427,Keyboard,Accessories,West,Online,1,904,0.1,813.6,190.52
2025-03-07,ORD-10511,CUST-1131,Desktop,Electronics,South,Retail,9,44918,0.11,359793.18,34978.87
2025-03-07,ORD-10512,CUST-1447,Mouse,Accessories,North,Retail,5,2301,0.01,11389.95,2485.75
2025-03-07,ORD-10513,CUST-1388,Headphones,Accessories,North,Online,6,7979,0.11,42607.86,4096.73
2025-03-07,ORD-10514,CUST-1318,Monitor,Electronics,East,Distributor,3,20769,0.05,59191.65,9139.87
2025-03-07,ORD-10515,CUST-1492,Desktop,Electronics,West,Retail,6,62460,0.03,363517.2,53848.59
2025-03-07,ORD-10516,CUST-1085,Printer,Office Equipment,North,Online,8,34211,0.06,257266.72,59336.27
2025-03-07,ORD-10517,CUST-1410,Laptop,Electronics,West,Online,3,63593,0.06,179332.26,32356.48
2025-03-08,ORD-10518,CUST-1450,Smartphone,Electronics,South,Retail,7,62002,0.09,394952.74,89511.25
2025-03-08,ORD-10519,CUST-1335,Tablet,Electronics,East,Online,2,41953,0.07,78032.58,7082.79
2025-03-08,ORD-10520,CUST-1316,Webcam,Accessories,North,Retail,4,7042,0.08,25914.56,5105.2
2025-03-08,ORD-10521,CUST-1076,Keyboard,Accessories,North,Online,8,3632,0.1,26150.4,4943.44
2025-03-08,ORD-10522,CUST-1084,Monitor,Electronics,North,Retail,9,37814,0.07,316503.18,51998.92
2025-03-08,ORD-10523,CUST-1114,Headphones,Accessories,West,Retail,4,6421,0.15,21831.4,1933.38
2025-03-08,ORD-10524,CUST-1045,Keyboard,Accessories,West,Retail,2,4560,0.07,8481.6,1504.77
2025-03-08,ORD-10525,CUST-1206,Headphones,Accessories,West,Online,2,9148,0.11,16283.44,1351.86
2025-03-09,ORD-10526,CUST-1493,Webcam,Accessories,East,Distributor,9,1502,0.12,11895.84,2552.88
2025-03-09,ORD-10527,CUST-1027,Webcam,Accessories,South,Retail,4,8974,0.14,30870.56,4376.46
2025-03-09,ORD-10528,CUST-1231,Headphones,Accessories,North,Online,9,8751,0.11,70095.51,9936.74
2025-03-09,ORD-10529,CUST-1409,Keyboard,Accessories,East,Distributor,1,3596,0.05,3416.2,641.3
2025-03-09,ORD-10530,CUST-1071,Webcam,Accessories,West,Online,6,3241,0.01,19251.54,2077.36
2025-03-09,ORD-10531,CUST-1110,Mouse,Accessories,West,Online,4,1168,0.02,4578.56,1029.59
2025-03-09,ORD-10532,CUST-1344,Headphones,Accessories,North,Retail,2,7790,0.01,15424.2,2894.36
2025-03-09,ORD-10533,CUST-1376,Tablet,Electronics,North,Distributor,9,23823,0.14,184390.02,14887.17
2025-03-10,ORD-10534,CUST-1354,Printer,Office Equipment,South,Distributor,8,24657,0.12,173585.28,40745.82
2025-03-10,ORD-10535,CUST-1164,Monitor,Electronics,West,Retail,2,22694,0.1,40849.2,7477.34
2025-03-10,ORD-10536,CUST-1150,Smartphone,Electronics,West,Online,4,50860,0.06,191233.6,26444.93
2025-03-10,ORD-10537,CUST-1153,Monitor,Electronics,East,Distributor,7,29743,0.11,185298.89,38399.96
2025-03-10,ORD-10538,CUST-1351,Webcam,Accessories,East,Distributor,4,4791,0.03,18589.08,3744.68
2025-03-10,ORD-10539,CUST-1363,Monitor,Electronics,North,Retail,3,26511,0.08,73170.36,13775.72
2025-03-10,ORD-10540,CUST-1213,Webcam,Accessories,East,Retail,8,11048,0.09,80429.44,15556.4
2025-03-10,ORD-10541,CUST-1343,Laptop,Electronics,North,Online,9,63955,0.0,575595.0,60267.99
2025-03-11,ORD-10542,CUST-1031,Mouse,Accessories,East,Online,3,1573,0.1,4247.1,445.49
2025-03-11,ORD-10543,CUST-1444,Webcam,Accessories,South,Distributor,1,7376,0.12,6490.88,632.35
2025-03-11,ORD-10544,CUST-1356,Webcam,Accessories,East,Distributor,7,5392,0.08,34724.48,7481.8
2025-03-11,ORD-10545,CUST-1350,Laptop,Electronics,East,Distributor,7,100797,0.06,663244.26,141920.32
2025-03-11,ORD-10546,CUST-1440,Laptop,Electronics,West,Online,1,82943,0.03,80454.71,18319.9
2025-03-11,ORD-10547,CUST-1150,Headphones,Accessories,West,Online,9,4218,0.12,33406.56,8148.84
2025-03-11,ORD-10548,CUST-1020,Desktop,Electronics,West,Retail,3,51389,0.11,137208.63,13760.67
2025-03-11,ORD-10549,CUST-1002,Webcam,Accessories,East,Retail,5,3631,0.02,17791.9,3982.23
2025-03-12,ORD-10550,CUST-1396,Monitor,Electronics,East,Retail,1,15036,0.14,12930.96,2346.58
2025-03-12,ORD-10551,CUST-1269,Smartphone,Electronics,South,Online,9,61934,0.01,551831.94,110535.17
2025-03-12,ORD-10552,CUST-1206,Webcam,Accessories,North,Retail,2,9776,0.02,19160.96,3301.89
2025-03-12,ORD-10553,CUST-1486,Keyboard,Accessories,West,Distributor,4,3518,0.05,13368.4,1736.66
2025-03-12,ORD-10554,CUST-1314,Laptop,Electronics,South,Online,2,95351,0.07,177352.86,41458.78
2025-03-12,ORD-10555,CUST-1144,Headphones,Accessories,North,Distributor,7,2857,0.06,18799.06,3230.44
2025-03-12,ORD-10556,CUST-1459,Headphones,Accessories,South,Retail,9,9335,0.07,78133.95,6833.19
2025-03-12,ORD-10557,CUST-1275,Webcam,Accessories,North,Distributor,2,3072,0.03,5959.68,1445.62
2025-03-13,ORD-10558,CUST-1350,Desktop,Electronics,West,Online,4,83931,0.09,305508.84,35512.28
2025-03-13,ORD-10559,CUST-1382,Keyboard,Accessories,South,Online,9,4365,0.1,35356.5,8476.99
2025-03-13,ORD-10560,CUST-1406,Tablet,Electronics,East,Distributor,6,17482,0.01,103843.08,9265.46
2025-03-13,ORD-10561,CUST-1207,Desktop,Electronics,West,Retail,4,56950,0.06,214132.0,33552.63
2025-03-13,ORD-10562,CUST-1316,Laptop,Electronics,North,Distributor,7,65506,0.08,421858.64,79748.94
2025-03-13,ORD-10563,CUST-1148,Smartphone,Electronics,East,Distributor,1,24514,0.05,23288.3,3853.8
2025-03-13,ORD-10564,CUST-1015,Desktop,Electronics,West,Online,5,68683,0.06,322810.1,70941.01
2025-03-13,ORD-10565,CUST-1434,Webcam,Accessories,East,Distributor,4,3734,0.11,13293.04,2864.0
2025-03-14,ORD-10566,CUST-1443,Monitor,Electronics,East,Online,5,32193,0.13,140039.55,34185.35
2025-03-14,ORD-10567,CUST-1305,Webcam,Accessories,West,Distributor,9,3816,0.02,33657.12,2721.35
2025-03-14,ORD-10568,CUST-1371,Webcam,Accessories,East,Online,2,6492,0.03,12594.48,2595.01
2025-03-14,ORD-10569,CUST-1427,Printer,Office Equipment,East,Online,9,12667,0.02,111722.94,13131.24
2025-03-14,ORD-10570,CUST-1435,Desktop,Electronics,West,Distributor,3,83973,0.12,221688.72,49853.96
2025-03-14,ORD-10571,CUST-1101,Webcam,Accessories,West,Retail,2,6262,0.1,11271.6,1382.09
2025-03-14,ORD-10572,CUST-1460,Headphones,Accessories,South,Retail,3,4842,0.02,14235.48,2638.09
2025-03-15,ORD-10573,CUST-1299,Tablet,Electronics,South,Distributor,8,36518,0.09,265851.04,35082.99
2025-03-15,ORD-10574,CUST-1160,Smartphone,Electronics,South,Online,6,56462,0.14,291343.92,31659.97
2025-03-15,ORD-10575,CUST-1449,Printer,Office Equipment,West,Retail,5,19779,0.02,96917.1,19829.76
2025-03-15,ORD-10576,CUST-1330,Tablet,Electronics,North,Retail,6,35019,0.07,195406.02,19247.8
2025-03-15,ORD-10577,CUST-1039,Monitor,Electronics,North,Online,9,16436,0.04,142007.04,32757.77
2025-03-15,ORD-10578,CUST-1108,Webcam,Accessories,North,Distributor,1,11033,0.09,10040.03,2116.08
2025-03-15,ORD-10579,CUST-1187,Mouse,Accessories,West,Online,9,2610,0.07,21845.7,4626.56
2025-03-15,ORD-10580,CUST-1203,Smartphone,Electronics,East,Distributor,5,32548,0.07,151348.2,25240.35
2025-03-16,ORD-10581,CUST-1081,Laptop,Electronics,South,Distributor,4,71737,0.11,255383.72,26524.92
2025-03-16,ORD-10582,CUST-1389,Smartphone,Electronics,West,Online,3,78373,0.14,202202.34,17565.59
2025-03-16,ORD-10583,CUST-1265,Desktop,Electronics,East,Retail,5,64211,0.04,308212.8,59688.35
2025-03-16,ORD-10584,CUST-1052,Tablet,Electronics,East,Distributor,8,18043,0.01,142900.56,27186.72
2025-03-16,ORD-10585,CUST-1187,Mouse,Accessories,North,Distributor,9,2735,0.03,23876.55,4563.4
2025-03-16,ORD-10586,CUST-1444,Mouse,Accessories,East,Retail,7,1312,0.08,8449.28,1182.84
2025-03-16,ORD-10587,CUST-1117,Tablet,Electronics,North,Distributor,1,47888,0.13,41662.56,6448.65
2025-03-16,ORD-10588,CUST-1367,Mouse,Accessories,North,Distributor,4,1015,0.03,3938.2,557.56
2025-03-17,ORD-10589,CUST-1245,Keyboard,Accessories,West,Online,7,3505,0.11,21836.15,3534.35
2025-03-17,ORD-10590,CUST-1022,Smartphone,Electronics,South,Distributor,3,99837,0.13,260574.57,21840.27
2025-03-17,ORD-10591,CUST-1293,Smartphone,Electronics,South,Online,3,32658,0.09,89156.34,7726.51
2025-03-17,ORD-10592,CUST-1496,Monitor,Electronics,North,Distributor,5,15899,0.08,73135.4,10891.88
2025-03-17,ORD-10593,CUST-1444,Mouse,Accessories,West,Online,2,1287,0.07,2393.82,595.52
2025-03-17,ORD-10594,CUST-1093,Keyboard,Accessories,East,Online,7,1969,0.12,12129.04,2662.05
2025-03-17,ORD-10595,CUST-1055,Headphones,Accessories,North,Online,8,2127,0.03,16505.52,2402.02
2025-03-17,ORD-10596,CUST-1090,Webcam,Accessories,West,Distributor,9,8377,0.12,66345.84,12137.1
2025-03-18,ORD-10597,CUST-1246,Smartphone,Electronics,South,Distributor,1,84655,0.08,77882.6,7786.53
2025-03-18,ORD-10598,CUST-1022,Webcam,Accessories,West,Online,1,8569,0.08,7883.48,1127.06
2025-03-18,ORD-10599,CUST-1389,Tablet,Electronics,North,Retail,7,37971,0.09,241875.27,49835.25
2025-03-18,ORD-10600,CUST-1042,Monitor,Electronics,East,Distributor,5,25634,0.11,114071.3,26774.19
2025-03-18,ORD-10601,CUST-1404,Webcam,Accessories,North,Distributor,7,5723,0.03,38859.17,7793.41
2025-03-18,ORD-10602,CUST-1352,Webcam,Accessories,East,Retail,2,10015,0.0,20030.0,3831.19
2025-03-18,ORD-10603,CUST-1133,Headphones,Accessories,West,Distributor,2,3535,0.06,6645.8,1193.01
2025-03-18,ORD-10604,CUST-1401,Headphones,Accessories,West,Online,5,7511,0.11,33423.95,5021.91
2025-03-19,ORD-10605,CUST-1176,Headphones,Accessories,West,Distributor,9,8925,0.04,77112.0,10188.89
2025-03-19,ORD-10606,CUST-1486,Monitor,Electronics,South,Online,2,34504,0.03,66937.76,14266.35
2025-03-19,ORD-10607,CUST-1314,Keyboard,Accessories,North,Online,9,4081,0.12,32321.52,6986.14
2025-03-19,ORD-10608,CUST-1474,Printer,Office Equipment,West,Online,1,34357,0.01,34013.43,3561.4
2025-03-19,ORD-10609,CUST-1370,Desktop,Electronics,West,Retail,5,54533,0.06,256305.1,47040.93
2025-03-19,ORD-10610,CUST-1484,Smartphone,Electronics,South,Distributor,9,52548,0.11,420909.48,76424.68
2025-03-19,ORD-10611,CUST-1411,Tablet,Electronics,East,Online,8,15701,0.03,121839.76,23353.07
2025-03-19,ORD-10612,CUST-1345,Laptop,Electronics,North,Retail,9,117608,0.1,952624.8,175837.67
2025-03-20,ORD-10613,CUST-1204,Keyboard,Accessories,East,Distributor,1,2089,0.01,2068.11,262.46
2025-03-20,ORD-10614,CUST-1360,Printer,Office Equipment,North,Online,7,27204,0.03,184715.16,15259.75
2025-03-20,ORD-10615,CUST-1493,Webcam,Accessories,East,Online,5,10660,0.14,45838.0,6379.56
2025-03-20,ORD-10616,CUST-1133,Smartphone,Electronics,South,Retail,4,74606,0.14,256644.64,45614.52
2025-03-20,ORD-10617,CUST-1484,Webcam,Accessories,North,Distributor,2,10652,0.01,21090.96,2742.31
2025-03-20,ORD-10618,CUST-1193,Mouse,Accessories,West,Online,9,2754,0.04,23794.56,3694.6
2025-03-20,ORD-10619,CUST-1246,Headphones,Accessories,North,Retail,8,8548,0.13,59494.08,13478.02
2025-03-21,ORD-10620,CUST-1359,Desktop,Electronics,South,Retail,7,81527,0.12,502206.32,58991.66
2025-03-21,ORD-10621,CUST-1134,Printer,Office Equipment,South,Retail,6,24924,0.08,137580.48,27397.66
2025-03-21,ORD-10622,CUST-1283,Desktop,Electronics,South,Retail,7,84151,0.11,524260.73,72420.74
2025-03-21,ORD-10623,CUST-1484,Headphones,Accessories,South,Retail,6,4580,0.13,23907.6,3006.21
2025-03-21,ORD-10624,CUST-1103,Keyboard,Accessories,South,Distributor,4,2782,0.13,9681.36,1114.83
2025-03-21,ORD-10625,CUST-1489,Headphones,Accessories,West,Distributor,3,2747,0.02,8076.18,753.85
2025-03-21,ORD-10626,CUST-1161,Laptop,Electronics,West,Distributor,9,55539,0.13,434870.37,62231.43
2025-03-21,ORD-10627,CUST-1143,Mouse,Accessories,West,Online,8,1149,0.15,7813.2,1841.74
2025-03-22,ORD-10628,CUST-1481,Smartphone,Electronics,North,Distributor,3,22097,0.08,60987.72,9266.47
2025-03-22,ORD-10629,CUST-1265,Headphones,Accessories,West,Retail,7,3863,0.07,25148.13,2526.45
2025-03-22,ORD-10630,CUST-1185,Laptop,Electronics,East,Online,1,77623,0.06,72965.62,7086.94
2025-03-22,ORD-10631,CUST-1175,Webcam,Accessories,East,Online,5,5385,0.04,25848.0,6279.76
2025-03-22,ORD-10632,CUST-1186,Tablet,Electronics,West,Retail,7,28797,0.06,189484.26,39388.71
2025-03-22,ORD-10633,CUST-1117,Tablet,Electronics,North,Distributor,3,52447,0.02,154194.18,27431.42
2025-03-22,ORD-10634,CUST-1074,Mouse,Accessories,South,Retail,4,2674,0.06,10054.24,1455.35
2025-03-22,ORD-10635,CUST-1434,Laptop,Electronics,East,Retail,3,105249,0.07,293644.71,73189.62
2025-03-23,ORD-10636,CUST-1050,Mouse,Accessories,South,Online,5,2702,0.13,11753.7,1035.63
2025-03-23,ORD-10637,CUST-1381,Keyboard,Accessories,East,Retail,5,4703,0.13,20458.05,1971.57
2025-03-23,ORD-10638,CUST-1179,Headphones,Accessories,South,Distributor,6,5222,0.05,29765.4,4464.79
2025-03-23,ORD-10639,CUST-1166,Smartphone,Electronics,West,Distributor,9,37877,0.15,289759.05,37200.28
2025-03-23,ORD-10640,CUST-1489,Tablet,Electronics,South,Online,2,39973,0.09,72750.86,11555.59
2025-03-23,ORD-10641,CUST-1082,Headphones,Accessories,East,Online,7,7631,0.13,46472.79,4281.47
2025-03-23,ORD-10642,CUST-1202,Headphones,Accessories,East,Retail,6,5773,0.11,30827.82,5638.88
2025-03-23,ORD-10643,CUST-1011,Headphones,Accessories,South,Distributor,9,8377,0.06,70869.42,7884.98
2025-03-24,ORD-10644,CUST-1048,Keyboard,Accessories,North,Retail,5,1455,0.03,7056.75,1040.85
2025-03-24,ORD-10645,CUST-1042,Webcam,Accessories,North,Retail,1,1931,0.12,1699.28,287.31
2025-03-24,ORD-10646,CUST-1158,Smartphone,Electronics,South,Online,3,26050,0.1,70335.0,16214.34
2025-03-24,ORD-10647,CUST-1087,Mouse,Accessories,North,Online,8,2966,0.02,23253.44,3942.53
2025-03-24,ORD-10648,CUST-1478,Headphones,Accessories,East,Distributor,6,8801,0.07,49109.58,11199.57
2025-03-24,ORD-10649,CUST-1323,Tablet,Electronics,West,Distributor,3,50342,0.03,146495.22,26601.97
2025-03-24,ORD-10650,CUST-1045,Webcam,Accessories,West,Retail,5,7188,0.07,33424.2,3964.51
2025-03-24,ORD-10651,CUST-1267,Headphones,Accessories,South,Retail,7,5256,0.02,36056.16,2949.2
2025-03-25,ORD-10652,CUST-1484,Mouse,Accessories,West,Retail,8,2591,0.0,20728.0,4907.46
2025-03-25,ORD-10653,CUST-1280,Laptop,Electronics,East,Online,7,88393,0.09,563063.41,121312.27
2025-03-25,ORD-10654,CUST-1377,Printer,Office Equipment,West,Retail,9,22323,0.06,188852.58,20349.96
2025-03-25,ORD-10655,CUST-1391,Keyboard,Accessories,East,Retail,5,1448,0.06,6805.6,821.61
2025-03-25,ORD-10656,CUST-1069,Webcam,Accessories,East,Online,5,8265,0.03,40085.25,3673.37
2025-03-25,ORD-10657,CUST-1164,Tablet,Electronics,North,Online,8,32834,0.11,233778.08,38255.29
2025-03-25,ORD-10658,CUST-1137,Laptop,Electronics,South,Distributor,9,52900,0.03,461817.0,44974.74
2025-03-25,ORD-10659,CUST-1111,Tablet,Electronics,East,Retail,1,30257,0.01,29954.43,2471.34
2025-03-26,ORD-10660,CUST-1169,Mouse,Accessories,North,Online,8,1921,0.07,14292.24,3066.29
2025-03-26,ORD-10661,CUST-1098,Laptop,Electronics,East,Retail,5,101435,0.01,502103.25,80298.84
2025-03-26,ORD-10662,CUST-1126,Laptop,Electronics,North,Online,2,82631,0.06,155346.28,38175.61
2025-03-26,ORD-10663,CUST-1199,Tablet,Electronics,East,Retail,2,49153,0.1,88475.4,10213.25
2025-03-26,ORD-10664,CUST-1129,Monitor,Electronics,West,Distributor,1,34403,0.14,29586.58,4987.04
2025-03-26,ORD-10665,CUST-1111,Mouse,Accessories,North,Online,4,1876,0.13,6528.48,1480.8
2025-03-26,ORD-10666,CUST-1061,Printer,Office Equipment,West,Online,6,8493,0.03,49429.26,6274.4
2025-03-26,ORD-10667,CUST-1394,Laptop,Electronics,North,Online,1,112294,0.1,101064.6,10748.08
2025-03-27,ORD-10668,CUST-1496,Monitor,Electronics,North,Online,8,12995,0.1,93564.0,12868.02
2025-03-27,ORD-10669,CUST-1119,Headphones,Accessories,East,Distributor,3,9787,0.12,25837.68,2619.7
2025-03-27,ORD-10670,CUST-1370,Headphones,Accessories,South,Retail,8,4161,0.0,33288.0,4800.82
2025-03-27,ORD-10671,CUST-1250,Laptop,Electronics,South,Distributor,8,107344,0.08,790051.84,136098.12
2025-03-27,ORD-10672,CUST-1444,Monitor,Electronics,South,Online,9,21392,0.05,182901.6,29196.05
2025-03-27,ORD-10673,CUST-1187,Webcam,Accessories,West,Online,3,8862,0.04,25522.56,3184.43
2025-03-27,ORD-10674,CUST-1186,Webcam,Accessories,South,Retail,7,4539,0.13,27642.51,5123.67
2025-03-28,ORD-10675,CUST-1392,Desktop,Electronics,South,Distributor,9,65394,0.03,570889.62,111978.92
2025-03-28,ORD-10676,CUST-1267,Mouse,Accessories,North,Online,6,2078,0.1,11221.2,1108.42
2025-03-28,ORD-10677,CUST-1098,Monitor,Electronics,North,Online,3,38622,0.0,115866.0,11377.97
2025-03-28,ORD-10678,CUST-1131,Smartphone,Electronics,North,Retail,7,79213,0.08,510131.72,101630.17
2025-03-28,ORD-10679,CUST-1251,Keyboard,Accessories,North,Retail,2,907,0.14,1560.04,180.16
2025-03-28,ORD-10680,CUST-1029,Laptop,Electronics,East,Distributor,6,104519,0.12,551860.32,118662.35
2025-03-28,ORD-10681,CUST-1265,Laptop,Electronics,North,Online,2,89833,0.01,177869.34,20757.89
2025-03-28,ORD-10682,CUST-1127,Keyboard,Accessories,South,Distributor,9,3956,0.03,34535.88,5852.2
2025-03-29,ORD-10683,CUST-1345,Webcam,Accessories,West,Distributor,7,3228,0.11,20110.44,3579.98
2025-03-29,ORD-10684,CUST-1258,Printer,Office Equipment,East,Distributor,2,13466,0.12,23700.16,4111.84
2025-03-29,ORD-10685,CUST-1161,Monitor,Electronics,East,Retail,9,29658,0.07,248237.46,34727.2
2025-03-29,ORD-10686,CUST-1279,Printer,Office Equipment,South,Retail,7,31785,0.05,211370.25,25559.49
2025-03-29,ORD-10687,CUST-1203,Webcam,Accessories,North,Distributor,5,7398,0.14,31811.4,4964.96
2025-03-29,ORD-10688,CUST-1154,Laptop,Electronics,North,Retail,5,52136,0.08,239825.6,59687.81
2025-03-29,ORD-10689,CUST-1353,Keyboard,Accessories,East,Distributor,4,3379,0.0,13516.0,2969.87
2025-03-29,ORD-10690,CUST-1019,Webcam,Accessories,West,Retail,9,10849,0.14,83971.26,8926.27
2025-03-30,ORD-10691,CUST-1119,Monitor,Electronics,East,Retail,3,18683,0.06,52686.06,9429.04
2025-03-30,ORD-10692,CUST-1370,Desktop,Electronics,East,Retail,7,77294,0.14,465309.88,95307.19
2025-03-30,ORD-10693,CUST-1419,Monitor,Electronics,North,Distributor,8,37056,0.13,257909.76,51448.91
2025-03-30,ORD-10694,CUST-1471,Mouse,Accessories,East,Retail,1,2760,0.06,2594.4,551.62
2025-03-30,ORD-10695,CUST-1334,Printer,Office Equipment,North,Distributor,7,11949,0.13,72769.41,8626.23
2025-03-30,ORD-10696,CUST-1289,Printer,Office Equipment,South,Retail,1,17987,0.08,16548.04,2222.13
2025-03-30,ORD-10697,CUST-1201,Webcam,Accessories,West,Distributor,4,4009,0.01,15875.64,3244.48
2025-03-30,ORD-10698,CUST-1201,Smartphone,Electronics,South,Online,9,26807,0.03,234025.11,30250.81
2025-03-31,ORD-10699,CUST-1204,Headphones,Accessories,East,Online,2,8796,0.09,16008.72,1414.9
2025-03-31,ORD-10700,CUST-1069,Printer,Office Equipment,West,Distributor,9,22237,0.12,176117.04,17992.78
2025-03-31,ORD-10701,CUST-1315,Keyboard,Accessories,South,Online,8,4038,0.1,29073.6,3295.11
2025-03-31,ORD-10702,CUST-1045,Desktop,Electronics,North,Distributor,5,68184,0.05,323874.0,76791.65
2025-03-31,ORD-10703,CUST-1304,Printer,Office Equipment,North,Retail,7,19969,0.05,132793.85,17864.16
2025-03-31,ORD-10704,CUST-1319,Monitor,Electronics,South,Retail,6,30192,0.12,159413.76,34509.15
2025-03-31,ORD-10705,CUST-1372,Laptop,Electronics,North,Online,4,76173,0.1,274222.8,29209.8
2025-03-31,ORD-10706,CUST-1007,Laptop,Electronics,East,Distributor,4,69356,0.13,241358.88,52959.63
2025-04-01,ORD-10707,CUST-1378,Desktop,Electronics,South,Online,5,69495,0.07,323151.75,44084.05
2025-04-01,ORD-10708,CUST-1072,Webcam,Accessories,North,Retail,9,5737,0.08,47502.36,8831.5
2025-04-01,ORD-10709,CUST-1102,Smartphone,Electronics,East,Online,9,20699,0.04,178839.36,16134.66
2025-04-01,ORD-10710,CUST-1436,Tablet,Electronics,East,Online,1,19364,0.06,18202.16,2295.71
2025-04-01,ORD-10711,CUST-1363,Laptop,Electronics,North,Retail,5,100662,0.03,488210.7,70653.46
2025-04-01,ORD-10712,CUST-1234,Tablet,Electronics,North,Online,9,20768,0.03,181304.64,29935.33
2025-04-01,ORD-10713,CUST-1080,Keyboard,Accessories,North,Retail,9,3297,0.05,28189.35,4140.39
2025-04-01,ORD-10714,CUST-1256,Headphones,Accessories,East,Online,6,5953,0.04,34289.28,8445.5
2025-04-02,ORD-10715,CUST-1115,Mouse,Accessories,South,Retail,7,520,0.14,3130.4,755.52
2025-04-02,ORD-10716,CUST-1347,Printer,Office Equipment,South,Retail,3,10876,0.11,29038.92,4893.7
2025-04-02,ORD-10717,CUST-1168,Keyboard,Accessories,West,Distributor,3,4293,0.15,10947.15,2568.8
2025-04-02,ORD-10718,CUST-1409,Monitor,Electronics,South,Online,4,31380,0.02,123009.6,21161.36
2025-04-02,ORD-10719,CUST-1394,Mouse,Accessories,South,Distributor,9,953,0.06,8062.38,1890.87
2025-04-02,ORD-10720,CUST-1368,Smartphone,Electronics,North,Online,3,56614,0.01,168143.58,28685.88
2025-04-02,ORD-10721,CUST-1211,Headphones,Accessories,West,Retail,3,1483,0.11,3959.61,909.22
2025-04-03,ORD-10722,CUST-1094,Tablet,Electronics,North,Distributor,5,24958,0.12,109815.2,10778.49
2025-04-03,ORD-10723,CUST-1118,Smartphone,Electronics,South,Distributor,5,94377,0.09,429415.35,51209.9
2025-04-03,ORD-10724,CUST-1257,Laptop,Electronics,West,Distributor,6,60417,0.1,326251.8,52533.84
2025-04-03,ORD-10725,CUST-1098,Headphones,Accessories,South,Online,3,7348,0.07,20500.92,2119.33
2025-04-03,ORD-10726,CUST-1343,Printer,Office Equipment,South,Online,1,16842,0.14,14484.12,1706.72
2025-04-03,ORD-10727,CUST-1166,Desktop,Electronics,West,Online,3,68788,0.13,179536.68,29316.6
2025-04-03,ORD-10728,CUST-1194,Printer,Office Equipment,East,Retail,7,33435,0.01,231704.55,47500.92
2025-04-03,ORD-10729,CUST-1019,Smartphone,Electronics,North,Retail,9,83843,0.1,679128.3,135621.33
2025-04-04,ORD-10730,CUST-1376,Tablet,Electronics,North,Distributor,1,31103,0.08,28614.76,4213.64
2025-04-04,ORD-10731,CUST-1149,Printer,Office Equipment,West,Retail,9,33072,0.09,270859.68,23938.64
2025-04-04,ORD-10732,CUST-1470,Mouse,Accessories,North,Distributor,5,2289,0.02,11216.1,1458.67
2025-04-04,ORD-10733,CUST-1369,Webcam,Accessories,North,Online,3,9095,0.12,24010.8,3764.62
2025-04-04,ORD-10734,CUST-1012,Smartphone,Electronics,South,Retail,9,32734,0.06,276929.64,37382.28
2025-04-04,ORD-10735,CUST-1332,Smartphone,Electronics,South,Distributor,4,74596,0.01,295400.16,39906.41
2025-04-04,ORD-10736,CUST-1043,Desktop,Electronics,West,Distributor,2,47481,0.11,84516.18,15871.49
2025-04-04,ORD-10737,CUST-1087,Webcam,Accessories,East,Distributor,3,7704,0.08,21263.04,1859.75
2025-04-05,ORD-10738,CUST-1026,Monitor,Electronics,West,Retail,3,38469,0.02,113098.86,23836.34
2025-04-05,ORD-10739,CUST-1067,Mouse,Accessories,South,Online,8,1582,0.09,11516.96,1151.51
2025-04-05,ORD-10740,CUST-1278,Smartphone,Electronics,North,Distributor,5,16600,0.07,77190.0,17400.16
2025-04-05,ORD-10741,CUST-1209,Tablet,Electronics,West,Online,4,29213,0.09,106335.32,17106.27
2025-04-05,ORD-10742,CUST-1321,Smartphone,Electronics,South,Online,1,47075,0.13,40955.25,5212.75
2025-04-05,ORD-10743,CUST-1437,Monitor,Electronics,North,Distributor,3,11804,0.1,31870.8,2748.62
2025-04-05,ORD-10744,CUST-1213,Smartphone,Electronics,South,Online,5,58399,0.14,251115.7,22182.39
2025-04-05,ORD-10745,CUST-1184,Mouse,Accessories,North,Online,9,1126,0.14,8715.24,1807.43
2025-04-06,ORD-10746,CUST-1388,Mouse,Accessories,West,Distributor,6,1909,0.13,9964.98,2186.77
2025-04-06,ORD-10747,CUST-1140,Desktop,Electronics,East,Distributor,5,70855,0.02,347189.5,68773.14
2025-04-06,ORD-10748,CUST-1055,Printer,Office Equipment,North,Retail,9,14876,0.1,120495.6,22177.11
2025-04-06,ORD-10749,CUST-1269,Smartphone,Electronics,East,Online,5,70974,0.09,322931.7,43209.25
2025-04-06,ORD-10750,CUST-1413,Smartphone,Electronics,South,Distributor,8,83118,0.11,591800.16,97419.77
2025-04-06,ORD-10751,CUST-1320,Keyboard,Accessories,North,Distributor,5,2385,0.0,11925.0,1002.63
2025-04-06,ORD-10752,CUST-1412,Keyboard,Accessories,South,Online,7,4191,0.01,29043.63,4049.86
2025-04-06,ORD-10753,CUST-1259,Keyboard,Accessories,East,Online,5,2884,0.12,12689.6,1679.1
2025-04-07,ORD-10754,CUST-1491,Desktop,Electronics,North,Online,6,62371,0.06,351772.44,62164.05
2025-04-07,ORD-10755,CUST-1242,Keyboard,Accessories,North,Distributor,6,3568,0.14,18410.88,2972.41
2025-04-07,ORD-10756,CUST-1274,Monitor,Electronics,East,Retail,8,15091,0.09,109862.48,25449.63
2025-04-07,ORD-10757,CUST-1161,Printer,Office Equipment,North,Online,1,25074,0.04,24071.04,4892.29
2025-04-07,ORD-10758,CUST-1430,Smartphone,Electronics,North,Retail,6,61346,0.01,364395.24,38400.64
2025-04-07,ORD-10759,CUST-1304,Printer,Office Equipment,North,Retail,9,13438,0.09,110057.22,16093.26
2025-04-07,ORD-10760,CUST-1121,Headphones,Accessories,East,Retail,1,5448,0.06,5121.12,842.42
2025-04-07,ORD-10761,CUST-1401,Mouse,Accessories,North,Online,4,2550,0.05,9690.0,960.08
2025-04-08,ORD-10762,CUST-1256,Desktop,Electronics,South,Online,8,73160,0.0,585280.0,94846.23
2025-04-08,ORD-10763,CUST-1393,Headphones,Accessories,North,Distributor,8,9579,0.05,72800.4,9875.19
2025-04-08,ORD-10764,CUST-1442,Monitor,Electronics,North,Online,4,33742,0.01,133618.32,19493.58
2025-04-08,ORD-10765,CUST-1455,Mouse,Accessories,North,Online,1,2834,0.13,2465.58,336.94
2025-04-08,ORD-10766,CUST-1456,Webcam,Accessories,South,Retail,5,1868,0.09,8499.4,1130.97
2025-04-08,ORD-10767,CUST-1225,Keyboard,Accessories,North,Retail,4,3147,0.04,12084.48,1622.41
2025-04-08,ORD-10768,CUST-1286,Monitor,Electronics,North,Online,3,18966,0.02,55760.04,13544.71
2025-04-08,ORD-10769,CUST-1360,Webcam,Accessories,East,Distributor,6,10500,0.05,59850.0,6228.27
2025-04-09,ORD-10770,CUST-1276,Keyboard,Accessories,West,Online,3,1383,0.05,3941.55,913.18
2025-04-09,ORD-10771,CUST-1196,Monitor,Electronics,North,Online,1,25425,0.14,21865.5,1936.79
2025-04-09,ORD-10772,CUST-1322,Printer,Office Equipment,West,Distributor,7,13864,0.11,86372.72,19996.74
2025-04-09,ORD-10773,CUST-1343,Headphones,Accessories,North,Retail,5,6444,0.12,28353.6,5704.54
2025-04-09,ORD-10774,CUST-1239,Smartphone,Electronics,North,Retail,3,27178,0.12,71749.92,16957.89
2025-04-09,ORD-10775,CUST-1440,Mouse,Accessories,East,Retail,8,2327,0.03,18057.52,2131.6
2025-04-09,ORD-10776,CUST-1440,Printer,Office Equipment,East,Retail,3,30924,0.14,79783.92,10863.04
2025-04-10,ORD-10777,CUST-1236,Tablet,Electronics,South,Retail,1,19283,0.07,17933.19,2506.07
2025-04-10,ORD-10778,CUST-1407,Headphones,Accessories,North,Retail,3,9322,0.02,27406.68,6001.62
2025-04-10,ORD-10779,CUST-1211,Webcam,Accessories,South,Distributor,2,6449,0.08,11866.16,1757.84
2025-04-10,ORD-10780,CUST-1174,Keyboard,Accessories,South,Distributor,9,2102,0.15,16080.3,2335.64
2025-04-10,ORD-10781,CUST-1355,Smartphone,Electronics,South,Online,7,72062,0.09,459034.94,63426.76
2025-04-10,ORD-10782,CUST-1284,Desktop,Electronics,North,Retail,8,47492,0.09,345741.76,54867.29
2025-04-10,ORD-10783,CUST-1416,Monitor,Electronics,West,Retail,5,23297,0.01,115320.15,11357.49
2025-04-10,ORD-10784,CUST-1297,Tablet,Electronics,North,Online,1,20933,0.03,20305.01,2103.92
2025-04-11,ORD-10785,CUST-1228,Monitor,Electronics,South,Online,8,27408,0.04,210493.44,38867.04
2025-04-11,ORD-10786,CUST-1367,Headphones,Accessories,East,Online,5,5989,0.14,25752.7,6160.95
2025-04-11,ORD-10787,CUST-1065,Smartphone,Electronics,East,Online,1,95149,0.15,80876.65,12027.45
2025-04-11,ORD-10788,CUST-1183,Headphones,Accessories,North,Retail,9,1870,0.0,16830.0,2948.7
2025-04-11,ORD-10789,CUST-1162,Laptop,Electronics,West,Retail,4,106585,0.11,379442.6,55787.78
2025-04-11,ORD-10790,CUST-1071,Printer,Office Equipment,South,Distributor,7,25862,0.03,175602.98,19224.96
2025-04-11,ORD-10791,CUST-1343,Printer,Office Equipment,South,Online,6,21671,0.02,127425.48,31801.26
2025-04-11,ORD-10792,CUST-1336,Laptop,Electronics,West,Online,2,52058,0.02,102033.68,23511.73
2025-04-12,ORD-10793,CUST-1457,Desktop,Electronics,West,Distributor,3,82090,0.12,216717.6,49027.15
2025-04-12,ORD-10794,CUST-1196,Monitor,Electronics,East,Online,8,26692,0.06,200723.84,44041.25
2025-04-12,ORD-10795,CUST-1374,Monitor,Electronics,South,Distributor,7,29810,0.0,208670.0,34365.17
2025-04-12,ORD-10796,CUST-1017,Webcam,Accessories,North,Distributor,5,8231,0.14,35393.3,6299.3
2025-04-12,ORD-10797,CUST-1040,Tablet,Electronics,South,Distributor,6,22416,0.09,122391.36,29801.74
2025-04-12,ORD-10798,CUST-1312,Webcam,Accessories,North,Online,5,9117,0.08,41938.2,7086.33
2025-04-12,ORD-10799,CUST-1159,Tablet,Electronics,North,Retail,2,59831,0.1,107695.8,23227.47
2025-04-12,ORD-10800,CUST-1293,Webcam,Accessories,East,Retail,1,9181,0.07,8538.33,1998.22
2025-04-13,ORD-10801,CUST-1305,Headphones,Accessories,East,Distributor,5,5738,0.03,27829.3,5514.62
2025-04-13,ORD-10802,CUST-1293,Smartphone,Electronics,North,Distributor,5,23050,0.09,104877.5,18697.98
2025-04-13,ORD-10803,CUST-1039,Mouse,Accessories,East,Retail,1,1574,0.07,1463.82,148.67
2025-04-13,ORD-10804,CUST-1057,Monitor,Electronics,South,Distributor,5,19018,0.13,82728.3,6818.01
2025-04-13,ORD-10805,CUST-1358,Monitor,Electronics,South,Retail,8,22116,0.12,155696.64,19370.68
2025-04-13,ORD-10806,CUST-1495,Monitor,Electronics,South,Distributor,9,38246,0.0,344214.0,85121.43
2025-04-13,ORD-10807,CUST-1121,Monitor,Electronics,West,Distributor,8,34666,0.15,235728.8,49729.94
2025-04-13,ORD-10808,CUST-1328,Monitor,Electronics,East,Online,4,28931,0.11,102994.36,14281.49
2025-04-14,ORD-10809,CUST-1382,Laptop,Electronics,South,Retail,3,110819,0.06,312509.58,41011.39
2025-04-14,ORD-10810,CUST-1006,Printer,Office Equipment,East,Retail,8,16605,0.02,130183.2,29674.9
2025-04-14,ORD-10811,CUST-1469,Printer,Office Equipment,East,Retail,6,25375,0.1,137025.0,11917.47
2025-04-14,ORD-10812,CUST-1130,Smartphone,Electronics,West,Retail,5,58904,0.04,282739.2,61183.0
2025-04-14,ORD-10813,CUST-1160,Keyboard,Accessories,North,Distributor,4,3564,0.1,12830.4,3192.8
2025-04-14,ORD-10814,CUST-1350,Laptop,Electronics,West,Retail,2,51567,0.06,96945.96,16412.46
2025-04-14,ORD-10815,CUST-1047,Keyboard,Accessories,North,Distributor,5,2863,0.03,13885.55,1166.79
2025-04-14,ORD-10816,CUST-1192,Keyboard,Accessories,South,Online,2,1782,0.01,3528.36,644.97
2025-04-15,ORD-10817,CUST-1327,Monitor,Electronics,West,Retail,5,19652,0.07,91381.8,21854.04
2025-04-15,ORD-10818,CUST-1397,Printer,Office Equipment,North,Retail,6,16432,0.02,96620.16,8945.05
2025-04-15,ORD-10819,CUST-1091,Printer,Office Equipment,West,Online,6,9968,0.04,57415.68,12526.73
2025-04-15,ORD-10820,CUST-1055,Tablet,Electronics,South,Distributor,4,54996,0.06,206784.96,39233.75
2025-04-15,ORD-10821,CUST-1366,Printer,Office Equipment,East,Online,4,28118,0.1,101224.8,23802.36
2025-04-15,ORD-10822,CUST-1228,Laptop,Electronics,North,Retail,2,59229,0.09,107796.78,13216.03
2025-04-15,ORD-10823,CUST-1358,Monitor,Electronics,East,Retail,1,11239,0.1,10115.1,1267.36
2025-04-15,ORD-10824,CUST-1244,Smartphone,Electronics,West,Retail,1,82552,0.11,73471.28,15507.47
2025-04-16,ORD-10825,CUST-1418,Desktop,Electronics,West,Online,9,54801,0.0,493209.0,119458.38
2025-04-16,ORD-10826,CUST-1028,Smartphone,Electronics,North,Retail,9,62044,0.05,530476.2,69747.42
2025-04-16,ORD-10827,CUST-1148,Webcam,Accessories,South,Online,6,2818,0.13,14709.96,3078.46
2025-04-16,ORD-10828,CUST-1199,Webcam,Accessories,North,Distributor,1,7794,0.1,7014.6,917.57
2025-04-16,ORD-10829,CUST-1097,Headphones,Accessories,South,Online,8,2390,0.13,16634.4,2569.3
2025-04-16,ORD-10830,CUST-1276,Keyboard,Accessories,East,Retail,1,2753,0.07,2560.29,232.24
2025-04-16,ORD-10831,CUST-1403,Webcam,Accessories,North,Retail,8,1768,0.01,14002.56,1253.64
2025-04-17,ORD-10832,CUST-1347,Desktop,Electronics,South,Distributor,4,82850,0.1,298260.0,47102.1
2025-04-17,ORD-10833,CUST-1334,Smartphone,Electronics,North,Retail,4,24441,0.01,96786.36,10072.59
2025-04-17,ORD-10834,CUST-1088,Smartphone,Electronics,North,Retail,1,46808,0.11,41659.12,4257.2
2025-04-17,ORD-10835,CUST-1418,Desktop,Electronics,North,Online,8,80057,0.03,621242.32,112120.09
2025-04-17,ORD-10836,CUST-1415,Tablet,Electronics,West,Retail,4,19135,0.12,67355.2,10268.7
2025-04-17,ORD-10837,CUST-1109,Desktop,Electronics,North,Distributor,9,49000,0.05,418950.0,102222.84
2025-04-17,ORD-10838,CUST-1212,Monitor,Electronics,South,Distributor,6,12071,0.02,70977.48,7382.39
2025-04-17,ORD-10839,CUST-1020,Headphones,Accessories,South,Online,9,3703,0.07,30994.11,7356.91
2025-04-18,ORD-10840,CUST-1003,Smartphone,Electronics,North,Online,7,35677,0.0,249739.0,40653.63
2025-04-18,ORD-10841,CUST-1243,Desktop,Electronics,South,Online,5,67277,0.1,302746.5,64993.9
2025-04-18,ORD-10842,CUST-1089,Monitor,Electronics,North,Distributor,5,27140,0.07,126201.0,15229.07
2025-04-18,ORD-10843,CUST-1400,Monitor,Electronics,East,Retail,8,30055,0.14,206778.4,38589.52
2025-04-18,ORD-10844,CUST-1271,Printer,Office Equipment,North,Distributor,1,26275,0.04,25224.0,2521.8
2025-04-18,ORD-10845,CUST-1337,Headphones,Accessories,South,Retail,9,9315,0.03,81319.95,17154.96
2025-04-18,ORD-10846,CUST-1495,Laptop,Electronics,West,Retail,4,64769,0.12,227986.88,44797.47
2025-04-18,ORD-10847,CUST-1186,Monitor,Electronics,East,Online,3,31959,0.14,82454.22,7353.65
2025-04-19,ORD-10848,CUST-1232,Printer,Office Equipment,North,Online,5,18954,0.09,86240.7,19948.64
2025-04-19,ORD-10849,CUST-1263,Laptop,Electronics,North,Online,9,73053,0.02,644327.46,54729.88
2025-04-19,ORD-10850,CUST-1459,Keyboard,Accessories,East,Online,8,3470,0.06,26094.4,5401.66
2025-04-19,ORD-10851,CUST-1445,Desktop,Electronics,South,Retail,6,54927,0.01,326266.38,67020.71
2025-04-19,ORD-10852,CUST-1223,Keyboard,Accessories,South,Online,2,4658,0.09,8477.56,756.52
2025-04-19,ORD-10853,CUST-1368,Smartphone,Electronics,South,Distributor,8,38338,0.06,288301.76,29749.51
2025-04-19,ORD-10854,CUST-1291,Headphones,Accessories,North,Retail,5,4313,0.05,20486.75,1750.72
2025-04-19,ORD-10855,CUST-1389,Monitor,Electronics,East,Online,2,37906,0.07,70505.16,10653.19
2025-04-20,ORD-10856,CUST-1283,Mouse,Accessories,South,Online,3,2904,0.14,7492.32,1335.74
2025-04-20,ORD-10857,CUST-1242,Printer,Office Equipment,West,Retail,9,24030,0.13,188154.9,21975.6
2025-04-20,ORD-10858,CUST-1113,Laptop,Electronics,South,Distributor,7,82329,0.04,553250.88,85102.31
2025-04-20,ORD-10859,CUST-1393,Laptop,Electronics,North,Retail,7,55796,0.01,386666.28,61870.84
2025-04-20,ORD-10860,CUST-1050,Webcam,Accessories,West,Retail,7,9352,0.12,57608.32,11431.28
2025-04-20,ORD-10861,CUST-1111,Keyboard,Accessories,South,Retail,2,901,0.1,1621.8,241.85
2025-04-20,ORD-10862,CUST-1082,Mouse,Accessories,West,Distributor,4,771,0.0,3084.0,597.48
2025-04-20,ORD-10863,CUST-1360,Smartphone,Electronics,West,Online,1,74616,0.07,69392.88,7186.75
2025-04-21,ORD-10864,CUST-1457,Headphones,Accessories,East,Distributor,8,1022,0.13,7113.12,654.54
2025-04-21,ORD-10865,CUST-1313,Laptop,Electronics,South,Distributor,5,105823,0.11,470912.35,93555.85
2025-04-21,ORD-10866,CUST-1465,Desktop,Electronics,East,Online,6,88218,0.14,455204.88,76249.19
2025-04-21,ORD-10867,CUST-1187,Desktop,Electronics,South,Distributor,7,63959,0.07,416373.09,36203.07
2025-04-21,ORD-10868,CUST-1171,Webcam,Accessories,South,Distributor,2,10687,0.11,19022.86,2183.85
2025-04-21,ORD-10869,CUST-1491,Desktop,Electronics,South,Distributor,8,88324,0.14,607669.12,108542.04
2025-04-21,ORD-10870,CUST-1216,Keyboard,Accessories,East,Online,6,3689,0.13,19256.58,3189.01
2025-04-21,ORD-10871,CUST-1424,Desktop,Electronics,North,Retail,6,62624,0.07,349441.92,57744.06
2025-04-22,ORD-10872,CUST-1344,Webcam,Accessories,North,Online,9,6288,0.07,52630.56,7504.32
2025-04-22,ORD-10873,CUST-1490,Tablet,Electronics,North,Online,2,20254,0.06,38077.52,4203.68
2025-04-22,ORD-10874,CUST-1447,Monitor,Electronics,South,Distributor,5,13670,0.1,61515.0,10111.58
2025-04-22,ORD-10875,CUST-1067,Laptop,Electronics,West,Retail,5,104596,0.15,444533.0,76479.21
2025-04-22,ORD-10876,CUST-1032,Printer,Office Equipment,North,Online,8,32173,0.1,231645.6,30011.51
2025-04-22,ORD-10877,CUST-1402,Webcam,Accessories,East,Retail,6,8245,0.09,45017.7,8619.96
2025-04-22,ORD-10878,CUST-1067,Smartphone,Electronics,East,Online,9,86888,0.07,727252.56,95774.8
2025-04-23,ORD-10879,CUST-1432,Mouse,Accessories,North,Online,4,2383,0.06,8960.08,1155.71
2025-04-23,ORD-10880,CUST-1082,Headphones,Accessories,East,Online,5,8469,0.14,36416.7,6743.18
2025-04-23,ORD-10881,CUST-1162,Monitor,Electronics,South,Retail,3,15283,0.04,44015.04,3829.12
2025-04-23,ORD-10882,CUST-1340,Mouse,Accessories,East,Retail,6,1155,0.03,6722.1,1345.85
2025-04-23,ORD-10883,CUST-1154,Monitor,Electronics,North,Online,6,24694,0.08,136310.88,14672.72
2025-04-23,ORD-10884,CUST-1163,Printer,Office Equipment,South,Online,8,33182,0.02,260146.88,41068.59
2025-04-23,ORD-10885,CUST-1458,Webcam,Accessories,East,Distributor,9,6927,0.1,56108.7,7307.86
2025-04-23,ORD-10886,CUST-1460,Monitor,Electronics,North,Online,8,21098,0.1,151905.6,31046.3
2025-04-24,ORD-10887,CUST-1112,Webcam,Accessories,West,Retail,2,6547,0.0,13094.0,2422.11
2025-04-24,ORD-10888,CUST-1269,Desktop,Electronics,South,Retail,6,43606,0.09,238088.76,26945.8
2025-04-24,ORD-10889,CUST-1343,Keyboard,Accessories,North,Distributor,1,1484,0.08,1365.28,212.61
2025-04-24,ORD-10890,CUST-1483,Printer,Office Equipment,North,Distributor,4,24071,0.05,91469.8,16726.46
2025-04-24,ORD-10891,CUST-1197,Headphones,Accessories,East,Online,7,3423,0.11,21325.29,3256.35
2025-04-24,ORD-10892,CUST-1287,Mouse,Accessories,North,Online,6,1839,0.05,10482.3,1632.6
2025-04-24,ORD-10893,CUST-1496,Tablet,Electronics,West,Distributor,7,43999,0.04,295673.28,64150.57
2025-04-24,ORD-10894,CUST-1155,Printer,Office Equipment,West,Distributor,3,27240,0.09,74365.2,7765.12
2025-04-25,ORD-10895,CUST-1468,Headphones,Accessories,East,Retail,2,7156,0.01,14168.88,2119.78
2025-04-25,ORD-10896,CUST-1070,Monitor,Electronics,South,Online,9,25142,0.11,201387.42,41967.41
2025-04-25,ORD-10897,CUST-1154,Printer,Office Equipment,East,Retail,5,26149,0.07,121592.85,26735.33
2025-04-25,ORD-10898,CUST-1134,Webcam,Accessories,East,Distributor,8,5178,0.0,41424.0,3331.15
2025-04-25,ORD-10899,CUST-1091,Tablet,Electronics,West,Distributor,2,57848,0.1,104126.4,13422.64
2025-04-25,ORD-10900,CUST-1496,Keyboard,Accessories,North,Distributor,1,1777,0.11,1581.53,259.08
2025-04-25,ORD-10901,CUST-1243,Headphones,Accessories,North,Retail,8,8144,0.13,56682.24,10585.94
2025-04-25,ORD-10902,CUST-1163,Webcam,Accessories,West,Distributor,1,5752,0.02,5636.96,507.03
2025-04-26,ORD-10903,CUST-1325,Monitor,Electronics,East,Online,6,15351,0.01,91184.94,12893.35
2025-04-26,ORD-10904,CUST-1099,Mouse,Accessories,South,Online,5,2569,0.1,11560.5,1075.83
2025-04-26,ORD-10905,CUST-1432,Smartphone,Electronics,East,Retail,3,86265,0.05,245855.25,32884.56
2025-04-26,ORD-10906,CUST-1006,Headphones,Accessories,South,Distributor,2,9755,0.09,17754.1,3905.25
2025-04-26,ORD-10907,CUST-1083,Mouse,Accessories,North,Online,6,2386,0.06,13457.04,3183.32
2025-04-26,ORD-10908,CUST-1286,Monitor,Electronics,North,Retail,9,17245,0.12,136580.4,29387.75
2025-04-26,ORD-10909,CUST-1245,Tablet,Electronics,East,Retail,2,22639,0.12,39844.64,9442.37
2025-04-26,ORD-10910,CUST-1390,Headphones,Accessories,East,Online,3,8240,0.13,21506.4,3905.57
2025-04-27,ORD-10911,CUST-1072,Mouse,Accessories,South,Retail,1,885,0.03,858.45,193.72
2025-04-27,ORD-10912,CUST-1390,Monitor,Electronics,North,Online,4,14266,0.15,48504.4,7383.19
2025-04-27,ORD-10913,CUST-1406,Laptop,Electronics,North,Retail,8,106524,0.01,843670.08,82957.2
2025-04-27,ORD-10914,CUST-1386,Desktop,Electronics,North,Online,5,42836,0.01,212038.2,41027.21
2025-04-27,ORD-10915,CUST-1179,Smartphone,Electronics,North,Online,4,92018,0.14,316541.92,35266.86
2025-04-27,ORD-10916,CUST-1256,Monitor,Electronics,South,Distributor,5,28997,0.05,137735.75,14778.32
2025-04-27,ORD-10917,CUST-1270,Smartphone,Electronics,South,Distributor,2,27989,0.12,49260.64,10332.49
2025-04-27,ORD-10918,CUST-1498,Keyboard,Accessories,North,Online,5,2207,0.14,9490.1,1625.76
2025-04-28,ORD-10919,CUST-1344,Webcam,Accessories,North,Online,8,7504,0.1,54028.8,6022.67
2025-04-28,ORD-10920,CUST-1057,Headphones,Accessories,East,Online,7,7948,0.03,53966.92,6405.02
2025-04-28,ORD-10921,CUST-1360,Tablet,Electronics,East,Distributor,2,49060,0.02,96157.6,20153.34
2025-04-28,ORD-10922,CUST-1233,Laptop,Electronics,East,Distributor,2,93006,0.07,172991.16,25155.13
2025-04-28,ORD-10923,CUST-1219,Tablet,Electronics,South,Online,4,51301,0.06,192891.76,47729.83
2025-04-28,ORD-10924,CUST-1344,Tablet,Electronics,North,Retail,6,26750,0.0,160500.0,31234.43
2025-04-28,ORD-10925,CUST-1202,Tablet,Electronics,West,Distributor,9,58158,0.1,471079.8,47233.77
2025-04-28,ORD-10926,CUST-1173,Smartphone,Electronics,South,Distributor,2,37114,0.01,73485.72,18061.71
2025-04-29,ORD-10927,CUST-1142,Printer,Office Equipment,East,Distributor,2,15630,0.13,27196.2,5528.55
2025-04-29,ORD-10928,CUST-1248,Printer,Office Equipment,East,Online,6,23591,0.1,127391.4,30768.03
2025-04-29,ORD-10929,CUST-1321,Tablet,Electronics,South,Online,2,23007,0.04,44173.44,7268.15
2025-04-29,ORD-10930,CUST-1091,Desktop,Electronics,West,Distributor,1,44471,0.07,41358.03,3496.71
2025-04-29,ORD-10931,CUST-1039,Headphones,Accessories,West,Retail,3,5960,0.09,16270.8,1568.13
2025-04-29,ORD-10932,CUST-1175,Keyboard,Accessories,North,Online,5,4878,0.07,22682.7,2823.61
2025-04-29,ORD-10933,CUST-1226,Printer,Office Equipment,West,Online,2,20570,0.07,38260.2,8608.11
2025-04-30,ORD-10934,CUST-1220,Laptop,Electronics,South,Retail,3,89720,0.13,234169.2,25267.92
2025-04-30,ORD-10935,CUST-1337,Printer,Office Equipment,West,Retail,8,33035,0.02,258994.4,50440.24
2025-04-30,ORD-10936,CUST-1302,Webcam,Accessories,West,Distributor,3,9801,0.01,29108.97,3632.11
2025-04-30,ORD-10937,CUST-1065,Headphones,Accessories,East,Retail,5,6250,0.01,30937.5,5580.47
2025-04-30,ORD-10938,CUST-1176,Smartphone,Electronics,East,Retail,1,96940,0.05,92093.0,8891.53
2025-04-30,ORD-10939,CUST-1303,Headphones,Accessories,North,Distributor,1,5001,0.04,4800.96,913.02
2025-04-30,ORD-10940,CUST-1166,Desktop,Electronics,North,Retail,5,47501,0.05,225629.75,18806.47
2025-04-30,ORD-10941,CUST-1301,Printer,Office Equipment,North,Retail,9,21800,0.04,188352.0,37352.64
2025-05-01,ORD-10942,CUST-1051,Printer,Office Equipment,South,Retail,7,18565,0.09,118259.05,25711.35
2025-05-01,ORD-10943,CUST-1186,Tablet,Electronics,West,Online,9,58737,0.05,502201.35,92666.56
2025-05-01,ORD-10944,CUST-1152,Tablet,Electronics,West,Online,2,50116,0.03,97225.04,12160.55
2025-05-01,ORD-10945,CUST-1034,Smartphone,Electronics,West,Retail,2,90784,0.01,179752.32,24673.25
2025-05-01,ORD-10946,CUST-1411,Keyboard,Accessories,East,Retail,6,1428,0.1,7711.2,1012.59
2025-05-01,ORD-10947,CUST-1263,Webcam,Accessories,West,Distributor,6,4778,0.06,26947.92,3306.91
2025-05-01,ORD-10948,CUST-1095,Webcam,Accessories,West,Online,3,1804,0.09,4924.92,826.2
2025-05-01,ORD-10949,CUST-1393,Tablet,Electronics,West,Distributor,5,56807,0.08,261312.2,48199.5
2025-05-02,ORD-10950,CUST-1077,Laptop,Electronics,East,Retail,9,76299,0.05,652356.45,68573.38
2025-05-02,ORD-10951,CUST-1136,Printer,Office Equipment,East,Distributor,6,10111,0.1,54599.4,12220.13
2025-05-02,ORD-10952,CUST-1058,Monitor,Electronics,South,Online,5,32506,0.09,147902.3,22037.03
2025-05-02,ORD-10953,CUST-1223,Laptop,Electronics,West,Distributor,4,90703,0.07,337415.16,59105.1
2025-05-02,ORD-10954,CUST-1404,Laptop,Electronics,East,Distributor,4,70887,0.04,272206.08,23125.03
2025-05-02,ORD-10955,CUST-1010,Webcam,Accessories,North,Online,3,2191,0.14,5652.78,919.1
2025-05-02,ORD-10956,CUST-1186,Headphones,Accessories,North,Retail,5,2041,0.14,8776.3,1309.35
2025-05-02,ORD-10957,CUST-1061,Monitor,Electronics,East,Retail,4,13667,0.09,49747.88,8210.5
2025-05-03,ORD-10958,CUST-1168,Desktop,Electronics,West,Distributor,4,79309,0.02,310891.28,67505.95
2025-05-03,ORD-10959,CUST-1496,Keyboard,Accessories,East,Retail,7,2585,0.02,17733.1,1946.67
2025-05-03,ORD-10960,CUST-1358,Printer,Office Equipment,North,Retail,5,27316,0.01,135214.2,23079.7
2025-05-03,ORD-10961,CUST-1450,Webcam,Accessories,South,Retail,7,9280,0.1,58464.0,14251.4
2025-05-03,ORD-10962,CUST-1310,Tablet,Electronics,North,Distributor,6,35196,0.0,211176.0,51602.31
2025-05-03,ORD-10963,CUST-1490,Laptop,Electronics,East,Distributor,4,83158,0.08,306021.44,40570.99
2025-05-03,ORD-10964,CUST-1465,Desktop,Electronics,West,Retail,9,55491,0.13,434494.53,63453.61
2025-05-03,ORD-10965,CUST-1082,Mouse,Accessories,West,Distributor,2,1364,0.04,2618.88,592.13
2025-05-04,ORD-10966,CUST-1399,Headphones,Accessories,West,Retail,7,1555,0.04,10449.6,978.25
2025-05-04,ORD-10967,CUST-1051,Printer,Office Equipment,South,Distributor,6,31507,0.06,177699.48,41964.24
2025-05-04,ORD-10968,CUST-1416,Mouse,Accessories,East,Retail,9,671,0.05,5737.05,1046.21
2025-05-04,ORD-10969,CUST-1069,Laptop,Electronics,North,Retail,1,74083,0.09,67415.53,14458.83
2025-05-04,ORD-10970,CUST-1127,Keyboard,Accessories,South,Distributor,5,3370,0.09,15333.5,1515.58
2025-05-04,ORD-10971,CUST-1133,Printer,Office Equipment,South,Distributor,6,22794,0.07,127190.52,26071.42
2025-05-04,ORD-10972,CUST-1093,Smartphone,Electronics,West,Retail,6,51935,0.03,302261.7,45479.62
2025-05-04,ORD-10973,CUST-1331,Smartphone,Electronics,South,Online,4,17717,0.14,60946.48,14439.99
2025-05-05,ORD-10974,CUST-1205,Tablet,Electronics,West,Distributor,4,32156,0.11,114475.36,12442.16
2025-05-05,ORD-10975,CUST-1290,Mouse,Accessories,North,Online,3,764,0.14,1971.12,214.7
2025-05-05,ORD-10976,CUST-1114,Webcam,Accessories,South,Online,7,8933,0.12,55027.28,9024.77
2025-05-05,ORD-10977,CUST-1105,Mouse,Accessories,South,Retail,5,2424,0.06,11392.8,1746.77
2025-05-05,ORD-10978,CUST-1148,Keyboard,Accessories,East,Online,7,2277,0.06,14982.66,1570.34
2025-05-05,ORD-10979,CUST-1234,Smartphone,Electronics,North,Online,8,47547,0.06,357553.44,70196.82
2025-05-05,ORD-10980,CUST-1108,Tablet,Electronics,West,Distributor,3,36184,0.15,92269.2,13617.49
2025-05-06,ORD-10981,CUST-1170,Printer,Office Equipment,South,Retail,5,10393,0.01,51445.35,4629.46
2025-05-06,ORD-10982,CUST-1154,Headphones,Accessories,West,Distributor,1,1087,0.04,1043.52,193.41
2025-05-06,ORD-10983,CUST-1257,Headphones,Accessories,West,Retail,3,1673,0.09,4567.29,567.48
2025-05-06,ORD-10984,CUST-1072,Tablet,Electronics,East,Online,3,20875,0.05,59493.75,10124.17
2025-05-06,ORD-10985,CUST-1143,Headphones,Accessories,East,Retail,1,3095,0.07,2878.35,706.56
2025-05-06,ORD-10986,CUST-1264,Mouse,Accessories,East,Retail,5,2910,0.12,12804.0,3041.49
2025-05-06,ORD-10987,CUST-1077,Monitor,Electronics,West,Online,6,34145,0.15,174139.5,36538.79
2025-05-06,ORD-10988,CUST-1133,Keyboard,Accessories,South,Distributor,3,1247,0.03,3628.77,312.42
2025-05-07,ORD-10989,CUST-1020,Tablet,Electronics,West,Retail,7,22603,0.15,134487.85,31957.69
2025-05-07,ORD-10990,CUST-1443,Webcam,Accessories,South,Online,8,8999,0.07,66952.56,14983.48
2025-05-07,ORD-10991,CUST-1086,Headphones,Accessories,East,Distributor,2,4337,0.13,7546.38,835.47
2025-05-07,ORD-10992,CUST-1392,Smartphone,Electronics,South,Retail,4,91486,0.15,311052.4,25102.36
2025-05-07,ORD-10993,CUST-1013,Desktop,Electronics,East,Distributor,4,72644,0.1,261518.4,60372.18
2025-05-07,ORD-10994,CUST-1428,Desktop,Electronics,East,Online,7,64481,0.09,410743.97,99279.85
2025-05-07,ORD-10995,CUST-1232,Laptop,Electronics,East,Distributor,2,110323,0.12,194168.48,37303.98
2025-05-07,ORD-10996,CUST-1166,Laptop,Electronics,South,Online,6,55747,0.1,301033.8,72745.51
2025-05-08,ORD-10997,CUST-1280,Laptop,Electronics,West,Online,5,92358,0.12,406375.2,83894.53
2025-05-08,ORD-10998,CUST-1204,Printer,Office Equipment,North,Online,5,13833,0.04,66398.4,14013.33
2025-05-08,ORD-10999,CUST-1385,Keyboard,Accessories,South,Online,3,3982,0.12,10512.48,1350.21
2025-05-08,ORD-11000,CUST-1462,Mouse,Accessories,South,Retail,8,2170,0.11,15450.4,3656.94
2025-05-08,ORD-11001,CUST-1198,Desktop,Electronics,West,Retail,6,73597,0.03,428334.54,66702.49
2025-05-08,ORD-11002,CUST-1314,Smartphone,Electronics,South,Retail,7,26825,0.11,167119.75,36410.22
2025-05-08,ORD-11003,CUST-1346,Printer,Office Equipment,South,Distributor,2,9325,0.08,17158.0,4211.54
2025-05-08,ORD-11004,CUST-1148,Monitor,Electronics,West,Retail,8,27277,0.09,198576.56,33598.21
2025-05-09,ORD-11005,CUST-1462,Desktop,Electronics,East,Online,8,59686,0.02,467938.24,47600.67
2025-05-09,ORD-11006,CUST-1469,Webcam,Accessories,North,Distributor,7,6341,0.09,40392.17,7014.87
2025-05-09,ORD-11007,CUST-1368,Desktop,Electronics,East,Retail,9,67847,0.06,573985.62,91258.89
2025-05-09,ORD-11008,CUST-1236,Mouse,Accessories,South,Online,2,2462,0.0,4924.0,1013.79
2025-05-09,ORD-11009,CUST-1160,Printer,Office Equipment,West,Distributor,1,10729,0.06,10085.26,2014.47
2025-05-09,ORD-11010,CUST-1095,Tablet,Electronics,South,Online,5,37369,0.15,158818.25,36230.99
2025-05-09,ORD-11011,CUST-1002,Desktop,Electronics,West,Online,5,84132,0.02,412246.8,70429.86
2025-05-09,ORD-11012,CUST-1336,Laptop,Electronics,West,Retail,3,112537,0.07,313978.23,46740.55
2025-05-10,ORD-11013,CUST-1069,Smartphone,Electronics,North,Online,6,66773,0.12,352561.44,33457.37
2025-05-10,ORD-11014,CUST-1107,Desktop,Electronics,West,Distributor,1,85615,0.15,72772.75,16448.97
2025-05-10,ORD-11015,CUST-1275,Monitor,Electronics,South,Online,4,24279,0.13,84490.92,19085.84
2025-05-10,ORD-11016,CUST-1085,Mouse,Accessories,South,Distributor,8,1006,0.07,7484.64,626.53
2025-05-10,ORD-11017,CUST-1124,Tablet,Electronics,South,Retail,8,45899,0.0,367192.0,57435.35
2025-05-10,ORD-11018,CUST-1433,Smartphone,Electronics,West,Retail,7,21674,0.05,144132.1,14046.08
2025-05-10,ORD-11019,CUST-1262,Tablet,Electronics,West,Online,9,34056,0.01,303438.96,44892.48
2025-05-10,ORD-11020,CUST-1032,Laptop,Electronics,East,Distributor,9,52492,0.06,444082.32,59371.38
2025-05-11,ORD-11021,CUST-1177,Printer,Office Equipment,West,Distributor,8,11831,0.07,88022.64,21092.33
2025-05-11,ORD-11022,CUST-1176,Printer,Office Equipment,West,Online,1,13286,0.04,12754.56,1437.11
2025-05-11,ORD-11023,CUST-1308,Webcam,Accessories,West,Online,4,11128,0.14,38280.32,5269.52
2025-05-11,ORD-11024,CUST-1376,Mouse,Accessories,East,Retail,7,2107,0.12,12979.12,2523.51
2025-05-11,ORD-11025,CUST-1247,Monitor,Electronics,South,Online,4,19255,0.1,69318.0,6561.13
2025-05-11,ORD-11026,CUST-1252,Keyboard,Accessories,East,Online,3,4831,0.02,14203.14,2140.66
2025-05-11,ORD-11027,CUST-1133,Keyboard,Accessories,East,Distributor,9,1185,0.15,9065.25,1278.14
2025-05-11,ORD-11028,CUST-1413,Monitor,Electronics,North,Retail,3,37130,0.13,96909.3,16047.35
2025-05-12,ORD-11029,CUST-1249,Printer,Office Equipment,East,Retail,2,28236,0.03,54777.84,9615.53
2025-05-12,ORD-11030,CUST-1447,Headphones,Accessories,North,Distributor,1,5382,0.13,4682.34,1053.9
2025-05-12,ORD-11031,CUST-1499,Laptop,Electronics,North,Distributor,8,109917,0.14,756228.96,157658.57
2025-05-12,ORD-11032,CUST-1322,Smartphone,Electronics,North,Online,2,88724,0.01,175673.52,17201.93
2025-05-12,ORD-11033,CUST-1255,Headphones,Accessories,North,Online,3,5786,0.11,15448.62,3237.01
2025-05-12,ORD-11034,CUST-1496,Headphones,Accessories,West,Online,6,3257,0.02,19151.16,2189.39
2025-05-12,ORD-11035,CUST-1136,Keyboard,Accessories,East,Distributor,8,3596,0.04,27617.28,3013.45
2025-05-13,ORD-11036,CUST-1385,Printer,Office Equipment,West,Online,6,28625,0.1,154575.0,16350.0
2025-05-13,ORD-11037,CUST-1487,Monitor,Electronics,East,Online,7,23546,0.14,141746.92,32980.41
2025-05-13,ORD-11038,CUST-1035,Tablet,Electronics,North,Retail,3,15651,0.11,41788.17,7018.29
2025-05-13,ORD-11039,CUST-1018,Headphones,Accessories,South,Distributor,7,3692,0.07,24034.92,3529.65
2025-05-13,ORD-11040,CUST-1358,Laptop,Electronics,East,Distributor,9,88761,0.06,750918.06,173149.0
2025-05-13,ORD-11041,CUST-1312,Headphones,Accessories,South,Distributor,6,1129,0.12,5961.12,1389.15
2025-05-13,ORD-11042,CUST-1403,Printer,Office Equipment,West,Distributor,8,29098,0.03,225800.48,38962.39
2025-05-13,ORD-11043,CUST-1275,Headphones,Accessories,East,Retail,7,4232,0.13,25772.88,2431.1
2025-05-14,ORD-11044,CUST-1282,Monitor,Electronics,East,Distributor,9,27720,0.04,239500.8,22939.23
2025-05-14,ORD-11045,CUST-1303,Headphones,Accessories,East,Online,3,1383,0.0,4149.0,893.78
2025-05-14,ORD-11046,CUST-1190,Mouse,Accessories,East,Distributor,7,2469,0.02,16937.34,1527.59
2025-05-14,ORD-11047,CUST-1063,Webcam,Accessories,West,Retail,6,3528,0.01,20956.32,3995.61
2025-05-14,ORD-11048,CUST-1381,Smartphone,Electronics,South,Retail,1,74394,0.05,70674.3,8490.57
2025-05-14,ORD-11049,CUST-1266,Mouse,Accessories,South,Online,5,2746,0.1,12357.0,2489.19
2025-05-14,ORD-11050,CUST-1050,Headphones,Accessories,South,Distributor,9,4154,0.12,32899.68,4652.52
2025-05-14,ORD-11051,CUST-1066,Printer,Office Equipment,West,Online,7,10685,0.01,74047.05,11272.24
2025-05-15,ORD-11052,CUST-1286,Tablet,Electronics,West,Retail,2,39202,0.1,70563.6,10476.45
2025-05-15,ORD-11053,CUST-1476,Smartphone,Electronics,West,Distributor,8,98422,0.06,740133.44,114582.72
2025-05-15,ORD-11054,CUST-1234,Printer,Office Equipment,South,Distributor,3,12729,0.08,35132.04,5705.79
2025-05-15,ORD-11055,CUST-1016,Webcam,Accessories,South,Distributor,9,3434,0.1,27815.4,4378.8
2025-05-15,ORD-11056,CUST-1148,Headphones,Accessories,North,Distributor,2,7694,0.02,15080.24,2153.9
2025-05-15,ORD-11057,CUST-1150,Monitor,Electronics,West,Online,2,22172,0.05,42126.8,6051.86
2025-05-15,ORD-11058,CUST-1457,Monitor,Electronics,East,Retail,3,35683,0.09,97414.59,8598.85
2025-05-15,ORD-11059,CUST-1034,Keyboard,Accessories,North,Retail,3,4804,0.0,14412.0,2494.45
2025-05-16,ORD-11060,CUST-1193,Tablet,Electronics,West,Distributor,5,52077,0.07,242158.05,33279.77
2025-05-16,ORD-11061,CUST-1230,Smartphone,Electronics,West,Online,3,33156,0.08,91510.56,14491.53
2025-05-16,ORD-11062,CUST-1173,Headphones,Accessories,North,Distributor,2,7711,0.06,14496.68,3378.33
2025-05-16,ORD-11063,CUST-1012,Tablet,Electronics,East,Distributor,5,57330,0.01,283783.5,30692.47
2025-05-16,ORD-11064,CUST-1295,Desktop,Electronics,North,Distributor,9,45580,0.03,397913.4,73685.48
2025-05-16,ORD-11065,CUST-1337,Webcam,Accessories,South,Online,4,9296,0.08,34209.28,2845.28
2025-05-16,ORD-11066,CUST-1296,Mouse,Accessories,West,Online,4,1404,0.12,4942.08,1100.19
2025-05-16,ORD-11067,CUST-1478,Webcam,Accessories,North,Retail,6,8083,0.09,44133.18,7218.0
2025-05-17,ORD-11068,CUST-1195,Printer,Office Equipment,East,Online,3,21596,0.0,64788.0,10997.33
2025-05-17,ORD-11069,CUST-1130,Desktop,Electronics,North,Online,2,75506,0.03,146481.64,15305.25
2025-05-17,ORD-11070,CUST-1092,Mouse,Accessories,North,Distributor,7,1093,0.01,7574.49,1843.56
2025-05-17,ORD-11071,CUST-1457,Laptop,Electronics,East,Retail,5,101110,0.01,500494.5,52160.68
2025-05-17,ORD-11072,CUST-1300,Printer,Office Equipment,South,Retail,2,9699,0.03,18816.06,3911.16
2025-05-17,ORD-11073,CUST-1162,Webcam,Accessories,West,Distributor,9,7808,0.14,60433.92,7601.31
2025-05-17,ORD-11074,CUST-1467,Printer,Office Equipment,North,Retail,2,23865,0.0,47730.0,8959.02
2025-05-17,ORD-11075,CUST-1064,Webcam,Accessories,East,Distributor,2,5535,0.11,9852.3,1879.46
2025-05-18,ORD-11076,CUST-1400,Printer,Office Equipment,South,Retail,8,10749,0.13,74813.04,12349.65
2025-05-18,ORD-11077,CUST-1466,Webcam,Accessories,West,Online,3,5516,0.08,15224.16,2314.65
2025-05-18,ORD-11078,CUST-1030,Laptop,Electronics,West,Retail,8,87912,0.1,632966.4,68648.3
2025-05-18,ORD-11079,CUST-1108,Smartphone,Electronics,East,Online,5,64827,0.15,275514.75,61498.91
2025-05-18,ORD-11080,CUST-1357,Monitor,Electronics,North,Online,9,28451,0.01,253498.41,24146.12
2025-05-18,ORD-11081,CUST-1410,Webcam,Accessories,East,Distributor,5,8577,0.03,41598.45,6897.83
2025-05-18,ORD-11082,CUST-1164,Headphones,Accessories,East,Online,5,8417,0.04,40401.6,7780.83
2025-05-19,ORD-11083,CUST-1472,Tablet,Electronics,North,Distributor,6,16040,0.14,82766.4,8502.87
2025-05-19,ORD-11084,CUST-1458,Tablet,Electronics,West,Retail,1,15627,0.1,14064.3,2112.99
2025-05-19,ORD-11085,CUST-1417,Webcam,Accessories,West,Distributor,2,2770,0.08,5096.8,1181.12
2025-05-19,ORD-11086,CUST-1090,Desktop,Electronics,North,Online,6,64666,0.12,341436.48,48092.75
2025-05-19,ORD-11087,CUST-1010,Tablet,Electronics,East,Distributor,6,27647,0.07,154270.26,18151.21
2025-05-19,ORD-11088,CUST-1413,Headphones,Accessories,South,Online,4,2474,0.12,8708.48,1622.3
2025-05-19,ORD-11089,CUST-1361,Tablet,Electronics,South,Online,6,17411,0.04,100287.36,23443.8
2025-05-19,ORD-11090,CUST-1252,Keyboard,Accessories,South,Distributor,7,1708,0.13,10401.72,1838.48
2025-05-20,ORD-11091,CUST-1065,Keyboard,Accessories,East,Distributor,3,1335,0.09,3644.55,753.75
2025-05-20,ORD-11092,CUST-1496,Keyboard,Accessories,East,Distributor,9,3047,0.03,26600.31,5193.88
2025-05-20,ORD-11093,CUST-1482,Webcam,Accessories,North,Retail,8,1532,0.14,10540.16,1991.71
2025-05-20,ORD-11094,CUST-1253,Printer,Office Equipment,East,Distributor,7,16979,0.02,116475.94,19580.79
2025-05-20,ORD-11095,CUST-1229,Laptop,Electronics,East,Online,4,56155,0.04,215635.2,32649.44
2025-05-20,ORD-11096,CUST-1012,Printer,Office Equipment,South,Distributor,4,18967,0.01,75109.32,13310.07
2025-05-20,ORD-11097,CUST-1032,Printer,Office Equipment,North,Online,2,16191,0.03,31410.54,4270.83
2025-05-20,ORD-11098,CUST-1171,Tablet,Electronics,East,Online,7,16574,0.09,105576.38,19686.88
2025-05-21,ORD-11099,CUST-1420,Desktop,Electronics,East,Distributor,8,55621,0.14,382672.48,84772.66
2025-05-21,ORD-11100,CUST-1296,Keyboard,Accessories,North,Online,2,4392,0.11,7817.76,1456.52
2025-05-21,ORD-11101,CUST-1033,Laptop,Electronics,South,Online,1,99465,0.05,94491.75,21176.33
2025-05-21,ORD-11102,CUST-1052,Tablet,Electronics,North,Distributor,1,34757,0.09,31628.87,4852.27
2025-05-21,ORD-11103,CUST-1210,Laptop,Electronics,South,Distributor,5,99998,0.06,469990.6,86920.69
2025-05-21,ORD-11104,CUST-1450,Smartphone,Electronics,North,Retail,1,74429,0.06,69963.26,15054.55
2025-05-21,ORD-11105,CUST-1052,Laptop,Electronics,North,Distributor,8,117792,0.05,895219.2,100910.74
2025-05-21,ORD-11106,CUST-1181,Desktop,Electronics,West,Retail,4,77566,0.02,304058.72,50629.63
2025-05-22,ORD-11107,CUST-1030,Smartphone,Electronics,South,Retail,8,39369,0.04,302353.92,65155.56
2025-05-22,ORD-11108,CUST-1159,Smartphone,Electronics,South,Online,7,82256,0.14,495181.12,103118.26
2025-05-22,ORD-11109,CUST-1004,Tablet,Electronics,South,Online,5,54539,0.05,259060.25,36968.18
2025-05-22,ORD-11110,CUST-1102,Keyboard,Accessories,South,Online,9,1247,0.06,10549.62,1194.42
2025-05-22,ORD-11111,CUST-1307,Headphones,Accessories,East,Distributor,4,8794,0.1,31658.4,7817.31
2025-05-22,ORD-11112,CUST-1053,Smartphone,Electronics,West,Online,6,95753,0.04,551537.28,74934.74
2025-05-22,ORD-11113,CUST-1238,Tablet,Electronics,South,Online,4,15242,0.1,54871.2,10856.13
2025-05-22,ORD-11114,CUST-1003,Tablet,Electronics,East,Online,6,39635,0.03,230675.7,25679.18
2025-05-23,ORD-11115,CUST-1225,Desktop,Electronics,South,Distributor,6,41967,0.08,231657.84,24140.68
2025-05-23,ORD-11116,CUST-1145,Smartphone,Electronics,South,Online,6,20754,0.15,105845.4,12050.59
2025-05-23,ORD-11117,CUST-1100,Mouse,Accessories,North,Online,3,1791,0.13,4674.51,569.42
2025-05-23,ORD-11118,CUST-1335,Mouse,Accessories,North,Retail,2,485,0.12,853.6,88.2
2025-05-23,ORD-11119,CUST-1338,Keyboard,Accessories,South,Distributor,5,4537,0.04,21777.6,4739.09
2025-05-23,ORD-11120,CUST-1066,Smartphone,Electronics,South,Online,7,23569,0.02,161683.34,37197.34
2025-05-23,ORD-11121,CUST-1325,Webcam,Accessories,South,Online,7,7631,0.05,50746.15,7765.27
2025-05-23,ORD-11122,CUST-1126,Smartphone,Electronics,North,Distributor,4,85184,0.04,327106.56,34430.05
2025-05-24,ORD-11123,CUST-1107,Mouse,Accessories,North,Retail,3,2481,0.15,6326.55,1458.85
2025-05-24,ORD-11124,CUST-1330,Smartphone,Electronics,East,Retail,2,36945,0.08,67978.8,14120.72
2025-05-24,ORD-11125,CUST-1355,Webcam,Accessories,West,Distributor,8,4432,0.05,33683.2,4835.54
2025-05-24,ORD-11126,CUST-1404,Tablet,Electronics,North,Online,8,32585,0.09,237218.8,44710.51
2025-05-24,ORD-11127,CUST-1156,Keyboard,Accessories,West,Retail,4,4503,0.13,15670.44,2308.3
2025-05-24,ORD-11128,CUST-1384,Smartphone,Electronics,North,Retail,3,64034,0.04,184417.92,17410.71
2025-05-24,ORD-11129,CUST-1262,Tablet,Electronics,East,Retail,9,38040,0.03,332089.2,28889.87
2025-05-24,ORD-11130,CUST-1162,Tablet,Electronics,East,Retail,8,43344,0.06,325946.88,70654.12
2025-05-25,ORD-11131,CUST-1183,Laptop,Electronics,North,Retail,3,107892,0.04,310728.96,58948.49
2025-05-25,ORD-11132,CUST-1474,Webcam,Accessories,South,Online,9,10456,0.1,84693.6,18090.42
2025-05-25,ORD-11133,CUST-1100,Desktop,Electronics,East,Retail,2,63608,0.01,125943.84,14364.16
2025-05-25,ORD-11134,CUST-1437,Mouse,Accessories,East,Online,5,1180,0.11,5251.0,1310.96
2025-05-25,ORD-11135,CUST-1207,Mouse,Accessories,North,Retail,5,1819,0.12,8003.6,1189.72
2025-05-25,ORD-11136,CUST-1107,Webcam,Accessories,West,Online,3,8012,0.03,23314.92,4732.16
2025-05-25,ORD-11137,CUST-1405,Webcam,Accessories,North,Retail,9,9179,0.11,73523.79,11648.98
2025-05-26,ORD-11138,CUST-1285,Keyboard,Accessories,North,Retail,7,4221,0.03,28660.59,4485.25
2025-05-26,ORD-11139,CUST-1414,Monitor,Electronics,East,Retail,3,20012,0.14,51630.96,4215.45
2025-05-26,ORD-11140,CUST-1398,Keyboard,Accessories,East,Retail,7,4287,0.1,27008.1,4012.67
2025-05-26,ORD-11141,CUST-1078,Smartphone,Electronics,East,Distributor,1,89393,0.12,78665.84,18625.28
2025-05-26,ORD-11142,CUST-1273,Smartphone,Electronics,West,Online,7,64980,0.03,441214.2,64597.35
2025-05-26,ORD-11143,CUST-1458,Tablet,Electronics,East,Online,2,36550,0.09,66521.0,10427.9
2025-05-26,ORD-11144,CUST-1352,Monitor,Electronics,West,Online,2,32114,0.08,59089.76,5049.22
2025-05-26,ORD-11145,CUST-1105,Monitor,Electronics,South,Retail,4,12277,0.14,42232.88,6149.19
2025-05-27,ORD-11146,CUST-1087,Webcam,Accessories,East,Retail,2,8949,0.01,17719.02,2979.46
2025-05-27,ORD-11147,CUST-1380,Printer,Office Equipment,North,Retail,3,11628,0.02,34186.32,5166.59
2025-05-27,ORD-11148,CUST-1340,Keyboard,Accessories,West,Online,3,2484,0.05,7079.4,1550.69
2025-05-27,ORD-11149,CUST-1234,Smartphone,Electronics,East,Online,5,92003,0.03,446214.55,90068.96
2025-05-27,ORD-11150,CUST-1413,Laptop,Electronics,South,Distributor,3,108422,0.01,322013.34,47616.2
2025-05-27,ORD-11151,CUST-1046,Headphones,Accessories,East,Distributor,8,8539,0.07,63530.16,5504.53
2025-05-27,ORD-11152,CUST-1435,Tablet,Electronics,South,Retail,6,34493,0.06,194540.52,42795.61
2025-05-27,ORD-11153,CUST-1093,Keyboard,Accessories,North,Retail,3,4339,0.07,12105.81,2842.95
2025-05-28,ORD-11154,CUST-1149,Laptop,Electronics,North,Distributor,4,70700,0.04,271488.0,50706.94
2025-05-28,ORD-11155,CUST-1188,Keyboard,Accessories,North,Online,8,4169,0.15,28349.2,4932.2
2025-05-28,ORD-11156,CUST-1259,Webcam,Accessories,North,Retail,6,8219,0.07,45862.02,5639.67
2025-05-28,ORD-11157,CUST-1438,Laptop,Electronics,South,Retail,2,110542,0.06,207818.96,42979.61
2025-05-28,ORD-11158,CUST-1167,Laptop,Electronics,West,Retail,1,82847,0.02,81190.06,19153.81
2025-05-28,ORD-11159,CUST-1486,Tablet,Electronics,West,Online,2,20409,0.08,37552.56,4550.99
2025-05-28,ORD-11160,CUST-1051,Tablet,Electronics,South,Retail,5,25575,0.03,124038.75,10304.05
2025-05-28,ORD-11161,CUST-1390,Desktop,Electronics,North,Distributor,9,88591,0.06,749479.86,69843.65
2025-05-29,ORD-11162,CUST-1017,Mouse,Accessories,South,Retail,3,2204,0.05,6281.4,733.88
2025-05-29,ORD-11163,CUST-1026,Laptop,Electronics,North,Online,9,63473,0.06,536981.58,71104.48
2025-05-29,ORD-11164,CUST-1046,Printer,Office Equipment,North,Retail,4,16182,0.06,60844.32,7334.9
2025-05-29,ORD-11165,CUST-1032,Laptop,Electronics,South,Online,1,94186,0.12,82883.68,16211.48
2025-05-29,ORD-11166,CUST-1167,Monitor,Electronics,East,Distributor,3,11442,0.06,32266.44,3171.99
2025-05-29,ORD-11167,CUST-1109,Keyboard,Accessories,North,Retail,4,4036,0.14,13883.84,1395.84
2025-05-29,ORD-11168,CUST-1199,Headphones,Accessories,South,Retail,3,1245,0.06,3510.9,469.62
2025-05-29,ORD-11169,CUST-1034,Keyboard,Accessories,South,Retail,2,3081,0.1,5545.8,791.53
2025-05-30,ORD-11170,CUST-1472,Mouse,Accessories,South,Retail,8,817,0.11,5817.04,1247.84
2025-05-30,ORD-11171,CUST-1497,Desktop,Electronics,South,Retail,6,81344,0.1,439257.6,85762.01
2025-05-30,ORD-11172,CUST-1009,Monitor,Electronics,West,Retail,6,37903,0.1,204676.2,18723.22
2025-05-30,ORD-11173,CUST-1119,Webcam,Accessories,North,Distributor,4,9748,0.09,35482.72,8800.59
2025-05-30,ORD-11174,CUST-1317,Desktop,Electronics,North,Online,5,55492,0.11,246939.4,51544.1
2025-05-30,ORD-11175,CUST-1104,Monitor,Electronics,North,Online,6,26342,0.04,151729.92,16050.6
2025-05-30,ORD-11176,CUST-1402,Smartphone,Electronics,North,Distributor,8,58082,0.02,455362.88,61010.23
2025-05-30,ORD-11177,CUST-1169,Printer,Office Equipment,East,Online,5,32594,0.0,162970.0,36501.85
2025-05-31,ORD-11178,CUST-1127,Keyboard,Accessories,South,Distributor,9,1242,0.14,9613.08,1855.81
2025-05-31,ORD-11179,CUST-1033,Printer,Office Equipment,West,Online,9,18539,0.03,161845.47,30275.3
2025-05-31,ORD-11180,CUST-1088,Keyboard,Accessories,South,Online,1,1959,0.14,1684.74,170.74
2025-05-31,ORD-11181,CUST-1369,Webcam,Accessories,South,Online,2,8483,0.11,15099.74,2007.49
2025-05-31,ORD-11182,CUST-1229,Printer,Office Equipment,South,Retail,3,27852,0.04,80213.76,10308.27
2025-05-31,ORD-11183,CUST-1225,Tablet,Electronics,West,Distributor,2,38565,0.06,72502.2,7867.96
2025-05-31,ORD-11184,CUST-1010,Smartphone,Electronics,West,Retail,7,35431,0.12,218254.96,46904.07
2025-05-31,ORD-11185,CUST-1089,Desktop,Electronics,East,Retail,5,79005,0.08,363423.0,63230.1
2025-06-01,ORD-11186,CUST-1246,Tablet,Electronics,North,Retail,5,44727,0.04,214689.6,37691.8
2025-06-01,ORD-11187,CUST-1006,Monitor,Electronics,East,Retail,8,16413,0.02,128677.92,14442.35
2025-06-01,ORD-11188,CUST-1250,Printer,Office Equipment,East,Distributor,7,20931,0.15,124539.45,17863.27
2025-06-01,ORD-11189,CUST-1063,Smartphone,Electronics,West,Distributor,2,68580,0.13,119329.2,29679.6
2025-06-01,ORD-11190,CUST-1467,Monitor,Electronics,East,Distributor,4,35000,0.07,130200.0,16065.89
2025-06-01,ORD-11191,CUST-1376,Tablet,Electronics,South,Online,6,18781,0.1,101417.4,24087.46
2025-06-01,ORD-11192,CUST-1357,Tablet,Electronics,South,Retail,1,38685,0.09,35203.35,6864.38
2025-06-02,ORD-11193,CUST-1487,Smartphone,Electronics,South,Online,8,34315,0.04,263539.2,48060.43
2025-06-02,ORD-11194,CUST-1361,Desktop,Electronics,North,Distributor,2,82231,0.11,146371.18,21273.46
2025-06-02,ORD-11195,CUST-1154,Keyboard,Accessories,West,Distributor,7,2158,0.12,13293.28,1634.92
2025-06-02,ORD-11196,CUST-1408,Mouse,Accessories,East,Online,7,764,0.02,5241.04,929.47
2025-06-02,ORD-11197,CUST-1086,Mouse,Accessories,West,Online,4,2030,0.1,7308.0,592.62
2025-06-02,ORD-11198,CUST-1147,Desktop,Electronics,West,Online,2,85633,0.06,160990.04,24287.47
2025-06-02,ORD-11199,CUST-1093,Monitor,Electronics,North,Retail,6,16107,0.11,86011.38,9776.35
2025-06-02,ORD-11200,CUST-1414,Smartphone,Electronics,South,Retail,4,39331,0.03,152604.28,31663.2
2025-06-03,ORD-11201,CUST-1325,Printer,Office Equipment,South,Online,8,28540,0.14,196355.2,19353.4
2025-06-03,ORD-11202,CUST-1015,Mouse,Accessories,South,Retail,2,1947,0.02,3816.12,346.98
2025-06-03,ORD-11203,CUST-1003,Tablet,Electronics,North,Online,2,15623,0.01,30933.54,6428.17
2025-06-03,ORD-11204,CUST-1492,Keyboard,Accessories,East,Retail,9,859,0.06,7267.14,1223.88
2025-06-03,ORD-11205,CUST-1455,Tablet,Electronics,East,Retail,6,54608,0.06,307989.12,44052.75
2025-06-03,ORD-11206,CUST-1182,Keyboard,Accessories,East,Online,6,4064,0.06,22920.96,2056.72
2025-06-03,ORD-11207,CUST-1071,Laptop,Electronics,North,Distributor,8,102665,0.11,730974.8,168822.28
2025-06-03,ORD-11208,CUST-1127,Desktop,Electronics,East,Retail,9,58315,0.14,451358.1,93767.28
2025-06-04,ORD-11209,CUST-1326,Smartphone,Electronics,East,Online,8,82490,0.06,620324.8,69444.7
2025-06-04,ORD-11210,CUST-1248,Headphones,Accessories,West,Distributor,1,6333,0.1,5699.7,682.28
2025-06-04,ORD-11211,CUST-1476,Smartphone,Electronics,West,Distributor,2,60656,0.06,114033.28,27180.08
2025-06-04,ORD-11212,CUST-1445,Desktop,Electronics,North,Online,7,59258,0.09,377473.46,75883.54
2025-06-04,ORD-11213,CUST-1447,Tablet,Electronics,West,Online,2,34749,0.12,61158.24,15251.14
2025-06-04,ORD-11214,CUST-1108,Tablet,Electronics,South,Distributor,2,46599,0.1,83878.2,10145.34
2025-06-04,ORD-11215,CUST-1475,Desktop,Electronics,East,Retail,2,68501,0.15,116451.7,9894.63
2025-06-04,ORD-11216,CUST-1343,Mouse,Accessories,North,Distributor,4,1455,0.1,5238.0,1266.32
2025-06-05,ORD-11217,CUST-1354,Monitor,Electronics,East,Online,9,30760,0.11,246387.6,23499.24
2025-06-05,ORD-11218,CUST-1380,Smartphone,Electronics,West,Distributor,2,99408,0.05,188875.2,44334.38
2025-06-05,ORD-11219,CUST-1044,Webcam,Accessories,North,Online,7,5323,0.03,36143.17,3602.29
2025-06-05,ORD-11220,CUST-1160,Headphones,Accessories,West,Distributor,4,2902,0.09,10563.28,1073.87
2025-06-05,ORD-11221,CUST-1198,Laptop,Electronics,West,Retail,5,58111,0.09,264405.05,29686.29
2025-06-05,ORD-11222,CUST-1054,Headphones,Accessories,West,Online,3,9515,0.1,25690.5,4635.39
2025-06-05,ORD-11223,CUST-1428,Webcam,Accessories,South,Retail,8,6676,0.02,52339.84,12576.81
2025-06-05,ORD-11224,CUST-1434,Tablet,Electronics,North,Distributor,3,54417,0.04,156720.96,32441.27
2025-06-06,ORD-11225,CUST-1434,Headphones,Accessories,West,Distributor,5,9230,0.15,39227.5,3961.54
2025-06-06,ORD-11226,CUST-1414,Keyboard,Accessories,East,Online,8,3187,0.11,22691.44,3268.49
2025-06-06,ORD-11227,CUST-1438,Keyboard,Accessories,West,Distributor,4,1230,0.14,4231.2,896.7
2025-06-06,ORD-11228,CUST-1011,Printer,Office Equipment,West,Retail,5,34706,0.1,156177.0,35022.4
2025-06-06,ORD-11229,CUST-1270,Printer,Office Equipment,East,Retail,8,19413,0.11,138220.56,20246.65
2025-06-06,ORD-11230,CUST-1405,Keyboard,Accessories,North,Distributor,9,4025,0.01,35862.75,4840.8
2025-06-06,ORD-11231,CUST-1247,Mouse,Accessories,East,Online,8,1070,0.09,7789.6,1208.32
2025-06-06,ORD-11232,CUST-1371,Keyboard,Accessories,North,Distributor,4,2402,0.11,8551.12,697.37
2025-06-07,ORD-11233,CUST-1028,Monitor,Electronics,North,Retail,7,23995,0.1,151168.5,16416.58
2025-06-07,ORD-11234,CUST-1173,Tablet,Electronics,West,Online,3,18438,0.02,54207.72,9086.51
2025-06-07,ORD-11235,CUST-1154,Printer,Office Equipment,South,Distributor,4,9113,0.02,35722.96,5266.62
2025-06-07,ORD-11236,CUST-1195,Printer,Office Equipment,East,Distributor,2,33484,0.07,62280.24,13645.18
2025-06-07,ORD-11237,CUST-1250,Tablet,Electronics,South,Online,6,15760,0.02,92668.8,8715.34
2025-06-07,ORD-11238,CUST-1303,Smartphone,Electronics,South,Retail,8,50877,0.1,366314.4,35193.31
2025-06-07,ORD-11239,CUST-1032,Tablet,Electronics,South,Retail,7,34553,0.09,220102.61,21329.05
2025-06-08,ORD-11240,CUST-1299,Laptop,Electronics,North,Online,7,119479,0.07,777808.29,130837.61
2025-06-08,ORD-11241,CUST-1228,Desktop,Electronics,East,Online,3,79262,0.1,214007.4,17314.29
2025-06-08,ORD-11242,CUST-1131,Laptop,Electronics,North,Online,3,77030,0.1,207981.0,19743.54
2025-06-08,ORD-11243,CUST-1216,Desktop,Electronics,North,Online,9,59567,0.05,509297.85,87880.68
2025-06-08,ORD-11244,CUST-1273,Mouse,Accessories,West,Online,1,2527,0.14,2173.22,282.25
2025-06-08,ORD-11245,CUST-1180,Smartphone,Electronics,South,Distributor,8,56017,0.08,412285.12,102091.41
2025-06-08,ORD-11246,CUST-1438,Desktop,Electronics,South,Online,1,55538,0.01,54982.62,5722.78
2025-06-08,ORD-11247,CUST-1373,Smartphone,Electronics,West,Online,9,43316,0.09,354758.04,45110.06
2025-06-09,ORD-11248,CUST-1204,Webcam,Accessories,West,Online,5,5770,0.06,27119.0,6335.6
2025-06-09,ORD-11249,CUST-1375,Mouse,Accessories,East,Distributor,7,986,0.08,6349.84,584.15
2025-06-09,ORD-11250,CUST-1078,Keyboard,Accessories,East,Retail,6,4989,0.09,27239.94,4122.68
2025-06-09,ORD-11251,CUST-1272,Printer,Office Equipment,North,Distributor,1,27779,0.04,26667.84,3358.05
2025-06-09,ORD-11252,CUST-1465,Webcam,Accessories,East,Retail,7,2580,0.05,17157.0,1632.07
2025-06-09,ORD-11253,CUST-1496,Monitor,Electronics,South,Retail,4,18966,0.0,75864.0,10933.26
2025-06-09,ORD-11254,CUST-1301,Desktop,Electronics,West,Online,2,51516,0.08,94789.44,21691.33
2025-06-09,ORD-11255,CUST-1311,Webcam,Accessories,North,Online,6,10874,0.13,56762.28,9863.14
2025-06-10,ORD-11256,CUST-1379,Monitor,Electronics,West,Retail,6,34637,0.06,195352.68,27091.39
2025-06-10,ORD-11257,CUST-1079,Smartphone,Electronics,South,Online,3,48955,0.0,146865.0,24571.41
2025-06-10,ORD-11258,CUST-1189,Printer,Office Equipment,South,Distributor,5,9732,0.14,41847.6,7895.09
2025-06-10,ORD-11259,CUST-1408,Smartphone,Electronics,West,Distributor,7,75003,0.03,509270.37,126126.85
2025-06-10,ORD-11260,CUST-1472,Mouse,Accessories,South,Retail,5,2152,0.08,9899.2,2001.02
2025-06-10,ORD-11261,CUST-1324,Desktop,Electronics,North,Online,5,66641,0.12,293220.4,65590.99
2025-06-10,ORD-11262,CUST-1146,Keyboard,Accessories,West,Online,2,2152,0.09,3916.64,369.65
2025-06-10,ORD-11263,CUST-1350,Printer,Office Equipment,North,Retail,9,31946,0.02,281763.72,46385.88
2025-06-11,ORD-11264,CUST-1383,Laptop,Electronics,East,Online,4,50955,0.11,181399.8,36178.48
2025-06-11,ORD-11265,CUST-1476,Webcam,Accessories,South,Online,1,11451,0.07,10649.43,1157.07
2025-06-11,ORD-11266,CUST-1216,Desktop,Electronics,West,Retail,6,48737,0.08,269028.24,65083.91
2025-06-11,ORD-11267,CUST-1425,Monitor,Electronics,North,Retail,6,13710,0.05,78147.0,15273.11
2025-06-11,ORD-11268,CUST-1323,Mouse,Accessories,West,Online,8,1602,0.04,12303.36,988.94
2025-06-11,ORD-11269,CUST-1434,Mouse,Accessories,West,Online,9,545,0.14,4218.3,977.48
2025-06-11,ORD-11270,CUST-1002,Headphones,Accessories,East,Distributor,1,8542,0.05,8114.9,1137.4
2025-06-11,ORD-11271,CUST-1101,Monitor,Electronics,North,Distributor,7,21617,0.0,151319.0,23187.62
2025-06-12,ORD-11272,CUST-1079,Webcam,Accessories,East,Online,3,8229,0.02,24193.26,3940.12
2025-06-12,ORD-11273,CUST-1093,Tablet,Electronics,East,Online,7,39530,0.04,265641.6,40594.83
2025-06-12,ORD-11274,CUST-1002,Tablet,Electronics,East,Distributor,8,25605,0.02,200743.2,41554.94
2025-06-12,ORD-11275,CUST-1215,Keyboard,Accessories,East,Online,2,2352,0.04,4515.84,463.89
2025-06-12,ORD-11276,CUST-1060,Monitor,Electronics,West,Retail,4,25705,0.14,88425.2,21849.68
2025-06-12,ORD-11277,CUST-1451,Webcam,Accessories,West,Distributor,8,3587,0.05,27261.2,5723.4
2025-06-12,ORD-11278,CUST-1064,Printer,Office Equipment,South,Retail,3,11595,0.14,29915.1,6424.6
2025-06-12,ORD-11279,CUST-1219,Webcam,Accessories,North,Retail,1,5374,0.01,5320.26,1176.16
2025-06-13,ORD-11280,CUST-1126,Tablet,Electronics,South,Distributor,5,33495,0.07,155751.75,32607.09
2025-06-13,ORD-11281,CUST-1134,Webcam,Accessories,South,Distributor,3,5587,0.04,16090.56,1601.87
2025-06-13,ORD-11282,CUST-1358,Printer,Office Equipment,South,Online,4,23528,0.11,83759.68,18233.81
2025-06-13,ORD-11283,CUST-1140,Smartphone,Electronics,South,Online,3,45065,0.02,132491.1,19637.58
2025-06-13,ORD-11284,CUST-1194,Printer,Office Equipment,West,Distributor,1,28200,0.03,27354.0,6207.7
2025-06-13,ORD-11285,CUST-1261,Mouse,Accessories,West,Distributor,4,1308,0.05,4970.4,802.54
2025-06-13,ORD-11286,CUST-1179,Laptop,Electronics,West,Online,5,64425,0.04,309240.0,39488.25
2025-06-13,ORD-11287,CUST-1381,Headphones,Accessories,East,Online,1,3977,0.01,3937.23,349.87
2025-06-14,ORD-11288,CUST-1094,Mouse,Accessories,East,Retail,8,1547,0.14,10643.36,1033.78
2025-06-14,ORD-11289,CUST-1349,Headphones,Accessories,South,Retail,6,5986,0.02,35197.68,6818.53
2025-06-14,ORD-11290,CUST-1141,Headphones,Accessories,South,Distributor,6,9664,0.09,52765.44,6358.39
2025-06-14,ORD-11291,CUST-1061,Printer,Office Equipment,North,Distributor,2,11485,0.02,22510.6,4642.58
2025-06-14,ORD-11292,CUST-1279,Keyboard,Accessories,East,Retail,4,4451,0.14,15311.44,1419.82
2025-06-14,ORD-11293,CUST-1098,Tablet,Electronics,West,Distributor,4,49967,0.11,177882.52,15555.45
2025-06-14,ORD-11294,CUST-1367,Mouse,Accessories,North,Retail,9,1822,0.13,14266.26,2228.99
2025-06-15,ORD-11295,CUST-1404,Desktop,Electronics,North,Online,8,67459,0.08,496498.24,120110.63
2025-06-15,ORD-11296,CUST-1031,Smartphone,Electronics,South,Distributor,5,31899,0.04,153115.2,37128.37
2025-06-15,ORD-11297,CUST-1038,Printer,Office Equipment,South,Retail,8,30436,0.08,224008.96,37475.11
2025-06-15,ORD-11298,CUST-1139,Webcam,Accessories,South,Online,7,10715,0.12,66004.4,9778.18
2025-06-15,ORD-11299,CUST-1475,Laptop,Electronics,West,Distributor,3,78548,0.09,214436.04,17477.92
2025-06-15,ORD-11300,CUST-1137,Webcam,Accessories,North,Online,5,6471,0.13,28148.85,3670.1
2025-06-15,ORD-11301,CUST-1482,Keyboard,Accessories,East,Online,1,2751,0.04,2640.96,498.44
2025-06-15,ORD-11302,CUST-1059,Mouse,Accessories,North,Distributor,1,1419,0.15,1206.15,139.55
2025-06-16,ORD-11303,CUST-1281,Headphones,Accessories,East,Distributor,6,6317,0.01,37522.98,7501.91
2025-06-16,ORD-11304,CUST-1029,Monitor,Electronics,North,Retail,7,39436,0.09,251207.32,33960.21
2025-06-16,ORD-11305,CUST-1336,Keyboard,Accessories,North,Distributor,5,2247,0.04,10785.6,891.52
2025-06-16,ORD-11306,CUST-1418,Printer,Office Equipment,West,Online,5,28520,0.1,128340.0,22286.14
2025-06-16,ORD-11307,CUST-1385,Headphones,Accessories,West,Online,5,4341,0.09,19751.55,4292.3
2025-06-16,ORD-11308,CUST-1047,Tablet,Electronics,West,Online,4,43436,0.06,163319.36,38113.61
2025-06-16,ORD-11309,CUST-1373,Tablet,Electronics,South,Distributor,3,26541,0.03,77234.31,12619.17
2025-06-16,ORD-11310,CUST-1201,Mouse,Accessories,South,Online,1,1670,0.02,1636.6,180.38
2025-06-17,ORD-11311,CUST-1496,Monitor,Electronics,West,Online,2,23972,0.04,46026.24,10795.56
2025-06-17,ORD-11312,CUST-1010,Webcam,Accessories,North,Online,3,1693,0.09,4621.89,666.66
2025-06-17,ORD-11313,CUST-1480,Laptop,Electronics,North,Online,3,82550,0.12,217932.0,27350.81
2025-06-17,ORD-11314,CUST-1043,Desktop,Electronics,South,Online,9,88243,0.12,698884.56,157222.77
2025-06-17,ORD-11315,CUST-1124,Tablet,Electronics,North,Distributor,8,25691,0.05,195251.6,31516.42
2025-06-17,ORD-11316,CUST-1278,Mouse,Accessories,East,Online,9,904,0.0,8136.0,712.46
2025-06-17,ORD-11317,CUST-1116,Webcam,Accessories,West,Retail,7,3823,0.0,26761.0,3161.36
2025-06-17,ORD-11318,CUST-1350,Monitor,Electronics,West,Distributor,6,31474,0.04,181290.24,42909.13
2025-06-18,ORD-11319,CUST-1489,Desktop,Electronics,East,Retail,8,51112,0.15,347561.6,41070.94
2025-06-18,ORD-11320,CUST-1043,Desktop,Electronics,North,Distributor,6,47756,0.05,272209.2,64567.85
2025-06-18,ORD-11321,CUST-1347,Monitor,Electronics,West,Online,3,24045,0.08,66364.2,12073.9
2025-06-18,ORD-11322,CUST-1255,Mouse,Accessories,East,Retail,5,1826,0.13,7943.1,1001.51
2025-06-18,ORD-11323,CUST-1075,Desktop,Electronics,West,Retail,1,49741,0.12,43772.08,4592.57
2025-06-18,ORD-11324,CUST-1142,Tablet,Electronics,South,Online,2,22416,0.09,40797.12,9918.98
2025-06-18,ORD-11325,CUST-1253,Headphones,Accessories,West,Retail,3,3979,0.12,10504.56,1470.04
2025-06-18,ORD-11326,CUST-1125,Printer,Office Equipment,West,Retail,6,12529,0.12,66153.12,12646.64
2025-06-19,ORD-11327,CUST-1420,Webcam,Accessories,South,Retail,8,10326,0.08,75999.36,12959.46
2025-06-19,ORD-11328,CUST-1383,Desktop,Electronics,South,Distributor,7,74533,0.09,474775.21,93955.56
2025-06-19,ORD-11329,CUST-1008,Desktop,Electronics,East,Distributor,4,63704,0.0,254816.0,63439.99
2025-06-19,ORD-11330,CUST-1434,Tablet,Electronics,South,Retail,3,22219,0.01,65990.43,9198.35
2025-06-19,ORD-11331,CUST-1124,Tablet,Electronics,South,Online,3,51143,0.15,130414.65,30673.81
2025-06-19,ORD-11332,CUST-1193,Laptop,Electronics,North,Distributor,3,65366,0.14,168644.28,33673.82
2025-06-19,ORD-11333,CUST-1037,Printer,Office Equipment,West,Distributor,6,9772,0.11,52182.48,10053.84
2025-06-19,ORD-11334,CUST-1039,Monitor,Electronics,North,Distributor,1,14813,0.05,14072.35,1314.76
2025-06-20,ORD-11335,CUST-1383,Printer,Office Equipment,East,Retail,3,33081,0.03,96265.71,19869.71
2025-06-20,ORD-11336,CUST-1146,Printer,Office Equipment,North,Online,6,22548,0.12,119053.44,23595.44
2025-06-20,ORD-11337,CUST-1426,Laptop,Electronics,West,Distributor,1,72751,0.08,66930.92,5478.13
2025-06-20,ORD-11338,CUST-1363,Tablet,Electronics,South,Retail,9,31911,0.14,246991.14,40832.16
2025-06-20,ORD-11339,CUST-1064,Monitor,Electronics,South,Retail,5,13012,0.08,59855.2,14739.19
2025-06-20,ORD-11340,CUST-1499,Smartphone,Electronics,North,Distributor,1,43692,0.06,41070.48,9028.35
2025-06-20,ORD-11341,CUST-1194,Tablet,Electronics,South,Online,8,35525,0.1,255780.0,38077.2
2025-06-21,ORD-11342,CUST-1185,Headphones,Accessories,East,Online,7,4190,0.04,28156.8,2752.27
2025-06-21,ORD-11343,CUST-1305,Keyboard,Accessories,North,Retail,5,2133,0.08,9811.8,893.9
2025-06-21,ORD-11344,CUST-1137,Keyboard,Accessories,North,Distributor,9,2452,0.1,19861.2,1698.18
2025-06-21,ORD-11345,CUST-1024,Smartphone,Electronics,East,Online,1,88890,0.15,75556.5,12258.83
2025-06-21,ORD-11346,CUST-1256,Mouse,Accessories,South,Retail,1,1860,0.11,1655.4,402.24
2025-06-21,ORD-11347,CUST-1208,Printer,Office Equipment,North,Distributor,6,12244,0.11,65382.96,6313.02
2025-06-21,ORD-11348,CUST-1444,Monitor,Electronics,North,Retail,1,29240,0.12,25731.2,4144.83
2025-06-21,ORD-11349,CUST-1047,Monitor,Electronics,South,Online,3,32360,0.07,90284.4,20809.17
2025-06-22,ORD-11350,CUST-1333,Monitor,Electronics,East,Retail,3,26437,0.08,72966.12,14876.52
2025-06-22,ORD-11351,CUST-1220,Monitor,Electronics,North,Distributor,6,19530,0.05,111321.0,25104.21
2025-06-22,ORD-11352,CUST-1490,Printer,Office Equipment,South,Distributor,4,14842,0.15,50462.8,9243.23
2025-06-22,ORD-11353,CUST-1280,Tablet,Electronics,North,Retail,2,15979,0.02,31318.84,7140.0
2025-06-22,ORD-11354,CUST-1034,Desktop,Electronics,East,Distributor,8,60559,0.03,469937.84,61211.0
2025-06-22,ORD-11355,CUST-1235,Headphones,Accessories,East,Retail,6,2461,0.01,14618.34,2935.53
2025-06-22,ORD-11356,CUST-1249,Mouse,Accessories,North,Retail,8,975,0.14,6708.0,1644.71
2025-06-22,ORD-11357,CUST-1066,Mouse,Accessories,West,Retail,7,2075,0.13,12636.75,2981.18
2025-06-23,ORD-11358,CUST-1230,Webcam,Accessories,East,Distributor,6,7622,0.01,45274.68,6802.2
2025-06-23,ORD-11359,CUST-1079,Laptop,Electronics,North,Retail,1,82088,0.1,73879.2,12953.69
2025-06-23,ORD-11360,CUST-1198,Printer,Office Equipment,West,Distributor,3,26682,0.06,75243.24,6952.96
2025-06-23,ORD-11361,CUST-1418,Desktop,Electronics,West,Online,6,70531,0.07,393562.98,67287.34
2025-06-23,ORD-11362,CUST-1203,Desktop,Electronics,West,Online,3,87957,0.02,258593.58,62870.09
2025-06-23,ORD-11363,CUST-1248,Printer,Office Equipment,South,Distributor,6,10112,0.05,57638.4,14374.7
2025-06-23,ORD-11364,CUST-1485,Tablet,Electronics,West,Online,2,33243,0.07,61831.98,10676.15
2025-06-23,ORD-11365,CUST-1031,Keyboard,Accessories,East,Retail,6,1056,0.15,5385.6,1139.67
2025-06-24,ORD-11366,CUST-1388,Tablet,Electronics,West,Retail,4,18544,0.03,71950.72,6036.68
2025-06-24,ORD-11367,CUST-1041,Mouse,Accessories,East,Distributor,3,742,0.02,2181.48,276.1
2025-06-24,ORD-11368,CUST-1094,Tablet,Electronics,North,Online,7,49391,0.03,335364.89,77745.12
2025-06-24,ORD-11369,CUST-1482,Printer,Office Equipment,West,Retail,6,32680,0.04,188236.8,21414.36
2025-06-24,ORD-11370,CUST-1467,Tablet,Electronics,West,Online,9,25530,0.14,197602.2,30480.79
2025-06-24,ORD-11371,CUST-1074,Webcam,Accessories,East,Distributor,4,2774,0.11,9875.44,1761.22
2025-06-24,ORD-11372,CUST-1255,Headphones,Accessories,East,Online,1,3465,0.13,3014.55,719.72
2025-06-24,ORD-11373,CUST-1482,Printer,Office Equipment,South,Distributor,5,25062,0.11,111525.9,27658.49
2025-06-25,ORD-11374,CUST-1215,Tablet,Electronics,South,Distributor,2,17391,0.03,33738.54,8314.37
2025-06-25,ORD-11375,CUST-1347,Printer,Office Equipment,North,Retail,4,19406,0.03,75295.28,8470.5
2025-06-25,ORD-11376,CUST-1444,Headphones,Accessories,North,Distributor,1,5947,0.13,5173.89,855.53
2025-06-25,ORD-11377,CUST-1277,Tablet,Electronics,West,Distributor,8,42135,0.06,316855.2,44320.41
2025-06-25,ORD-11378,CUST-1283,Headphones,Accessories,South,Distributor,2,3880,0.07,7216.8,1035.11
2025-06-25,ORD-11379,CUST-1223,Printer,Office Equipment,East,Distributor,7,17339,0.13,105594.51,20807.78
2025-06-25,ORD-11380,CUST-1332,Smartphone,Electronics,North,Distributor,2,26484,0.12,46611.84,4551.56
2025-06-25,ORD-11381,CUST-1278,Printer,Office Equipment,North,Distributor,2,24266,0.11,43193.48,8036.16
2025-06-26,ORD-11382,CUST-1436,Tablet,Electronics,West,Online,9,53091,0.12,420480.72,81367.53
2025-06-26,ORD-11383,CUST-1486,Keyboard,Accessories,North,Retail,8,3921,0.02,30740.64,6934.42
2025-06-26,ORD-11384,CUST-1003,Tablet,Electronics,East,Online,7,57261,0.11,356736.03,73486.2
2025-06-26,ORD-11385,CUST-1429,Webcam,Accessories,West,Distributor,5,5884,0.13,25595.4,3198.53
2025-06-26,ORD-11386,CUST-1404,Keyboard,Accessories,East,Distributor,1,4196,0.0,4196.0,354.4
2025-06-26,ORD-11387,CUST-1220,Smartphone,Electronics,South,Distributor,6,58920,0.03,342914.4,60789.08
2025-06-26,ORD-11388,CUST-1410,Printer,Office Equipment,West,Online,4,28193,0.1,101494.8,22415.48
2025-06-26,ORD-11389,CUST-1223,Printer,Office Equipment,South,Online,3,21209,0.14,54719.22,9189.39
2025-06-27,ORD-11390,CUST-1431,Monitor,Electronics,East,Distributor,9,13878,0.09,113660.82,24247.01
2025-06-27,ORD-11391,CUST-1005,Monitor,Electronics,South,Online,6,16676,0.01,99055.44,8356.2
2025-06-27,ORD-11392,CUST-1375,Smartphone,Electronics,South,Retail,9,25324,0.09,207403.56,17483.97
2025-06-27,ORD-11393,CUST-1099,Headphones,Accessories,South,Distributor,3,4927,0.1,13302.9,1565.73
2025-06-27,ORD-11394,CUST-1073,Printer,Office Equipment,North,Distributor,5,29602,0.01,146529.9,13789.02
2025-06-27,ORD-11395,CUST-1054,Smartphone,Electronics,South,Retail,2,29540,0.07,54944.4,9961.53
2025-06-27,ORD-11396,CUST-1467,Mouse,Accessories,South,Retail,3,780,0.01,2316.6,517.96
2025-06-28,ORD-11397,CUST-1320,Desktop,Electronics,North,Online,8,41438,0.06,311613.76,50702.03
2025-06-28,ORD-11398,CUST-1082,Printer,Office Equipment,South,Retail,7,18275,0.1,115132.5,18035.43
2025-06-28,ORD-11399,CUST-1177,Laptop,Electronics,West,Distributor,3,54122,0.02,159118.68,22002.58
2025-06-28,ORD-11400,CUST-1474,Smartphone,Electronics,North,Online,9,15657,0.02,138094.74,28459.73
2025-06-28,ORD-11401,CUST-1078,Smartphone,Electronics,South,Retail,1,85248,0.0,85248.0,14236.13
2025-06-28,ORD-11402,CUST-1372,Desktop,Electronics,South,Retail,4,41933,0.05,159345.4,18700.68
2025-06-28,ORD-11403,CUST-1282,Mouse,Accessories,East,Retail,8,1216,0.14,8366.08,1165.01
2025-06-28,ORD-11404,CUST-1128,Tablet,Electronics,South,Online,7,48597,0.14,292553.94,69276.53
2025-06-29,ORD-11405,CUST-1159,Mouse,Accessories,South,Online,7,821,0.09,5229.77,1099.8
2025-06-29,ORD-11406,CUST-1417,Tablet,Electronics,East,Distributor,7,44239,0.06,291092.62,60257.18
2025-06-29,ORD-11407,CUST-1459,Desktop,Electronics,North,Retail,7,68135,0.03,462636.65,64767.11
2025-06-29,ORD-11408,CUST-1309,Monitor,Electronics,East,Retail,1,26756,0.04,25685.76,3844.32
2025-06-29,ORD-11409,CUST-1095,Laptop,Electronics,East,Online,2,73580,0.12,129500.8,19813.07
2025-06-29,ORD-11410,CUST-1160,Desktop,Electronics,North,Online,4,83054,0.06,312283.04,32682.53
2025-06-29,ORD-11411,CUST-1164,Headphones,Accessories,South,Distributor,1,6388,0.03,6196.36,1093.47
2025-06-29,ORD-11412,CUST-1052,Desktop,Electronics,East,Distributor,7,58586,0.09,373192.82,63306.42
2025-06-30,ORD-11413,CUST-1387,Smartphone,Electronics,West,Retail,2,90228,0.13,156996.72,23816.01
2025-06-30,ORD-11414,CUST-1023,Headphones,Accessories,East,Retail,4,4229,0.01,16746.84,2745.96
2025-06-30,ORD-11415,CUST-1196,Desktop,Electronics,South,Distributor,2,69673,0.03,135165.62,18324.23
2025-06-30,ORD-11416,CUST-1002,Laptop,Electronics,West,Retail,5,52337,0.1,235516.5,53117.81
2025-06-30,ORD-11417,CUST-1020,Monitor,Electronics,East,Distributor,7,11212,0.13,68281.08,16118.83
2025-06-30,ORD-11418,CUST-1370,Laptop,Electronics,East,Retail,2,111589,0.01,220946.22,47818.78
2025-06-30,ORD-11419,CUST-1252,Headphones,Accessories,North,Retail,6,7559,0.01,44900.46,9504.72
2025-06-30,ORD-11420,CUST-1062,Mouse,Accessories,East,Distributor,8,2420,0.13,16843.2,4116.75
2025-07-01,ORD-11421,CUST-1053,Desktop,Electronics,East,Distributor,1,54681,0.01,54134.19,4426.41
2025-07-01,ORD-11422,CUST-1415,Printer,Office Equipment,East,Distributor,4,13576,0.01,53760.96,10918.76
2025-07-01,ORD-11423,CUST-1024,Laptop,Electronics,East,Online,1,84037,0.13,73112.19,6384.37
2025-07-01,ORD-11424,CUST-1357,Mouse,Accessories,South,Online,6,2909,0.12,15359.52,2219.83
2025-07-01,ORD-11425,CUST-1385,Smartphone,Electronics,West,Distributor,8,30715,0.02,240805.6,54547.8
2025-07-01,ORD-11426,CUST-1338,Tablet,Electronics,West,Retail,2,49194,0.08,90516.96,16133.78
2025-07-01,ORD-11427,CUST-1364,Headphones,Accessories,North,Retail,8,4700,0.01,37224.0,7826.51
2025-07-01,ORD-11428,CUST-1253,Webcam,Accessories,North,Online,4,4873,0.1,17542.8,1627.53
2025-07-02,ORD-11429,CUST-1053,Laptop,Electronics,East,Online,4,111361,0.12,391990.72,43881.78
2025-07-02,ORD-11430,CUST-1159,Smartphone,Electronics,West,Distributor,9,82361,0.13,644886.63,134963.78
2025-07-02,ORD-11431,CUST-1186,Monitor,Electronics,West,Retail,9,13462,0.14,104195.88,12211.07
2025-07-02,ORD-11432,CUST-1142,Smartphone,Electronics,West,Online,9,41610,0.12,329551.2,36893.95
2025-07-02,ORD-11433,CUST-1056,Mouse,Accessories,South,Online,2,1003,0.07,1865.58,183.24
2025-07-02,ORD-11434,CUST-1231,Tablet,Electronics,East,Retail,3,32482,0.0,97446.0,18760.36
2025-07-02,ORD-11435,CUST-1203,Desktop,Electronics,West,Distributor,9,45509,0.05,389101.95,45155.76
2025-07-02,ORD-11436,CUST-1332,Headphones,Accessories,West,Distributor,1,8230,0.04,7900.8,763.44
2025-07-03,ORD-11437,CUST-1141,Printer,Office Equipment,West,Distributor,4,17633,0.03,68416.04,7527.79
2025-07-03,ORD-11438,CUST-1056,Printer,Office Equipment,South,Online,2,30320,0.01,60033.6,7343.34
2025-07-03,ORD-11439,CUST-1141,Laptop,Electronics,South,Distributor,1,84888,0.04,81492.48,13891.4
2025-07-03,ORD-11440,CUST-1450,Printer,Office Equipment,East,Retail,7,20874,0.02,143195.64,29321.76
2025-07-03,ORD-11441,CUST-1305,Keyboard,Accessories,East,Distributor,3,2467,0.05,7030.95,906.7
2025-07-03,ORD-11442,CUST-1244,Laptop,Electronics,East,Distributor,2,74258,0.08,136634.72,27201.25
2025-07-03,ORD-11443,CUST-1170,Keyboard,Accessories,West,Online,3,3381,0.1,9128.7,988.91
2025-07-04,ORD-11444,CUST-1135,Laptop,Electronics,North,Online,8,106088,0.05,806268.8,88832.73
2025-07-04,ORD-11445,CUST-1126,Laptop,Electronics,West,Online,6,112105,0.09,612093.3,99778.7
2025-07-04,ORD-11446,CUST-1085,Laptop,Electronics,South,Online,1,88097,0.13,76644.39,12975.57
2025-07-04,ORD-11447,CUST-1179,Desktop,Electronics,East,Distributor,5,88246,0.05,419168.5,68497.38
2025-07-04,ORD-11448,CUST-1154,Tablet,Electronics,East,Distributor,5,38874,0.07,180764.1,39897.78
2025-07-04,ORD-11449,CUST-1327,Smartphone,Electronics,North,Online,8,29779,0.04,228702.72,38486.67
2025-07-04,ORD-11450,CUST-1015,Printer,Office Equipment,South,Distributor,4,29606,0.15,100660.4,14165.24
2025-07-04,ORD-11451,CUST-1488,Printer,Office Equipment,West,Distributor,6,14760,0.11,78818.4,8902.79
2025-07-05,ORD-11452,CUST-1230,Desktop,Electronics,South,Retail,5,81083,0.1,364873.5,84967.23
2025-07-05,ORD-11453,CUST-1141,Headphones,Accessories,East,Online,6,7406,0.09,40436.76,9732.94
2025-07-05,ORD-11454,CUST-1407,Laptop,Electronics,West,Distributor,9,94993,0.13,743795.19,75051.47
2025-07-05,ORD-11455,CUST-1350,Headphones,Accessories,South,Retail,5,2805,0.15,11921.25,1964.83
2025-07-05,ORD-11456,CUST-1155,Monitor,Electronics,West,Retail,9,19495,0.09,159664.05,30804.7
2025-07-05,ORD-11457,CUST-1422,Desktop,Electronics,North,Online,5,41021,0.07,190747.65,22307.04
2025-07-05,ORD-11458,CUST-1000,Tablet,Electronics,North,Retail,5,15333,0.06,72065.1,13854.02
2025-07-05,ORD-11459,CUST-1340,Monitor,Electronics,South,Online,6,38793,0.04,223447.68,50506.28
2025-07-06,ORD-11460,CUST-1148,Mouse,Accessories,South,Online,3,1205,0.06,3398.1,802.31
2025-07-06,ORD-11461,CUST-1216,Tablet,Electronics,West,Online,6,31300,0.12,165264.0,31118.81
2025-07-06,ORD-11462,CUST-1347,Mouse,Accessories,East,Distributor,5,2845,0.05,13513.75,2376.59
2025-07-06,ORD-11463,CUST-1154,Monitor,Electronics,East,Online,4,18192,0.02,71312.64,12424.68
2025-07-06,ORD-11464,CUST-1426,Mouse,Accessories,West,Online,8,2635,0.03,20447.6,4355.52
2025-07-06,ORD-11465,CUST-1350,Monitor,Electronics,East,Retail,9,24480,0.1,198288.0,32846.13
2025-07-06,ORD-11466,CUST-1014,Headphones,Accessories,North,Retail,7,8643,0.06,56870.94,8516.08
2025-07-06,ORD-11467,CUST-1297,Desktop,Electronics,East,Online,3,80318,0.14,207220.44,44288.7
2025-07-07,ORD-11468,CUST-1432,Smartphone,Electronics,West,Online,9,89130,0.13,697887.9,62182.6
2025-07-07,ORD-11469,CUST-1235,Printer,Office Equipment,North,Online,1,23165,0.12,20385.2,4662.81
2025-07-07,ORD-11470,CUST-1148,Laptop,Electronics,West,Distributor,5,64031,0.05,304147.25,29367.8
2025-07-07,ORD-11471,CUST-1378,Headphones,Accessories,North,Distributor,1,2989,0.11,2660.21,517.81
2025-07-07,ORD-11472,CUST-1069,Keyboard,Accessories,South,Distributor,9,1980,0.08,16394.4,4007.4
2025-07-07,ORD-11473,CUST-1003,Monitor,Electronics,West,Distributor,5,30586,0.05,145283.5,36053.11
2025-07-07,ORD-11474,CUST-1061,Keyboard,Accessories,North,Online,2,1350,0.0,2700.0,493.14
2025-07-07,ORD-11475,CUST-1200,Keyboard,Accessories,North,Online,2,4680,0.0,9360.0,1553.64
2025-07-08,ORD-11476,CUST-1430,Mouse,Accessories,East,Distributor,7,2381,0.15,14166.95,3108.88
2025-07-08,ORD-11477,CUST-1072,Tablet,Electronics,South,Online,2,43334,0.02,84934.64,7107.49
2025-07-08,ORD-11478,CUST-1341,Webcam,Accessories,North,Distributor,9,4782,0.07,40025.34,5175.52
2025-07-08,ORD-11479,CUST-1409,Tablet,Electronics,North,Retail,6,58758,0.04,338446.08,49274.21
2025-07-08,ORD-11480,CUST-1288,Printer,Office Equipment,West,Online,7,12855,0.0,89985.0,14190.99
2025-07-08,ORD-11481,CUST-1317,Smartphone,Electronics,West,Online,5,19467,0.1,87601.5,20310.19
2025-07-08,ORD-11482,CUST-1004,Headphones,Accessories,South,Retail,3,8666,0.13,22618.26,3571.86
2025-07-08,ORD-11483,CUST-1199,Webcam,Accessories,North,Online,9,4953,0.05,42348.15,8472.09
2025-07-09,ORD-11484,CUST-1366,Monitor,Electronics,South,Retail,6,31493,0.11,168172.62,23153.92
2025-07-09,ORD-11485,CUST-1192,Mouse,Accessories,West,Distributor,7,679,0.14,4087.58,775.3
2025-07-09,ORD-11486,CUST-1357,Monitor,Electronics,East,Distributor,9,35408,0.1,286804.8,35583.42
2025-07-09,ORD-11487,CUST-1023,Smartphone,Electronics,North,Distributor,6,91610,0.09,500190.6,74349.11
2025-07-09,ORD-11488,CUST-1347,Monitor,Electronics,West,Retail,4,13163,0.1,47386.8,7814.26
2025-07-09,ORD-11489,CUST-1456,Keyboard,Accessories,West,Retail,4,1663,0.13,5787.24,634.16
2025-07-09,ORD-11490,CUST-1383,Desktop,Electronics,North,Retail,1,80101,0.04,76896.96,6640.91
2025-07-09,ORD-11491,CUST-1193,Headphones,Accessories,South,Distributor,1,3851,0.05,3658.45,727.24
2025-07-10,ORD-11492,CUST-1347,Smartphone,Electronics,East,Online,9,41179,0.03,359492.67,58772.56
2025-07-10,ORD-11493,CUST-1098,Keyboard,Accessories,North,Distributor,3,4355,0.12,11497.2,2500.35
2025-07-10,ORD-11494,CUST-1002,Laptop,Electronics,East,Retail,2,76678,0.0,153356.0,15933.02
2025-07-10,ORD-11495,CUST-1490,Smartphone,Electronics,West,Online,9,24432,0.05,208893.6,40943.44
2025-07-10,ORD-11496,CUST-1286,Keyboard,Accessories,South,Online,8,4902,0.05,37255.2,6897.48
2025-07-10,ORD-11497,CUST-1040,Tablet,Electronics,South,Distributor,7,55990,0.06,368414.2,33911.6
2025-07-10,ORD-11498,CUST-1276,Mouse,Accessories,East,Online,2,883,0.07,1642.38,145.76
2025-07-11,ORD-11499,CUST-1446,Keyboard,Accessories,South,Retail,5,2859,0.06,13437.3,1892.56
2025-07-11,ORD-11500,CUST-1312,Desktop,Electronics,East,Retail,9,77706,0.04,671379.84,112804.68
2025-07-11,ORD-11501,CUST-1241,Smartphone,Electronics,East,Distributor,1,86557,0.1,77901.3,7700.44
2025-07-11,ORD-11502,CUST-1454,Laptop,Electronics,North,Online,1,94308,0.06,88649.52,10113.75
2025-07-11,ORD-11503,CUST-1449,Keyboard,Accessories,North,Online,9,3500,0.14,27090.0,5222.06
2025-07-11,ORD-11504,CUST-1391,Tablet,Electronics,North,Retail,2,51952,0.14,89357.44,17829.08
2025-07-11,ORD-11505,CUST-1454,Desktop,Electronics,West,Online,7,79200,0.11,493416.0,117428.97
2025-07-11,ORD-11506,CUST-1332,Mouse,Accessories,East,Retail,1,826,0.01,817.74,135.98
2025-07-12,ORD-11507,CUST-1396,Tablet,Electronics,South,Distributor,5,29926,0.0,149630.0,13378.51
2025-07-12,ORD-11508,CUST-1392,Smartphone,Electronics,West,Distributor,7,17371,0.08,111869.24,9941.13
2025-07-12,ORD-11509,CUST-1224,Monitor,Electronics,North,Distributor,7,32981,0.06,217014.98,22443.9
2025-07-12,ORD-11510,CUST-1121,Headphones,Accessories,South,Online,6,4172,0.05,23780.4,5613.88
2025-07-12,ORD-11511,CUST-1413,Smartphone,Electronics,North,Online,1,44769,0.06,42082.86,8750.57
2025-07-12,ORD-11512,CUST-1144,Keyboard,Accessories,North,Retail,1,1427,0.01,1412.73,218.34
2025-07-12,ORD-11513,CUST-1336,Headphones,Accessories,North,Distributor,4,5790,0.02,22696.8,3350.71
2025-07-12,ORD-11514,CUST-1361,Desktop,Electronics,East,Online,2,56397,0.14,97002.84,11154.97
2025-07-13,ORD-11515,CUST-1334,Tablet,Electronics,South,Distributor,5,39047,0.12,171806.8,22292.99
2025-07-13,ORD-11516,CUST-1461,Mouse,Accessories,West,Distributor,6,2617,0.08,14445.84,1288.27
2025-07-13,ORD-11517,CUST-1430,Smartphone,Electronics,South,Retail,8,51671,0.01,409234.32,96189.86
2025-07-13,ORD-11518,CUST-1072,Webcam,Accessories,North,Online,4,3511,0.06,13201.36,2888.25
2025-07-13,ORD-11519,CUST-1138,Tablet,Electronics,East,Distributor,8,22486,0.0,179888.0,39966.67
2025-07-13,ORD-11520,CUST-1196,Printer,Office Equipment,West,Online,5,10768,0.01,53301.6,12007.66
2025-07-13,ORD-11521,CUST-1094,Printer,Office Equipment,West,Distributor,7,22549,0.01,156264.57,17966.38
2025-07-13,ORD-11522,CUST-1013,Laptop,Electronics,East,Retail,5,54103,0.08,248873.8,34625.01
2025-07-14,ORD-11523,CUST-1222,Smartphone,Electronics,West,Distributor,4,18584,0.05,70619.2,15604.77
2025-07-14,ORD-11524,CUST-1147,Laptop,Electronics,West,Retail,2,100870,0.14,173496.4,41382.42
2025-07-14,ORD-11525,CUST-1381,Smartphone,Electronics,South,Online,9,49091,0.02,432982.62,62704.32
2025-07-14,ORD-11526,CUST-1277,Laptop,Electronics,East,Retail,5,85965,0.01,425526.75,52122.15
2025-07-14,ORD-11527,CUST-1337,Smartphone,Electronics,East,Distributor,7,20060,0.09,127782.2,18079.66
2025-07-14,ORD-11528,CUST-1428,Smartphone,Electronics,East,Online,1,31293,0.05,29728.35,5717.71
2025-07-14,ORD-11529,CUST-1494,Tablet,Electronics,East,Retail,8,16131,0.07,120014.64,19117.7
2025-07-14,ORD-11530,CUST-1141,Webcam,Accessories,East,Online,4,8194,0.01,32448.24,7774.66
2025-07-15,ORD-11531,CUST-1444,Tablet,Electronics,West,Online,3,31908,0.11,85194.36,10814.96
2025-07-15,ORD-11532,CUST-1119,Keyboard,Accessories,North,Distributor,3,2003,0.13,5227.83,1001.21
2025-07-15,ORD-11533,CUST-1021,Laptop,Electronics,South,Online,3,116416,0.13,303845.76,54261.21
2025-07-15,ORD-11534,CUST-1180,Mouse,Accessories,North,Distributor,5,466,0.1,2097.0,473.45
2025-07-15,ORD-11535,CUST-1261,Keyboard,Accessories,North,Online,6,1694,0.01,10062.36,1564.18
2025-07-15,ORD-11536,CUST-1036,Keyboard,Accessories,West,Retail,6,3842,0.12,20285.76,3971.4
2025-07-15,ORD-11537,CUST-1499,Monitor,Electronics,West,Distributor,1,20700,0.09,18837.0,2660.7
2025-07-15,ORD-11538,CUST-1022,Headphones,Accessories,East,Online,8,5817,0.09,42347.76,4541.93
2025-07-16,ORD-11539,CUST-1261,Smartphone,Electronics,East,Online,1,28924,0.09,26320.84,5721.25
2025-07-16,ORD-11540,CUST-1332,Printer,Office Equipment,North,Online,1,29530,0.11,26281.7,3805.2
2025-07-16,ORD-11541,CUST-1449,Keyboard,Accessories,North,Distributor,9,4224,0.08,34974.72,3518.85
2025-07-16,ORD-11542,CUST-1428,Tablet,Electronics,East,Online,9,49100,0.07,410967.0,51683.65
2025-07-16,ORD-11543,CUST-1497,Headphones,Accessories,North,Distributor,4,6930,0.03,26888.4,3590.11
2025-07-16,ORD-11544,CUST-1258,Keyboard,Accessories,North,Retail,8,4158,0.05,31600.8,4418.97
2025-07-16,ORD-11545,CUST-1423,Tablet,Electronics,South,Distributor,4,44423,0.12,156368.96,18617.25
2025-07-16,ORD-11546,CUST-1174,Keyboard,Accessories,East,Online,7,1931,0.09,12300.47,2648.24
2025-07-17,ORD-11547,CUST-1253,Desktop,Electronics,South,Online,7,67592,0.08,435292.48,45804.85
2025-07-17,ORD-11548,CUST-1283,Tablet,Electronics,West,Distributor,1,25929,0.02,25410.42,3170.56
2025-07-17,ORD-11549,CUST-1085,Desktop,Electronics,North,Online,3,42233,0.13,110228.13,9266.7
2025-07-17,ORD-11550,CUST-1205,Webcam,Accessories,South,Distributor,9,7858,0.14,60820.92,8529.68
2025-07-17,ORD-11551,CUST-1302,Mouse,Accessories,North,Distributor,2,1779,0.13,3095.46,720.38
2025-07-17,ORD-11552,CUST-1322,Laptop,Electronics,West,Distributor,2,96525,0.14,166023.0,38984.63
2025-07-17,ORD-11553,CUST-1093,Printer,Office Equipment,North,Online,5,32827,0.07,152645.55,15704.62
2025-07-18,ORD-11554,CUST-1260,Laptop,Electronics,East,Online,6,109444,0.06,617264.16,95404.22
2025-07-18,ORD-11555,CUST-1459,Keyboard,Accessories,West,Retail,5,4841,0.05,22994.75,4044.83
2025-07-18,ORD-11556,CUST-1021,Headphones,Accessories,South,Retail,7,6219,0.11,38744.37,9379.91
2025-07-18,ORD-11557,CUST-1177,Webcam,Accessories,East,Online,5,10923,0.13,47515.05,6340.52
2025-07-18,ORD-11558,CUST-1086,Desktop,Electronics,East,Retail,5,57946,0.07,269448.9,31799.73
2025-07-18,ORD-11559,CUST-1105,Smartphone,Electronics,South,Online,2,45366,0.1,81658.8,8490.11
2025-07-18,ORD-11560,CUST-1250,Smartphone,Electronics,North,Retail,1,85756,0.08,78895.52,8928.81
2025-07-18,ORD-11561,CUST-1425,Keyboard,Accessories,West,Retail,5,4293,0.11,19103.85,3219.99
2025-07-19,ORD-11562,CUST-1044,Desktop,Electronics,South,Retail,2,69124,0.13,120275.76,19707.6
2025-07-19,ORD-11563,CUST-1038,Desktop,Electronics,East,Online,6,45181,0.11,241266.54,28424.84
2025-07-19,ORD-11564,CUST-1344,Webcam,Accessories,North,Distributor,6,6023,0.07,33608.34,6891.01
2025-07-19,ORD-11565,CUST-1266,Headphones,Accessories,East,Online,1,8100,0.02,7938.0,1586.55
2025-07-19,ORD-11566,CUST-1300,Webcam,Accessories,West,Online,1,11895,0.09,10824.45,1318.48
2025-07-19,ORD-11567,CUST-1375,Keyboard,Accessories,West,Retail,5,4651,0.02,22789.9,4976.35
2025-07-19,ORD-11568,CUST-1438,Monitor,Electronics,South,Online,4,30800,0.13,107184.0,25900.11
2025-07-19,ORD-11569,CUST-1091,Printer,Office Equipment,North,Retail,2,24078,0.08,44303.52,5114.97
2025-07-20,ORD-11570,CUST-1247,Mouse,Accessories,South,Retail,7,2984,0.09,19008.08,3581.34
2025-07-20,ORD-11571,CUST-1306,Keyboard,Accessories,East,Distributor,5,4773,0.07,22194.45,4152.69
2025-07-20,ORD-11572,CUST-1459,Tablet,Electronics,East,Retail,5,21326,0.03,103431.1,25205.77
2025-07-20,ORD-11573,CUST-1237,Tablet,Electronics,East,Distributor,6,31213,0.1,168550.2,16802.64
2025-07-20,ORD-11574,CUST-1451,Desktop,Electronics,West,Retail,6,85676,0.06,483212.64,49176.47
2025-07-20,ORD-11575,CUST-1110,Smartphone,Electronics,West,Online,7,45783,0.0,320481.0,40235.45
2025-07-20,ORD-11576,CUST-1414,Webcam,Accessories,West,Retail,6,5786,0.1,31244.4,4683.82
2025-07-20,ORD-11577,CUST-1173,Printer,Office Equipment,North,Retail,5,9790,0.04,46992.0,9576.58
2025-07-21,ORD-11578,CUST-1105,Tablet,Electronics,North,Distributor,7,29503,0.09,187934.11,20355.33
2025-07-21,ORD-11579,CUST-1369,Smartphone,Electronics,North,Retail,6,31936,0.09,174370.56,14540.13
2025-07-21,ORD-11580,CUST-1335,Desktop,Electronics,North,Distributor,6,63114,0.12,333241.92,57981.43
2025-07-21,ORD-11581,CUST-1202,Keyboard,Accessories,South,Retail,6,2425,0.15,12367.5,2751.59
2025-07-21,ORD-11582,CUST-1127,Monitor,Electronics,North,Online,6,20862,0.06,117661.68,20473.33
2025-07-21,ORD-11583,CUST-1021,Laptop,Electronics,South,Retail,9,63437,0.08,525258.36,112682.83
2025-07-21,ORD-11584,CUST-1017,Mouse,Accessories,East,Distributor,1,1342,0.09,1221.22,240.55
2025-07-21,ORD-11585,CUST-1448,Desktop,Electronics,East,Online,7,82944,0.06,545771.52,119584.16
2025-07-22,ORD-11586,CUST-1212,Desktop,Electronics,North,Online,2,73063,0.11,130052.14,27259.66
2025-07-22,ORD-11587,CUST-1099,Webcam,Accessories,East,Retail,3,3065,0.11,8183.55,1757.38
2025-07-22,ORD-11588,CUST-1103,Printer,Office Equipment,North,Retail,9,32362,0.0,291258.0,36869.9
2025-07-22,ORD-11589,CUST-1495,Smartphone,Electronics,West,Distributor,8,64359,0.04,494277.12,47361.93
2025-07-22,ORD-11590,CUST-1125,Mouse,Accessories,West,Online,8,1564,0.14,10760.32,1836.19
2025-07-22,ORD-11591,CUST-1231,Tablet,Electronics,South,Distributor,7,39427,0.11,245630.21,49489.18
2025-07-22,ORD-11592,CUST-1055,Laptop,Electronics,East,Retail,7,80423,0.07,523553.73,84322.03
2025-07-22,ORD-11593,CUST-1482,Monitor,Electronics,West,Distributor,2,13125,0.08,24150.0,2784.64
2025-07-23,ORD-11594,CUST-1267,Keyboard,Accessories,South,Online,2,1957,0.06,3679.16,818.51
2025-07-23,ORD-11595,CUST-1077,Tablet,Electronics,North,Retail,5,41991,0.05,199457.25,27412.93
2025-07-23,ORD-11596,CUST-1287,Smartphone,Electronics,West,Distributor,7,15730,0.04,105705.6,12216.2
2025-07-23,ORD-11597,CUST-1247,Tablet,Electronics,North,Online,6,57730,0.04,332524.8,52682.98
2025-07-23,ORD-11598,CUST-1266,Printer,Office Equipment,North,Online,2,20310,0.02,39807.6,3276.81
2025-07-23,ORD-11599,CUST-1087,Keyboard,Accessories,West,Online,8,1731,0.01,13709.52,2085.37
2025-07-23,ORD-11600,CUST-1150,Webcam,Accessories,East,Distributor,7,8043,0.0,56301.0,5629.49
2025-07-24,ORD-11601,CUST-1104,Headphones,Accessories,East,Distributor,6,3718,0.02,21861.84,3693.62
2025-07-24,ORD-11602,CUST-1474,Smartphone,Electronics,South,Online,5,76880,0.07,357492.0,85495.79
2025-07-24,ORD-11603,CUST-1240,Webcam,Accessories,North,Online,8,1660,0.05,12616.0,1393.67
2025-07-24,ORD-11604,CUST-1169,Mouse,Accessories,North,Online,4,1216,0.1,4377.6,750.38
2025-07-24,ORD-11605,CUST-1286,Smartphone,Electronics,South,Retail,8,92916,0.02,728461.44,101676.44
2025-07-24,ORD-11606,CUST-1218,Laptop,Electronics,East,Retail,4,85989,0.04,330197.76,77582.22
2025-07-24,ORD-11607,CUST-1103,Smartphone,Electronics,North,Distributor,7,48390,0.08,311631.6,58920.78
2025-07-24,ORD-11608,CUST-1288,Monitor,Electronics,North,Online,2,33942,0.03,65847.48,7263.98
2025-07-25,ORD-11609,CUST-1309,Webcam,Accessories,East,Distributor,7,6909,0.09,44010.33,9905.76
2025-07-25,ORD-11610,CUST-1110,Smartphone,Electronics,North,Distributor,8,42434,0.03,329287.84,70194.96
2025-07-25,ORD-11611,CUST-1039,Monitor,Electronics,North,Online,3,15400,0.07,42966.0,3439.08
2025-07-25,ORD-11612,CUST-1256,Webcam,Accessories,North,Online,8,8469,0.1,60976.8,8268.77
2025-07-25,ORD-11613,CUST-1181,Webcam,Accessories,East,Distributor,7,7681,0.12,47314.96,9465.91
2025-07-25,ORD-11614,CUST-1489,Headphones,Accessories,South,Distributor,9,2281,0.13,17860.23,3985.91
2025-07-25,ORD-11615,CUST-1403,Mouse,Accessories,East,Distributor,3,2190,0.08,6044.4,987.15
2025-07-25,ORD-11616,CUST-1443,Desktop,Electronics,East,Retail,9,68535,0.1,555133.5,61210.19
2025-07-26,ORD-11617,CUST-1471,Headphones,Accessories,South,Retail,7,4502,0.09,28677.74,6566.35
2025-07-26,ORD-11618,CUST-1099,Headphones,Accessories,North,Distributor,3,1174,0.03,3416.34,482.96
2025-07-26,ORD-11619,CUST-1257,Mouse,Accessories,North,Distributor,6,785,0.14,4050.6,954.67
2025-07-26,ORD-11620,CUST-1356,Mouse,Accessories,East,Retail,1,1526,0.1,1373.4,202.86
2025-07-26,ORD-11621,CUST-1251,Laptop,Electronics,South,Retail,1,111709,0.15,94952.65,17801.8
2025-07-26,ORD-11622,CUST-1365,Webcam,Accessories,South,Distributor,2,2125,0.06,3995.0,735.86
2025-07-26,ORD-11623,CUST-1028,Monitor,Electronics,West,Distributor,3,12713,0.06,35850.66,8022.89
2025-07-26,ORD-11624,CUST-1436,Laptop,Electronics,South,Distributor,6,62776,0.13,327690.72,41672.85
2025-07-27,ORD-11625,CUST-1162,Smartphone,Electronics,South,Distributor,1,58603,0.13,50984.61,11430.7
2025-07-27,ORD-11626,CUST-1428,Headphones,Accessories,North,Online,9,1232,0.14,9535.68,1416.42
2025-07-27,ORD-11627,CUST-1227,Keyboard,Accessories,North,Retail,9,2008,0.11,16084.08,1516.32
2025-07-27,ORD-11628,CUST-1431,Smartphone,Electronics,North,Retail,4,81252,0.06,305507.52,57435.7
2025-07-27,ORD-11629,CUST-1428,Mouse,Accessories,North,Distributor,9,1836,0.02,16193.52,2579.03
2025-07-27,ORD-11630,CUST-1044,Tablet,Electronics,South,Retail,2,22619,0.14,38904.68,4319.4
2025-07-27,ORD-11631,CUST-1191,Smartphone,Electronics,West,Online,1,37195,0.12,32731.6,3828.92
2025-07-27,ORD-11632,CUST-1158,Keyboard,Accessories,North,Retail,5,2365,0.11,10524.25,2162.51
2025-07-28,ORD-11633,CUST-1115,Mouse,Accessories,South,Retail,3,1542,0.02,4533.48,605.86
2025-07-28,ORD-11634,CUST-1047,Keyboard,Accessories,West,Retail,3,3216,0.04,9262.08,1433.14
2025-07-28,ORD-11635,CUST-1424,Smartphone,Electronics,South,Online,6,60725,0.12,320628.0,54159.6
2025-07-28,ORD-11636,CUST-1359,Smartphone,Electronics,West,Retail,7,35408,0.08,228027.52,26408.48
2025-07-28,ORD-11637,CUST-1424,Mouse,Accessories,East,Online,4,1801,0.1,6483.6,1073.94
2025-07-28,ORD-11638,CUST-1472,Webcam,Accessories,North,Distributor,4,5730,0.03,22232.4,2764.46
2025-07-28,ORD-11639,CUST-1288,Monitor,Electronics,West,Distributor,8,14581,0.07,108482.64,14635.23
2025-07-28,ORD-11640,CUST-1445,Smartphone,Electronics,North,Online,1,57253,0.11,50955.17,9529.14
2025-07-29,ORD-11641,CUST-1095,Printer,Office Equipment,East,Retail,8,18967,0.05,144149.2,33659.79
2025-07-29,ORD-11642,CUST-1414,Monitor,Electronics,West,Distributor,8,27916,0.03,216628.16,18131.23
2025-07-29,ORD-11643,CUST-1370,Smartphone,Electronics,East,Distributor,7,67341,0.07,438389.91,53224.96
2025-07-29,ORD-11644,CUST-1449,Headphones,Accessories,South,Distributor,8,7572,0.05,57547.2,14100.8
2025-07-29,ORD-11645,CUST-1205,Desktop,Electronics,North,Online,7,67911,0.12,418331.76,101310.3
2025-07-29,ORD-11646,CUST-1482,Webcam,Accessories,South,Distributor,3,6424,0.13,16766.64,4092.57
2025-07-29,ORD-11647,CUST-1496,Monitor,Electronics,North,Retail,3,31738,0.05,90453.3,21996.91
2025-07-29,ORD-11648,CUST-1337,Monitor,Electronics,South,Online,6,25031,0.06,141174.84,22347.96
2025-07-30,ORD-11649,CUST-1104,Monitor,Electronics,West,Online,5,20077,0.01,99381.15,11940.77
2025-07-30,ORD-11650,CUST-1051,Keyboard,Accessories,West,Distributor,3,3865,0.0,11595.0,1241.66
2025-07-30,ORD-11651,CUST-1361,Printer,Office Equipment,South,Online,4,23476,0.1,84513.6,18705.31
2025-07-30,ORD-11652,CUST-1395,Printer,Office Equipment,East,Retail,3,18431,0.11,49210.77,5053.92
2025-07-30,ORD-11653,CUST-1379,Printer,Office Equipment,North,Online,7,25501,0.01,176721.93,28807.9
2025-07-30,ORD-11654,CUST-1421,Smartphone,Electronics,North,Distributor,3,45822,0.06,129218.04,17802.97
2025-07-30,ORD-11655,CUST-1096,Smartphone,Electronics,North,Online,7,25127,0.1,158300.1,16379.88
2025-07-31,ORD-11656,CUST-1217,Mouse,Accessories,South,Retail,7,780,0.05,5187.0,991.69
2025-07-31,ORD-11657,CUST-1215,Mouse,Accessories,South,Online,7,2368,0.01,16410.24,3986.82
2025-07-31,ORD-11658,CUST-1351,Printer,Office Equipment,North,Distributor,9,11487,0.07,96146.19,9042.44
2025-07-31,ORD-11659,CUST-1196,Printer,Office Equipment,West,Online,1,13271,0.05,12607.45,2240.29
2025-07-31,ORD-11660,CUST-1132,Tablet,Electronics,North,Distributor,7,42686,0.12,262945.76,34577.96
2025-07-31,ORD-11661,CUST-1432,Tablet,Electronics,East,Online,9,39433,0.12,312309.36,62787.92
2025-07-31,ORD-11662,CUST-1040,Monitor,Electronics,South,Online,7,27423,0.11,170845.29,38944.77
2025-07-31,ORD-11663,CUST-1446,Headphones,Accessories,West,Retail,5,4237,0.08,19490.2,3595.33
2025-08-01,ORD-11664,CUST-1235,Laptop,Electronics,East,Online,8,86924,0.01,688438.08,156648.88
2025-08-01,ORD-11665,CUST-1392,Smartphone,Electronics,North,Distributor,6,48072,0.06,271126.08,52801.63
2025-08-01,ORD-11666,CUST-1166,Mouse,Accessories,East,Distributor,3,1601,0.05,4562.85,378.62
2025-08-01,ORD-11667,CUST-1202,Laptop,Electronics,South,Online,2,96824,0.11,172346.72,29353.34
2025-08-01,ORD-11668,CUST-1252,Desktop,Electronics,West,Retail,9,46197,0.02,407457.54,42615.79
2025-08-01,ORD-11669,CUST-1477,Headphones,Accessories,West,Online,8,4999,0.14,34393.12,8034.53
2025-08-01,ORD-11670,CUST-1370,Desktop,Electronics,North,Retail,6,64431,0.01,382720.14,70263.63
2025-08-01,ORD-11671,CUST-1216,Webcam,Accessories,West,Online,2,7034,0.14,12098.48,2508.93
2025-08-02,ORD-11672,CUST-1428,Monitor,Electronics,West,Online,5,33645,0.1,151402.5,34837.31
2025-08-02,ORD-11673,CUST-1406,Keyboard,Accessories,South,Distributor,5,3283,0.09,14937.65,2564.15
2025-08-02,ORD-11674,CUST-1140,Laptop,Electronics,South,Retail,6,111986,0.03,651758.52,155790.69
2025-08-02,ORD-11675,CUST-1145,Webcam,Accessories,East,Online,1,11406,0.06,10721.64,1188.11
2025-08-02,ORD-11676,CUST-1140,Printer,Office Equipment,East,Retail,4,8613,0.12,30317.76,5812.71
2025-08-02,ORD-11677,CUST-1166,Smartphone,Electronics,South,Online,6,27733,0.03,161406.06,13408.39
2025-08-02,ORD-11678,CUST-1325,Smartphone,Electronics,East,Distributor,5,94864,0.12,417401.6,75109.5
2025-08-02,ORD-11679,CUST-1177,Printer,Office Equipment,West,Online,8,26273,0.0,210184.0,28984.65
2025-08-03,ORD-11680,CUST-1199,Tablet,Electronics,East,Retail,8,28804,0.08,211997.44,23087.0
2025-08-03,ORD-11681,CUST-1106,Laptop,Electronics,East,Retail,2,113771,0.08,209338.64,29035.45
2025-08-03,ORD-11682,CUST-1319,Mouse,Accessories,South,Distributor,6,2249,0.1,12144.6,1032.61
2025-08-03,ORD-11683,CUST-1498,Headphones,Accessories,East,Distributor,7,7805,0.15,46439.75,3899.98
2025-08-03,ORD-11684,CUST-1310,Tablet,Electronics,North,Online,4,39594,0.14,136203.36,13945.67
2025-08-03,ORD-11685,CUST-1091,Printer,Office Equipment,South,Distributor,4,14924,0.15,50741.6,8982.62
2025-08-03,ORD-11686,CUST-1461,Printer,Office Equipment,East,Retail,9,21386,0.05,182850.3,21396.77
2025-08-03,ORD-11687,CUST-1115,Headphones,Accessories,West,Retail,2,6206,0.08,11419.04,1947.25
2025-08-04,ORD-11688,CUST-1204,Tablet,Electronics,East,Online,5,44455,0.02,217829.5,49767.1
2025-08-04,ORD-11689,CUST-1050,Webcam,Accessories,West,Distributor,6,9102,0.1,49150.8,9641.9
2025-08-04,ORD-11690,CUST-1114,Printer,Office Equipment,South,Distributor,7,21444,0.03,145604.76,12367.23
2025-08-04,ORD-11691,CUST-1484,Smartphone,Electronics,North,Retail,9,25552,0.09,209270.88,42788.6
2025-08-04,ORD-11692,CUST-1046,Smartphone,Electronics,East,Online,4,36818,0.09,134017.52,21473.0
2025-08-04,ORD-11693,CUST-1467,Smartphone,Electronics,South,Retail,7,87359,0.08,562591.96,63469.02
2025-08-04,ORD-11694,CUST-1102,Headphones,Accessories,East,Online,4,3870,0.07,14396.4,2896.19
2025-08-04,ORD-11695,CUST-1125,Mouse,Accessories,West,Online,2,526,0.03,1020.44,161.64
2025-08-05,ORD-11696,CUST-1428,Monitor,Electronics,East,Online,8,26391,0.1,190015.2,41162.38
2025-08-05,ORD-11697,CUST-1346,Keyboard,Accessories,West,Distributor,8,1372,0.0,10976.0,938.39
2025-08-05,ORD-11698,CUST-1452,Tablet,Electronics,North,Distributor,7,19611,0.12,120803.76,29329.67
2025-08-05,ORD-11699,CUST-1030,Smartphone,Electronics,East,Retail,9,18109,0.07,151572.33,33454.76
2025-08-05,ORD-11700,CUST-1332,Laptop,Electronics,West,Retail,6,102354,0.11,546570.36,91258.2
2025-08-05,ORD-11701,CUST-1296,Desktop,Electronics,North,Distributor,2,49567,0.13,86246.58,18012.59
2025-08-05,ORD-11702,CUST-1124,Monitor,Electronics,West,Online,6,23529,0.1,127056.6,13230.6
2025-08-06,ORD-11703,CUST-1460,Mouse,Accessories,West,Online,2,1751,0.1,3151.8,291.83
2025-08-06,ORD-11704,CUST-1230,Mouse,Accessories,East,Distributor,6,1609,0.1,8688.6,1183.5
2025-08-06,ORD-11705,CUST-1113,Mouse,Accessories,East,Distributor,1,973,0.02,953.54,123.04
2025-08-06,ORD-11706,CUST-1324,Headphones,Accessories,East,Retail,5,6024,0.14,25903.2,2769.35
2025-08-06,ORD-11707,CUST-1075,Tablet,Electronics,East,Retail,5,25121,0.11,111788.45,22152.45
2025-08-06,ORD-11708,CUST-1075,Mouse,Accessories,North,Retail,4,514,0.13,1788.72,320.45
2025-08-06,ORD-11709,CUST-1087,Headphones,Accessories,East,Distributor,9,9467,0.06,80090.82,14827.87
2025-08-06,ORD-11710,CUST-1474,Monitor,Electronics,West,Distributor,9,20298,0.08,168067.44,24244.8
2025-08-07,ORD-11711,CUST-1007,Monitor,Electronics,North,Retail,9,25795,0.03,225190.35,52359.62
2025-08-07,ORD-11712,CUST-1398,Keyboard,Accessories,North,Distributor,5,2491,0.03,12081.35,1538.12
2025-08-07,ORD-11713,CUST-1464,Keyboard,Accessories,North,Distributor,6,4886,0.07,27263.88,6411.36
2025-08-07,ORD-11714,CUST-1320,Webcam,Accessories,North,Retail,4,4818,0.05,18308.4,1566.89
2025-08-07,ORD-11715,CUST-1379,Webcam,Accessories,North,Online,2,5947,0.08,10942.48,1870.16
2025-08-07,ORD-11716,CUST-1093,Tablet,Electronics,South,Online,9,31251,0.04,270008.64,58196.55
2025-08-07,ORD-11717,CUST-1142,Tablet,Electronics,North,Distributor,3,17636,0.15,44971.8,5629.56
2025-08-07,ORD-11718,CUST-1116,Keyboard,Accessories,South,Distributor,2,1885,0.08,3468.4,313.36
2025-08-08,ORD-11719,CUST-1026,Smartphone,Electronics,East,Distributor,8,75852,0.01,600747.84,138099.26
2025-08-08,ORD-11720,CUST-1101,Desktop,Electronics,North,Distributor,4,71345,0.02,279672.4,26338.33
2025-08-08,ORD-11721,CUST-1297,Smartphone,Electronics,West,Online,4,93419,0.07,347518.68,61436.43
2025-08-08,ORD-11722,CUST-1233,Tablet,Electronics,North,Retail,4,53596,0.12,188657.92,34798.0
2025-08-08,ORD-11723,CUST-1247,Printer,Office Equipment,East,Distributor,5,24141,0.09,109841.55,14924.03
2025-08-08,ORD-11724,CUST-1287,Mouse,Accessories,East,Distributor,5,2579,0.04,12379.2,1569.67
2025-08-08,ORD-11725,CUST-1498,Tablet,Electronics,West,Retail,2,26939,0.07,50106.54,6727.57
2025-08-08,ORD-11726,CUST-1048,Monitor,Electronics,West,Retail,3,12148,0.11,32435.16,6305.59
2025-08-09,ORD-11727,CUST-1109,Webcam,Accessories,East,Distributor,3,4671,0.12,12331.44,2585.72
2025-08-09,ORD-11728,CUST-1474,Mouse,Accessories,South,Distributor,6,2572,0.07,14351.76,2818.78
2025-08-09,ORD-11729,CUST-1087,Monitor,Electronics,South,Distributor,6,15124,0.03,88021.68,12970.94
2025-08-09,ORD-11730,CUST-1403,Monitor,Electronics,West,Distributor,6,26923,0.15,137307.3,26238.52
2025-08-09,ORD-11731,CUST-1155,Mouse,Accessories,East,Online,4,1476,0.07,5490.72,1238.49
2025-08-09,ORD-11732,CUST-1157,Mouse,Accessories,West,Distributor,6,1849,0.12,9762.72,1304.39
2025-08-09,ORD-11733,CUST-1495,Printer,Office Equipment,West,Retail,7,8185,0.11,50992.55,7582.28
2025-08-09,ORD-11734,CUST-1103,Monitor,Electronics,South,Distributor,8,35134,0.04,269829.12,59133.22
2025-08-10,ORD-11735,CUST-1195,Mouse,Accessories,East,Distributor,5,1929,0.0,9645.0,1472.55
2025-08-10,ORD-11736,CUST-1140,Webcam,Accessories,North,Online,4,5022,0.09,18280.08,2830.08
2025-08-10,ORD-11737,CUST-1303,Keyboard,Accessories,West,Online,3,3466,0.11,9254.22,2221.51
2025-08-10,ORD-11738,CUST-1192,Printer,Office Equipment,North,Online,8,16186,0.04,124308.48,22765.83
2025-08-10,ORD-11739,CUST-1145,Laptop,Electronics,North,Retail,6,86181,0.08,475719.12,73489.63
2025-08-10,ORD-11740,CUST-1422,Monitor,Electronics,South,Online,2,20634,0.15,35077.8,7173.98
2025-08-10,ORD-11741,CUST-1125,Smartphone,Electronics,East,Distributor,5,90246,0.03,437693.1,41563.72
2025-08-10,ORD-11742,CUST-1011,Webcam,Accessories,South,Online,5,10620,0.08,48852.0,6328.35
2025-08-11,ORD-11743,CUST-1164,Headphones,Accessories,West,Online,6,8304,0.11,44343.36,5166.81
2025-08-11,ORD-11744,CUST-1132,Tablet,Electronics,East,Distributor,6,36824,0.03,214315.68,52538.33
2025-08-11,ORD-11745,CUST-1412,Laptop,Electronics,West,Online,3,65622,0.1,177179.4,27045.77
2025-08-11,ORD-11746,CUST-1016,Webcam,Accessories,East,Distributor,1,9892,0.06,9298.48,1638.13
2025-08-11,ORD-11747,CUST-1038,Tablet,Electronics,North,Distributor,5,52671,0.05,250187.25,22869.27
2025-08-11,ORD-11748,CUST-1044,Desktop,Electronics,West,Distributor,9,50369,0.12,398922.48,89307.13
2025-08-11,ORD-11749,CUST-1455,Keyboard,Accessories,South,Distributor,2,4330,0.12,7620.8,1213.01
2025-08-11,ORD-11750,CUST-1270,Headphones,Accessories,West,Online,2,3976,0.1,7156.8,985.98
2025-08-12,ORD-11751,CUST-1004,Printer,Office Equipment,South,Retail,5,8208,0.09,37346.4,5463.44
2025-08-12,ORD-11752,CUST-1393,Printer,Office Equipment,East,Distributor,3,16482,0.13,43018.02,7715.02
2025-08-12,ORD-11753,CUST-1366,Tablet,Electronics,South,Online,4,52646,0.14,181102.24,41988.81
2025-08-12,ORD-11754,CUST-1308,Monitor,Electronics,North,Online,4,20108,0.03,78019.04,6589.34
2025-08-12,ORD-11755,CUST-1117,Webcam,Accessories,South,Online,6,2634,0.05,15013.8,2005.95
2025-08-12,ORD-11756,CUST-1470,Mouse,Accessories,South,Retail,3,2137,0.15,5449.35,651.78
2025-08-12,ORD-11757,CUST-1013,Laptop,Electronics,West,Distributor,3,107624,0.02,316414.56,76307.27
2025-08-13,ORD-11758,CUST-1105,Keyboard,Accessories,West,Distributor,7,1203,0.07,7831.53,1157.97
2025-08-13,ORD-11759,CUST-1264,Desktop,Electronics,North,Online,2,51475,0.08,94714.0,16888.6
2025-08-13,ORD-11760,CUST-1162,Keyboard,Accessories,West,Online,2,4806,0.11,8554.68,1205.58
2025-08-13,ORD-11761,CUST-1057,Keyboard,Accessories,West,Online,2,4952,0.05,9408.8,1161.03
2025-08-13,ORD-11762,CUST-1181,Laptop,Electronics,East,Retail,7,105052,0.06,691242.16,156064.38
2025-08-13,ORD-11763,CUST-1043,Desktop,Electronics,West,Retail,7,82729,0.05,550147.85,137509.52
2025-08-13,ORD-11764,CUST-1090,Laptop,Electronics,North,Online,5,92371,0.01,457236.45,102448.64
2025-08-13,ORD-11765,CUST-1031,Webcam,Accessories,South,Distributor,3,3797,0.1,10251.9,2148.68
2025-08-14,ORD-11766,CUST-1088,Mouse,Accessories,South,Distributor,6,2929,0.06,16519.56,1763.83
2025-08-14,ORD-11767,CUST-1083,Monitor,Electronics,North,Retail,3,21962,0.13,57320.82,5651.64
2025-08-14,ORD-11768,CUST-1135,Keyboard,Accessories,East,Online,5,4106,0.09,18682.3,4381.5
2025-08-14,ORD-11769,CUST-1446,Laptop,Electronics,South,Retail,6,53735,0.13,280496.7,24071.63
2025-08-14,ORD-11770,CUST-1086,Laptop,Electronics,South,Online,9,99418,0.11,796338.18,161520.37
2025-08-14,ORD-11771,CUST-1057,Laptop,Electronics,West,Retail,6,79189,0.01,470382.66,116651.4
2025-08-14,ORD-11772,CUST-1326,Printer,Office Equipment,North,Retail,9,22431,0.02,197841.42,36117.16
2025-08-14,ORD-11773,CUST-1187,Tablet,Electronics,North,Retail,8,31833,0.02,249570.72,47813.66
2025-08-15,ORD-11774,CUST-1482,Tablet,Electronics,South,Online,4,23246,0.03,90194.48,9205.91
2025-08-15,ORD-11775,CUST-1053,Desktop,Electronics,South,Online,2,87006,0.06,163571.28,37748.33
2025-08-15,ORD-11776,CUST-1342,Mouse,Accessories,East,Online,3,1633,0.05,4654.05,1142.91
2025-08-15,ORD-11777,CUST-1478,Headphones,Accessories,North,Distributor,7,7140,0.1,44982.0,8028.96
2025-08-15,ORD-11778,CUST-1073,Printer,Office Equipment,North,Online,1,34024,0.03,33003.28,3662.35
2025-08-15,ORD-11779,CUST-1439,Monitor,Electronics,East,Online,7,20568,0.0,143976.0,23285.52
2025-08-15,ORD-11780,CUST-1134,Smartphone,Electronics,West,Online,7,74258,0.15,441835.1,69387.07
2025-08-15,ORD-11781,CUST-1130,Mouse,Accessories,East,Retail,9,1781,0.05,15227.55,3528.67
2025-08-16,ORD-11782,CUST-1265,Webcam,Accessories,East,Online,8,3081,0.1,22183.2,3065.8
2025-08-16,ORD-11783,CUST-1116,Headphones,Accessories,West,Online,7,1416,0.14,8524.32,864.87
2025-08-16,ORD-11784,CUST-1157,Desktop,Electronics,West,Retail,9,86707,0.04,749148.48,171152.07
2025-08-16,ORD-11785,CUST-1453,Webcam,Accessories,South,Online,2,9769,0.03,18951.86,4158.12
2025-08-16,ORD-11786,CUST-1307,Keyboard,Accessories,South,Distributor,1,2427,0.11,2160.03,302.77
2025-08-16,ORD-11787,CUST-1117,Webcam,Accessories,South,Retail,9,2269,0.12,17970.48,2545.55
2025-08-16,ORD-11788,CUST-1316,Monitor,Electronics,South,Distributor,2,32295,0.02,63298.2,11889.5
2025-08-16,ORD-11789,CUST-1025,Monitor,Electronics,West,Retail,9,29977,0.06,253605.42,29005.7
2025-08-17,ORD-11790,CUST-1069,Printer,Office Equipment,East,Online,9,21803,0.13,170717.49,27239.8
2025-08-17,ORD-11791,CUST-1472,Desktop,Electronics,North,Online,5,86421,0.08,397536.6,52861.6
2025-08-17,ORD-11792,CUST-1497,Printer,Office Equipment,South,Retail,3,12711,0.07,35463.69,3803.23
2025-08-17,ORD-11793,CUST-1179,Monitor,Electronics,North,Online,7,22812,0.09,145312.44,17765.53
2025-08-17,ORD-11794,CUST-1483,Mouse,Accessories,South,Online,3,2044,0.02,6009.36,1236.37
2025-08-17,ORD-11795,CUST-1326,Tablet,Electronics,North,Distributor,3,59055,0.04,170078.4,23074.5
2025-08-17,ORD-11796,CUST-1118,Mouse,Accessories,West,Retail,9,820,0.12,6494.4,1180.27
2025-08-17,ORD-11797,CUST-1450,Desktop,Electronics,East,Retail,9,88687,0.09,726346.53,77083.54
2025-08-18,ORD-11798,CUST-1299,Laptop,Electronics,South,Distributor,7,83482,0.02,572686.52,91234.33
2025-08-18,ORD-11799,CUST-1374,Tablet,Electronics,East,Online,5,29721,0.08,136716.6,12995.92
2025-08-18,ORD-11800,CUST-1394,Tablet,Electronics,East,Distributor,7,42634,0.01,295453.62,28919.68
2025-08-18,ORD-11801,CUST-1128,Mouse,Accessories,East,Online,5,2480,0.05,11780.0,2278.09
2025-08-18,ORD-11802,CUST-1302,Laptop,Electronics,West,Distributor,2,113641,0.04,218190.72,35815.12
2025-08-18,ORD-11803,CUST-1192,Mouse,Accessories,West,Online,2,2398,0.08,4412.32,981.12
2025-08-18,ORD-11804,CUST-1050,Smartphone,Electronics,North,Online,2,92377,0.13,160735.98,30420.12
2025-08-19,ORD-11805,CUST-1020,Keyboard,Accessories,East,Distributor,6,4255,0.12,22466.4,4540.66
2025-08-19,ORD-11806,CUST-1204,Tablet,Electronics,West,Distributor,8,52574,0.13,365915.04,31591.99
2025-08-19,ORD-11807,CUST-1050,Laptop,Electronics,East,Retail,4,73689,0.0,294756.0,70980.62
2025-08-19,ORD-11808,CUST-1180,Laptop,Electronics,South,Retail,8,83228,0.05,632532.8,124047.27
2025-08-19,ORD-11809,CUST-1134,Tablet,Electronics,South,Online,1,36267,0.07,33728.31,8380.33
2025-08-19,ORD-11810,CUST-1399,Webcam,Accessories,South,Retail,9,6773,0.11,54251.73,11287.85
2025-08-19,ORD-11811,CUST-1428,Desktop,Electronics,South,Retail,6,63055,0.09,344280.3,70844.65
2025-08-19,ORD-11812,CUST-1254,Mouse,Accessories,South,Retail,2,770,0.1,1386.0,184.61
2025-08-20,ORD-11813,CUST-1458,Keyboard,Accessories,East,Online,5,4776,0.05,22686.0,4922.92
2025-08-20,ORD-11814,CUST-1465,Monitor,Electronics,East,Distributor,6,10521,0.02,61863.48,11068.24
2025-08-20,ORD-11815,CUST-1047,Webcam,Accessories,North,Distributor,3,8020,0.09,21894.6,2034.21
2025-08-20,ORD-11816,CUST-1181,Smartphone,Electronics,West,Online,7,49520,0.02,339707.2,46821.12
2025-08-20,ORD-11817,CUST-1150,Printer,Office Equipment,North,Retail,2,32126,0.12,56541.76,13053.61
2025-08-20,ORD-11818,CUST-1140,Keyboard,Accessories,North,Retail,8,1134,0.04,8709.12,926.23
2025-08-20,ORD-11819,CUST-1415,Keyboard,Accessories,South,Online,4,2809,0.13,9775.32,1513.81
2025-08-20,ORD-11820,CUST-1247,Laptop,Electronics,West,Retail,5,81939,0.14,352337.7,79550.92
2025-08-21,ORD-11821,CUST-1265,Webcam,Accessories,West,Distributor,9,10807,0.03,94345.11,10531.73
2025-08-21,ORD-11822,CUST-1411,Smartphone,Electronics,East,Retail,7,49274,0.11,306977.02,75800.53
2025-08-21,ORD-11823,CUST-1490,Headphones,Accessories,South,Retail,6,4845,0.05,27616.5,3885.71
2025-08-21,ORD-11824,CUST-1259,Keyboard,Accessories,West,Distributor,9,1854,0.01,16519.14,3898.05
2025-08-21,ORD-11825,CUST-1330,Headphones,Accessories,South,Retail,2,4732,0.11,8422.96,1701.32
2025-08-21,ORD-11826,CUST-1223,Mouse,Accessories,North,Online,1,2285,0.09,2079.35,342.08
2025-08-21,ORD-11827,CUST-1177,Laptop,Electronics,West,Distributor,9,108781,0.08,900706.68,80867.95
2025-08-21,ORD-11828,CUST-1141,Monitor,Electronics,East,Distributor,2,32348,0.05,61461.2,14892.35
2025-08-22,ORD-11829,CUST-1202,Laptop,Electronics,South,Distributor,8,106469,0.11,758059.28,182136.77
2025-08-22,ORD-11830,CUST-1119,Tablet,Electronics,West,Online,5,50284,0.1,226278.0,29821.72
2025-08-22,ORD-11831,CUST-1386,Webcam,Accessories,East,Distributor,6,1611,0.15,8216.1,731.27
2025-08-22,ORD-11832,CUST-1082,Desktop,Electronics,South,Online,2,80229,0.01,158853.42,23880.58
2025-08-22,ORD-11833,CUST-1373,Smartphone,Electronics,North,Retail,3,38755,0.0,116265.0,27659.5
2025-08-22,ORD-11834,CUST-1198,Desktop,Electronics,West,Retail,2,66447,0.09,120933.54,29185.51
2025-08-22,ORD-11835,CUST-1090,Tablet,Electronics,West,Retail,3,37498,0.03,109119.18,14502.29
2025-08-22,ORD-11836,CUST-1179,Tablet,Electronics,North,Retail,2,27095,0.04,52022.4,5935.92
2025-08-23,ORD-11837,CUST-1031,Tablet,Electronics,North,Distributor,2,49332,0.04,94717.44,21735.87
2025-08-23,ORD-11838,CUST-1006,Headphones,Accessories,North,Retail,2,3760,0.0,7520.0,1860.99
2025-08-23,ORD-11839,CUST-1191,Printer,Office Equipment,North,Online,5,8906,0.12,39186.4,6919.27
2025-08-23,ORD-11840,CUST-1049,Keyboard,Accessories,South,Distributor,8,2289,0.08,16847.04,4142.38
2025-08-23,ORD-11841,CUST-1090,Headphones,Accessories,South,Retail,3,8220,0.11,21947.4,5037.9
2025-08-23,ORD-11842,CUST-1149,Laptop,Electronics,North,Retail,1,65765,0.12,57873.2,7696.16
2025-08-23,ORD-11843,CUST-1308,Monitor,Electronics,South,Distributor,9,15484,0.14,119846.16,19726.76
2025-08-23,ORD-11844,CUST-1483,Headphones,Accessories,North,Distributor,8,9978,0.12,70245.12,14982.63
2025-08-24,ORD-11845,CUST-1491,Webcam,Accessories,West,Online,2,7043,0.04,13522.56,1406.82
2025-08-24,ORD-11846,CUST-1245,Printer,Office Equipment,North,Distributor,1,19741,0.01,19543.59,4827.24
2025-08-24,ORD-11847,CUST-1267,Desktop,Electronics,West,Distributor,6,74559,0.08,411565.68,82055.91
2025-08-24,ORD-11848,CUST-1149,Keyboard,Accessories,West,Retail,5,3424,0.02,16777.6,3519.92
2025-08-24,ORD-11849,CUST-1164,Printer,Office Equipment,West,Distributor,7,10699,0.07,69650.49,11388.6
2025-08-24,ORD-11850,CUST-1394,Printer,Office Equipment,North,Distributor,5,24305,0.15,103296.25,21798.19
2025-08-24,ORD-11851,CUST-1460,Laptop,Electronics,South,Distributor,4,61689,0.05,234418.2,42164.77
2025-08-24,ORD-11852,CUST-1197,Headphones,Accessories,South,Retail,1,9753,0.0,9753.0,2383.15
2025-08-25,ORD-11853,CUST-1091,Webcam,Accessories,East,Distributor,1,8607,0.11,7660.23,1295.17
2025-08-25,ORD-11854,CUST-1113,Laptop,Electronics,East,Online,4,62930,0.07,234099.6,26118.47
2025-08-25,ORD-11855,CUST-1023,Keyboard,Accessories,West,Online,8,2493,0.09,18149.04,3343.29
2025-08-25,ORD-11856,CUST-1468,Desktop,Electronics,East,Online,5,40310,0.14,173333.0,33302.64
2025-08-25,ORD-11857,CUST-1079,Printer,Office Equipment,South,Distributor,4,20182,0.14,69426.08,10298.18
2025-08-25,ORD-11858,CUST-1461,Keyboard,Accessories,East,Online,5,4263,0.1,19183.5,3850.69
2025-08-25,ORD-11859,CUST-1142,Mouse,Accessories,South,Retail,7,441,0.06,2901.78,436.19
2025-08-26,ORD-11860,CUST-1392,Mouse,Accessories,West,Online,1,2966,0.1,2669.4,232.52
2025-08-26,ORD-11861,CUST-1250,Keyboard,Accessories,North,Online,2,1737,0.02,3404.52,794.54
2025-08-26,ORD-11862,CUST-1348,Webcam,Accessories,West,Retail,6,4242,0.14,21888.72,2705.55
2025-08-26,ORD-11863,CUST-1389,Webcam,Accessories,North,Retail,5,6164,0.13,26813.4,3337.06
2025-08-26,ORD-11864,CUST-1018,Keyboard,Accessories,West,Retail,2,4879,0.03,9465.26,1591.09
2025-08-26,ORD-11865,CUST-1042,Desktop,Electronics,North,Online,2,54984,0.01,108868.32,15891.6
2025-08-26,ORD-11866,CUST-1393,Printer,Office Equipment,North,Distributor,6,22355,0.11,119375.7,18520.43
2025-08-26,ORD-11867,CUST-1007,Webcam,Accessories,South,Retail,4,4947,0.11,17611.32,1539.91
2025-08-27,ORD-11868,CUST-1028,Mouse,Accessories,West,Retail,3,1834,0.07,5116.86,1193.59
2025-08-27,ORD-11869,CUST-1099,Monitor,Electronics,East,Distributor,5,26567,0.01,131506.65,14633.24
2025-08-27,ORD-11870,CUST-1270,Tablet,Electronics,East,Distributor,1,43870,0.01,43431.3,5289.15
2025-08-27,ORD-11871,CUST-1350,Monitor,Electronics,North,Retail,3,27928,0.14,72054.24,6459.03
2025-08-27,ORD-11872,CUST-1477,Webcam,Accessories,East,Retail,9,1786,0.09,14627.34,1592.71
2025-08-27,ORD-11873,CUST-1001,Laptop,Electronics,North,Retail,3,63604,0.1,171730.8,13910.76
2025-08-27,ORD-11874,CUST-1279,Smartphone,Electronics,North,Online,2,44428,0.11,79081.84,6799.71
2025-08-27,ORD-11875,CUST-1466,Tablet,Electronics,South,Distributor,7,33511,0.1,211119.3,30770.73
2025-08-28,ORD-11876,CUST-1245,Tablet,Electronics,South,Retail,5,37619,0.15,159880.75,30095.73
2025-08-28,ORD-11877,CUST-1089,Webcam,Accessories,West,Retail,6,5167,0.02,30381.96,5721.1
2025-08-28,ORD-11878,CUST-1073,Monitor,Electronics,North,Retail,6,34248,0.0,205488.0,44575.81
2025-08-28,ORD-11879,CUST-1320,Printer,Office Equipment,East,Online,9,15437,0.15,118093.05,11957.41
2025-08-28,ORD-11880,CUST-1487,Printer,Office Equipment,West,Retail,7,21688,0.07,141188.88,22151.55
2025-08-28,ORD-11881,CUST-1271,Headphones,Accessories,South,Online,6,6341,0.1,34241.4,3514.18
2025-08-28,ORD-11882,CUST-1401,Keyboard,Accessories,East,Retail,4,2394,0.14,8235.36,1679.87
2025-08-28,ORD-11883,CUST-1072,Webcam,Accessories,West,Online,7,7640,0.1,48132.0,5597.62
2025-08-29,ORD-11884,CUST-1445,Webcam,Accessories,West,Online,8,6420,0.14,44169.6,10710.01
2025-08-29,ORD-11885,CUST-1196,Keyboard,Accessories,West,Online,4,3566,0.08,13122.88,1399.45
2025-08-29,ORD-11886,CUST-1139,Tablet,Electronics,South,Distributor,1,28530,0.06,26818.2,5186.34
2025-08-29,ORD-11887,CUST-1444,Printer,Office Equipment,South,Retail,4,12937,0.06,48643.12,7766.29
2025-08-29,ORD-11888,CUST-1043,Headphones,Accessories,North,Online,9,1578,0.1,12781.8,2732.54
2025-08-29,ORD-11889,CUST-1103,Laptop,Electronics,South,Online,6,61789,0.05,352197.3,82169.97
2025-08-29,ORD-11890,CUST-1463,Mouse,Accessories,West,Retail,2,1886,0.09,3432.52,458.7
2025-08-29,ORD-11891,CUST-1081,Headphones,Accessories,South,Online,3,5747,0.05,16378.95,3544.36
2025-08-30,ORD-11892,CUST-1287,Printer,Office Equipment,West,Distributor,2,25442,0.14,43760.24,6548.53
2025-08-30,ORD-11893,CUST-1227,Mouse,Accessories,North,Online,4,864,0.1,3110.4,326.37
2025-08-30,ORD-11894,CUST-1010,Monitor,Electronics,East,Retail,7,25493,0.06,167743.94,18280.37
2025-08-30,ORD-11895,CUST-1484,Smartphone,Electronics,East,Retail,3,73632,0.13,192179.52,47074.46
2025-08-30,ORD-11896,CUST-1346,Desktop,Electronics,West,Online,6,44514,0.03,259071.48,48209.39
2025-08-30,ORD-11897,CUST-1485,Desktop,Electronics,North,Retail,4,81564,0.05,309943.2,62279.8
2025-08-30,ORD-11898,CUST-1086,Smartphone,Electronics,East,Retail,8,17091,0.09,124422.48,22440.2
2025-08-30,ORD-11899,CUST-1012,Keyboard,Accessories,West,Retail,9,3095,0.15,23676.75,5533.91
2025-08-31,ORD-11900,CUST-1229,Monitor,Electronics,West,Retail,1,31279,0.04,30027.84,3967.52
2025-08-31,ORD-11901,CUST-1016,Laptop,Electronics,South,Distributor,5,110042,0.1,495189.0,67640.94
2025-08-31,ORD-11902,CUST-1194,Laptop,Electronics,West,Online,1,89676,0.06,84295.44,19705.82
2025-08-31,ORD-11903,CUST-1401,Mouse,Accessories,West,Retail,7,1774,0.06,11672.92,1951.0
2025-08-31,ORD-11904,CUST-1250,Headphones,Accessories,East,Retail,3,6672,0.11,17814.24,3097.99
2025-08-31,ORD-11905,CUST-1163,Desktop,Electronics,North,Online,8,84027,0.01,665493.84,128611.9
2025-08-31,ORD-11906,CUST-1078,Monitor,Electronics,South,Online,2,17961,0.01,35562.78,5102.41
2025-09-01,ORD-11907,CUST-1445,Desktop,Electronics,North,Online,1,87389,0.0,87389.0,18979.81
2025-09-01,ORD-11908,CUST-1054,Smartphone,Electronics,North,Online,8,97706,0.13,680033.76,145284.03
2025-09-01,ORD-11909,CUST-1367,Monitor,Electronics,North,Online,4,34447,0.14,118497.68,13218.15
2025-09-01,ORD-11910,CUST-1164,Printer,Office Equipment,South,Retail,4,14888,0.01,58956.48,5512.43
2025-09-01,ORD-11911,CUST-1303,Keyboard,Accessories,North,Retail,8,2324,0.07,17290.56,3533.6
2025-09-01,ORD-11912,CUST-1134,Monitor,Electronics,South,Distributor,9,10206,0.01,90935.46,22334.87
2025-09-01,ORD-11913,CUST-1095,Smartphone,Electronics,East,Online,4,31254,0.11,111264.24,10334.51
2025-09-01,ORD-11914,CUST-1211,Monitor,Electronics,East,Online,7,30817,0.13,187675.53,24480.83
2025-09-02,ORD-11915,CUST-1335,Printer,Office Equipment,East,Retail,5,19297,0.11,85871.65,14614.81
2025-09-02,ORD-11916,CUST-1375,Monitor,Electronics,North,Distributor,2,12019,0.01,23797.62,3296.4
2025-09-02,ORD-11917,CUST-1006,Printer,Office Equipment,North,Retail,2,30086,0.11,53553.08,10803.73
2025-09-02,ORD-11918,CUST-1134,Smartphone,Electronics,East,Retail,6,94364,0.1,509565.6,46472.08
2025-09-02,ORD-11919,CUST-1160,Headphones,Accessories,South,Online,8,7069,0.07,52593.36,11033.04
2025-09-02,ORD-11920,CUST-1450,Smartphone,Electronics,West,Retail,3,20596,0.1,55609.2,8322.17
2025-09-02,ORD-11921,CUST-1384,Printer,Office Equipment,West,Retail,8,23217,0.07,172734.48,17991.0
2025-09-02,ORD-11922,CUST-1076,Laptop,Electronics,West,Retail,3,91513,0.06,258066.66,58824.38
2025-09-03,ORD-11923,CUST-1111,Laptop,Electronics,North,Online,7,72646,0.02,498351.56,120016.66
2025-09-03,ORD-11924,CUST-1254,Printer,Office Equipment,West,Online,8,12911,0.04,99156.48,11266.02
2025-09-03,ORD-11925,CUST-1370,Mouse,Accessories,West,Retail,9,1537,0.03,13418.01,2183.26
2025-09-03,ORD-11926,CUST-1492,Printer,Office Equipment,North,Online,3,23969,0.15,61120.95,5510.62
2025-09-03,ORD-11927,CUST-1253,Headphones,Accessories,South,Retail,8,5740,0.02,45001.6,7568.8
2025-09-03,ORD-11928,CUST-1159,Tablet,Electronics,West,Distributor,1,35185,0.09,32018.35,4404.4
2025-09-03,ORD-11929,CUST-1413,Desktop,Electronics,South,Retail,3,74710,0.04,215164.8,43723.35
2025-09-03,ORD-11930,CUST-1126,Smartphone,Electronics,South,Retail,8,23273,0.0,186184.0,26605.96
2025-09-04,ORD-11931,CUST-1295,Keyboard,Accessories,East,Distributor,6,4700,0.12,24816.0,4326.65
2025-09-04,ORD-11932,CUST-1466,Keyboard,Accessories,South,Distributor,3,3436,0.12,9071.04,1608.18
2025-09-04,ORD-11933,CUST-1009,Smartphone,Electronics,East,Distributor,4,47649,0.07,177254.28,28335.5
2025-09-04,ORD-11934,CUST-1270,Desktop,Electronics,West,Retail,7,89164,0.02,611665.04,82379.87
2025-09-04,ORD-11935,CUST-1405,Smartphone,Electronics,East,Distributor,5,23772,0.07,110539.8,23452.53
2025-09-04,ORD-11936,CUST-1114,Monitor,Electronics,North,Retail,6,37779,0.12,199473.12,32022.81
2025-09-04,ORD-11937,CUST-1248,Headphones,Accessories,East,Distributor,8,3394,0.12,23893.76,5797.43
2025-09-04,ORD-11938,CUST-1061,Webcam,Accessories,East,Distributor,4,4583,0.14,15765.52,2862.86
2025-09-05,ORD-11939,CUST-1404,Laptop,Electronics,West,Retail,4,118616,0.12,417528.32,53450.96
2025-09-05,ORD-11940,CUST-1014,Laptop,Electronics,West,Online,5,84208,0.03,408408.8,53231.01
2025-09-05,ORD-11941,CUST-1080,Headphones,Accessories,West,Retail,8,3418,0.07,25429.92,3685.9
2025-09-05,ORD-11942,CUST-1232,Desktop,Electronics,East,Online,5,69880,0.04,335424.0,67108.43
2025-09-05,ORD-11943,CUST-1444,Smartphone,Electronics,East,Distributor,3,57310,0.14,147859.8,14943.53
2025-09-05,ORD-11944,CUST-1281,Tablet,Electronics,North,Distributor,6,24289,0.05,138447.3,28033.53
2025-09-05,ORD-11945,CUST-1389,Printer,Office Equipment,North,Distributor,6,20960,0.03,121987.2,22472.96
2025-09-05,ORD-11946,CUST-1261,Mouse,Accessories,North,Distributor,6,2716,0.11,14503.44,1257.37
2025-09-06,ORD-11947,CUST-1052,Monitor,Electronics,South,Distributor,8,12093,0.14,83199.84,8634.89
2025-09-06,ORD-11948,CUST-1211,Keyboard,Accessories,East,Online,2,3751,0.15,6376.7,876.71
2025-09-06,ORD-11949,CUST-1404,Tablet,Electronics,West,Distributor,7,50724,0.01,351517.32,53001.78
2025-09-06,ORD-11950,CUST-1081,Monitor,Electronics,North,Retail,9,36963,0.01,329340.33,37950.97
2025-09-06,ORD-11951,CUST-1026,Keyboard,Accessories,South,Retail,4,1262,0.1,4543.2,794.18
2025-09-06,ORD-11952,CUST-1488,Laptop,Electronics,South,Distributor,1,78704,0.11,70046.56,16915.84
2025-09-06,ORD-11953,CUST-1009,Headphones,Accessories,East,Retail,6,7349,0.11,39243.66,7611.1
2025-09-06,ORD-11954,CUST-1106,Laptop,Electronics,South,Distributor,7,58907,0.01,408225.51,73580.07
2025-09-07,ORD-11955,CUST-1188,Tablet,Electronics,South,Retail,1,37897,0.11,33728.33,6032.96
2025-09-07,ORD-11956,CUST-1144,Keyboard,Accessories,East,Distributor,3,860,0.14,2218.8,458.23
2025-09-07,ORD-11957,CUST-1311,Headphones,Accessories,East,Retail,9,7363,0.02,64941.66,7420.86
2025-09-07,ORD-11958,CUST-1231,Keyboard,Accessories,North,Retail,6,2932,0.06,16536.48,3151.5
2025-09-07,ORD-11959,CUST-1198,Smartphone,Electronics,North,Distributor,9,68174,0.03,595159.02,59014.71
2025-09-07,ORD-11960,CUST-1453,Keyboard,Accessories,East,Retail,4,3246,0.12,11425.92,2223.66
2025-09-07,ORD-11961,CUST-1452,Tablet,Electronics,East,Online,1,57456,0.09,52284.96,9221.18
2025-09-08,ORD-11962,CUST-1440,Webcam,Accessories,East,Online,1,6577,0.0,6577.0,1453.71
2025-09-08,ORD-11963,CUST-1385,Tablet,Electronics,South,Retail,7,36453,0.07,237309.03,34748.75
2025-09-08,ORD-11964,CUST-1438,Tablet,Electronics,South,Online,9,54107,0.04,467484.48,115820.59
2025-09-08,ORD-11965,CUST-1438,Smartphone,Electronics,North,Retail,2,15035,0.13,26160.9,4847.01
2025-09-08,ORD-11966,CUST-1081,Laptop,Electronics,North,Online,5,108334,0.06,509169.8,89908.62
2025-09-08,ORD-11967,CUST-1190,Headphones,Accessories,North,Retail,4,4125,0.15,14025.0,2890.75
2025-09-08,ORD-11968,CUST-1154,Printer,Office Equipment,South,Retail,1,17747,0.12,15617.36,3634.92
2025-09-08,ORD-11969,CUST-1349,Tablet,Electronics,North,Retail,4,22885,0.14,78724.4,16258.5
2025-09-09,ORD-11970,CUST-1445,Monitor,Electronics,East,Retail,1,13689,0.01,13552.11,1625.12
2025-09-09,ORD-11971,CUST-1033,Laptop,Electronics,West,Distributor,8,58294,0.11,415053.28,44020.6
2025-09-09,ORD-11972,CUST-1211,Printer,Office Equipment,South,Online,1,9217,0.07,8571.81,1895.88
2025-09-09,ORD-11973,CUST-1363,Smartphone,Electronics,East,Distributor,1,23258,0.14,20001.88,4580.11
2025-09-09,ORD-11974,CUST-1446,Tablet,Electronics,South,Online,4,32516,0.0,130064.0,16418.45
2025-09-09,ORD-11975,CUST-1438,Tablet,Electronics,West,Distributor,1,57610,0.01,57033.9,10023.48
2025-09-09,ORD-11976,CUST-1188,Tablet,Electronics,West,Retail,4,18099,0.04,69500.16,6604.65
2025-09-09,ORD-11977,CUST-1282,Webcam,Accessories,South,Retail,3,7615,0.1,20560.5,2942.54
2025-09-10,ORD-11978,CUST-1177,Headphones,Accessories,East,Online,7,3850,0.09,24524.5,3513.35
2025-09-10,ORD-11979,CUST-1308,Tablet,Electronics,East,Online,9,41727,0.05,356765.85,54724.64
2025-09-10,ORD-11980,CUST-1348,Headphones,Accessories,South,Online,6,8644,0.07,48233.52,8280.06
2025-09-10,ORD-11981,CUST-1425,Headphones,Accessories,South,Distributor,9,3376,0.09,27649.44,4751.17
2025-09-10,ORD-11982,CUST-1214,Monitor,Electronics,North,Distributor,4,37023,0.1,133282.8,12514.77
2025-09-10,ORD-11983,CUST-1478,Webcam,Accessories,South,Distributor,1,10012,0.02,9811.76,791.68
2025-09-10,ORD-11984,CUST-1408,Keyboard,Accessories,East,Distributor,6,4807,0.02,28265.16,5777.83
2025-09-10,ORD-11985,CUST-1179,Printer,Office Equipment,West,Distributor,9,29525,0.12,233838.0,27415.67
2025-09-11,ORD-11986,CUST-1355,Desktop,Electronics,South,Distributor,4,81973,0.1,295102.8,31419.36
2025-09-11,ORD-11987,CUST-1355,Laptop,Electronics,East,Online,9,64129,0.07,536759.73,126510.74
2025-09-11,ORD-11988,CUST-1417,Printer,Office Equipment,South,Online,5,14856,0.08,68337.6,6589.1
2025-09-11,ORD-11989,CUST-1397,Laptop,Electronics,North,Online,1,88769,0.02,86993.62,9706.0
2025-09-11,ORD-11990,CUST-1206,Mouse,Accessories,North,Distributor,8,887,0.06,6670.24,939.02
2025-09-11,ORD-11991,CUST-1219,Smartphone,Electronics,West,Distributor,5,59979,0.06,281901.3,32541.62
2025-09-11,ORD-11992,CUST-1179,Smartphone,Electronics,North,Retail,1,79400,0.15,67490.0,11135.79
2025-09-11,ORD-11993,CUST-1300,Tablet,Electronics,East,Distributor,7,50325,0.12,310002.0,47076.68
2025-09-12,ORD-11994,CUST-1463,Tablet,Electronics,North,Retail,1,39901,0.01,39501.99,6433.54
2025-09-12,ORD-11995,CUST-1366,Mouse,Accessories,North,Retail,9,777,0.01,6923.07,1406.26
2025-09-12,ORD-11996,CUST-1165,Printer,Office Equipment,East,Distributor,6,15909,0.09,86863.14,13878.78
2025-09-12,ORD-11997,CUST-1065,Tablet,Electronics,North,Distributor,4,55220,0.06,207627.2,16973.52
2025-09-12,ORD-11998,CUST-1289,Tablet,Electronics,West,Distributor,2,47903,0.03,92931.82,11775.02
2025-09-12,ORD-11999,CUST-1461,Laptop,Electronics,West,Retail,5,65423,0.1,294403.5,48131.1
2025-09-12,ORD-12000,CUST-1351,Monitor,Electronics,South,Online,1,19512,0.09,17755.92,2708.57
2025-09-12,ORD-12001,CUST-1381,Keyboard,Accessories,South,Retail,8,4783,0.04,36733.44,5357.26
2025-09-13,ORD-12002,CUST-1298,Laptop,Electronics,West,Online,5,73943,0.03,358623.55,81459.96
2025-09-13,ORD-12003,CUST-1484,Tablet,Electronics,North,Retail,2,21654,0.02,42441.84,4347.73
2025-09-13,ORD-12004,CUST-1355,Tablet,Electronics,East,Distributor,6,43178,0.0,259068.0,43854.98
2025-09-13,ORD-12005,CUST-1285,Webcam,Accessories,West,Online,2,8358,0.07,15545.88,1980.75
2025-09-13,ORD-12006,CUST-1243,Desktop,Electronics,West,Distributor,2,57221,0.13,99564.54,19215.9
2025-09-13,ORD-12007,CUST-1095,Keyboard,Accessories,South,Retail,3,1791,0.0,5373.0,508.74
2025-09-13,ORD-12008,CUST-1404,Webcam,Accessories,South,Distributor,6,10631,0.04,61234.56,5594.34
2025-09-13,ORD-12009,CUST-1153,Printer,Office Equipment,South,Distributor,2,26339,0.01,52151.22,5966.94
2025-09-14,ORD-12010,CUST-1057,Printer,Office Equipment,East,Distributor,1,20185,0.01,19983.15,4275.89
2025-09-14,ORD-12011,CUST-1471,Webcam,Accessories,South,Retail,1,6469,0.13,5628.03,581.38
2025-09-14,ORD-12012,CUST-1088,Keyboard,Accessories,West,Distributor,4,4689,0.07,17443.08,2030.39
2025-09-14,ORD-12013,CUST-1074,Webcam,Accessories,North,Retail,2,3893,0.1,7007.4,1582.51
2025-09-14,ORD-12014,CUST-1211,Webcam,Accessories,East,Online,2,10775,0.02,21119.0,3940.38
2025-09-14,ORD-12015,CUST-1164,Mouse,Accessories,West,Online,7,644,0.11,4012.12,350.24
2025-09-14,ORD-12016,CUST-1115,Keyboard,Accessories,South,Retail,6,4001,0.07,22325.58,4960.37
2025-09-15,ORD-12017,CUST-1080,Smartphone,Electronics,South,Distributor,9,68284,0.1,553100.4,115278.92
2025-09-15,ORD-12018,CUST-1015,Webcam,Accessories,West,Online,5,9645,0.12,42438.0,6517.04
2025-09-15,ORD-12019,CUST-1142,Webcam,Accessories,West,Retail,2,3884,0.12,6835.84,593.29
2025-09-15,ORD-12020,CUST-1470,Tablet,Electronics,East,Retail,6,34889,0.13,182120.58,33309.91
2025-09-15,ORD-12021,CUST-1301,Webcam,Accessories,South,Retail,8,7825,0.11,55714.0,12408.42
2025-09-15,ORD-12022,CUST-1315,Headphones,Accessories,North,Retail,2,9022,0.15,15337.4,2616.03
2025-09-15,ORD-12023,CUST-1474,Mouse,Accessories,East,Online,5,1583,0.09,7202.65,855.19
2025-09-15,ORD-12024,CUST-1171,Smartphone,Electronics,West,Retail,4,60680,0.15,206312.0,23233.6
2025-09-16,ORD-12025,CUST-1071,Mouse,Accessories,East,Online,7,1171,0.12,7213.36,1669.13
2025-09-16,ORD-12026,CUST-1266,Headphones,Accessories,South,Online,9,6261,0.03,54658.53,8671.98
2025-09-16,ORD-12027,CUST-1172,Mouse,Accessories,South,Distributor,4,1242,0.09,4520.88,848.5
2025-09-16,ORD-12028,CUST-1477,Tablet,Electronics,West,Distributor,6,31097,0.06,175387.08,35410.13
2025-09-16,ORD-12029,CUST-1494,Headphones,Accessories,West,Distributor,3,5173,0.09,14122.29,1736.07
2025-09-16,ORD-12030,CUST-1475,Printer,Office Equipment,West,Retail,1,10180,0.03,9874.6,2358.06
2025-09-16,ORD-12031,CUST-1026,Webcam,Accessories,West,Distributor,5,9874,0.09,44926.7,5115.46
2025-09-16,ORD-12032,CUST-1071,Tablet,Electronics,South,Online,2,46219,0.07,85967.34,11453.78
2025-09-17,ORD-12033,CUST-1280,Headphones,Accessories,East,Online,1,1672,0.13,1454.64,184.96
2025-09-17,ORD-12034,CUST-1030,Desktop,Electronics,North,Online,7,53427,0.01,370249.11,71180.57
2025-09-17,ORD-12035,CUST-1316,Headphones,Accessories,East,Distributor,5,5656,0.06,26583.2,3168.27
2025-09-17,ORD-12036,CUST-1390,Headphones,Accessories,South,Online,4,3485,0.0,13940.0,2499.45
2025-09-17,ORD-12037,CUST-1046,Printer,Office Equipment,East,Retail,4,25750,0.09,93730.0,22707.07
2025-09-17,ORD-12038,CUST-1235,Desktop,Electronics,South,Online,2,56134,0.13,97673.16,11482.99
2025-09-17,ORD-12039,CUST-1222,Keyboard,Accessories,West,Retail,5,1679,0.0,8395.0,1629.45
2025-09-17,ORD-12040,CUST-1227,Keyboard,Accessories,West,Online,4,1622,0.13,5644.56,843.58
2025-09-18,ORD-12041,CUST-1451,Printer,Office Equipment,West,Retail,7,8754,0.08,56375.76,7114.22
2025-09-18,ORD-12042,CUST-1198,Webcam,Accessories,West,Distributor,6,6776,0.0,40656.0,6760.49
2025-09-18,ORD-12043,CUST-1357,Keyboard,Accessories,West,Online,6,1983,0.11,10589.22,1928.95
2025-09-18,ORD-12044,CUST-1127,Printer,Office Equipment,East,Online,4,15141,0.05,57535.8,8565.2
2025-09-18,ORD-12045,CUST-1330,Printer,Office Equipment,North,Retail,8,8795,0.1,63324.0,11129.99
2025-09-18,ORD-12046,CUST-1223,Laptop,Electronics,West,Retail,7,95243,0.05,633365.95,52875.92
2025-09-18,ORD-12047,CUST-1466,Desktop,Electronics,East,Retail,7,56706,0.05,377094.9,47419.94
2025-09-18,ORD-12048,CUST-1306,Monitor,Electronics,South,Online,3,17180,0.13,44839.8,8503.94
2025-09-19,ORD-12049,CUST-1468,Printer,Office Equipment,South,Online,6,9572,0.11,51114.48,4870.97
2025-09-19,ORD-12050,CUST-1130,Smartphone,Electronics,West,Online,9,21562,0.04,186295.68,31538.58
2025-09-19,ORD-12051,CUST-1117,Mouse,Accessories,West,Retail,3,2185,0.04,6292.8,1483.3
2025-09-19,ORD-12052,CUST-1026,Monitor,Electronics,South,Retail,9,12188,0.03,106401.24,10181.12
2025-09-19,ORD-12053,CUST-1413,Webcam,Accessories,South,Distributor,8,8434,0.13,58700.64,7053.57
2025-09-19,ORD-12054,CUST-1273,Desktop,Electronics,North,Retail,2,46652,0.04,89571.84,19090.84
2025-09-19,ORD-12055,CUST-1125,Webcam,Accessories,North,Retail,6,4431,0.02,26054.28,6213.05
2025-09-19,ORD-12056,CUST-1458,Monitor,Electronics,North,Retail,5,26818,0.12,117999.2,19488.18
2025-09-20,ORD-12057,CUST-1123,Monitor,Electronics,East,Distributor,3,11584,0.07,32319.36,7236.67
2025-09-20,ORD-12058,CUST-1365,Mouse,Accessories,South,Online,8,1406,0.07,10460.64,2099.82
2025-09-20,ORD-12059,CUST-1147,Smartphone,Electronics,West,Distributor,1,23791,0.15,20222.35,2085.0
2025-09-20,ORD-12060,CUST-1268,Tablet,Electronics,West,Distributor,7,51065,0.08,328858.6,48889.02
2025-09-20,ORD-12061,CUST-1207,Webcam,Accessories,East,Distributor,6,11420,0.09,62353.2,13867.15
2025-09-20,ORD-12062,CUST-1018,Printer,Office Equipment,South,Online,3,24487,0.13,63911.07,6484.47
2025-09-20,ORD-12063,CUST-1195,Smartphone,Electronics,West,Retail,6,54117,0.02,318207.96,74367.77
2025-09-21,ORD-12064,CUST-1110,Headphones,Accessories,West,Distributor,1,6153,0.07,5722.29,1187.68
2025-09-21,ORD-12065,CUST-1071,Monitor,Electronics,East,Retail,8,38350,0.09,279188.0,58347.1
2025-09-21,ORD-12066,CUST-1129,Keyboard,Accessories,West,Retail,3,934,0.14,2409.72,562.97
2025-09-21,ORD-12067,CUST-1212,Tablet,Electronics,North,Online,8,39351,0.13,273882.96,43481.9
2025-09-21,ORD-12068,CUST-1465,Monitor,Electronics,West,Distributor,2,19680,0.06,36998.4,5164.77
2025-09-21,ORD-12069,CUST-1282,Printer,Office Equipment,West,Online,2,27603,0.04,52997.76,11637.57
2025-09-21,ORD-12070,CUST-1259,Tablet,Electronics,South,Online,2,38100,0.05,72390.0,9610.36
2025-09-21,ORD-12071,CUST-1012,Desktop,Electronics,South,Distributor,3,88780,0.11,237042.6,29827.89
2025-09-22,ORD-12072,CUST-1313,Webcam,Accessories,West,Retail,6,1895,0.07,10574.1,1446.4
2025-09-22,ORD-12073,CUST-1299,Smartphone,Electronics,North,Retail,6,52345,0.06,295225.8,63830.2
2025-09-22,ORD-12074,CUST-1373,Tablet,Electronics,North,Online,7,48683,0.01,337373.19,71685.84
2025-09-22,ORD-12075,CUST-1325,Printer,Office Equipment,East,Online,6,29647,0.11,158314.98,32351.11
2025-09-22,ORD-12076,CUST-1112,Monitor,Electronics,North,Online,4,13053,0.09,47512.92,6028.4
2025-09-22,ORD-12077,CUST-1213,Mouse,Accessories,South,Retail,1,944,0.03,915.68,161.87
2025-09-22,ORD-12078,CUST-1439,Webcam,Accessories,North,Retail,5,4950,0.0,24750.0,2258.66
2025-09-22,ORD-12079,CUST-1473,Tablet,Electronics,West,Online,2,29358,0.07,54605.88,13476.92
2025-09-23,ORD-12080,CUST-1435,Desktop,Electronics,West,Retail,8,62461,0.09,454716.08,112091.1
2025-09-23,ORD-12081,CUST-1169,Smartphone,Electronics,East,Distributor,9,86817,0.13,679777.11,148493.69
2025-09-23,ORD-12082,CUST-1459,Monitor,Electronics,South,Online,9,32367,0.04,279650.88,50604.1
2025-09-23,ORD-12083,CUST-1153,Laptop,Electronics,West,Distributor,7,113359,0.04,761772.48,182665.28
2025-09-23,ORD-12084,CUST-1054,Printer,Office Equipment,South,Distributor,1,27388,0.05,26018.6,5899.23
2025-09-23,ORD-12085,CUST-1050,Keyboard,Accessories,East,Retail,4,2837,0.07,10553.64,1119.25
2025-09-23,ORD-12086,CUST-1083,Printer,Office Equipment,West,Distributor,7,26565,0.05,176657.25,16569.03
2025-09-23,ORD-12087,CUST-1078,Desktop,Electronics,West,Retail,6,43729,0.07,244007.82,53330.43
2025-09-24,ORD-12088,CUST-1450,Laptop,Electronics,West,Retail,6,98546,0.02,579450.48,69572.3
2025-09-24,ORD-12089,CUST-1124,Smartphone,Electronics,South,Retail,4,68125,0.06,256150.0,30730.04
2025-09-24,ORD-12090,CUST-1042,Monitor,Electronics,North,Distributor,6,29446,0.06,166075.44,15625.93
2025-09-24,ORD-12091,CUST-1496,Laptop,Electronics,South,Online,3,106169,0.07,296211.51,28345.53
2025-09-24,ORD-12092,CUST-1431,Laptop,Electronics,East,Distributor,8,73274,0.0,586192.0,75936.43
2025-09-24,ORD-12093,CUST-1051,Headphones,Accessories,North,Distributor,2,1662,0.02,3257.52,432.14
2025-09-24,ORD-12094,CUST-1404,Desktop,Electronics,South,Retail,1,80262,0.0,80262.0,19008.75
2025-09-24,ORD-12095,CUST-1269,Tablet,Electronics,North,Distributor,2,32519,0.09,59184.58,10926.89
2025-09-25,ORD-12096,CUST-1080,Mouse,Accessories,North,Retail,3,666,0.07,1858.14,417.91
2025-09-25,ORD-12097,CUST-1340,Smartphone,Electronics,South,Distributor,4,52184,0.0,208736.0,46937.75
2025-09-25,ORD-12098,CUST-1334,Tablet,Electronics,West,Retail,8,38511,0.14,264955.68,34997.41
2025-09-25,ORD-12099,CUST-1360,Keyboard,Accessories,South,Online,5,3475,0.03,16853.75,2669.95
2025-09-25,ORD-12100,CUST-1229,Desktop,Electronics,South,Online,1,78514,0.13,68307.18,7179.47
2025-09-25,ORD-12101,CUST-1367,Desktop,Electronics,West,Retail,5,61805,0.1,278122.5,49638.18
2025-09-25,ORD-12102,CUST-1373,Printer,Office Equipment,East,Distributor,2,29112,0.1,52401.6,10175.29
2025-09-25,ORD-12103,CUST-1176,Keyboard,Accessories,North,Online,8,1077,0.05,8185.2,1198.6
2025-09-26,ORD-12104,CUST-1337,Laptop,Electronics,West,Distributor,5,101060,0.03,490141.0,80674.7
2025-09-26,ORD-12105,CUST-1362,Headphones,Accessories,West,Distributor,8,3177,0.12,22366.08,4623.02
2025-09-26,ORD-12106,CUST-1128,Headphones,Accessories,West,Online,3,1121,0.13,2925.81,315.73
2025-09-26,ORD-12107,CUST-1262,Tablet,Electronics,West,Retail,6,24710,0.01,146777.4,15244.0
2025-09-26,ORD-12108,CUST-1184,Keyboard,Accessories,East,Distributor,3,4223,0.01,12542.31,1023.05
2025-09-26,ORD-12109,CUST-1496,Headphones,Accessories,South,Online,6,1044,0.02,6138.72,1296.29
2025-09-26,ORD-12110,CUST-1258,Monitor,Electronics,East,Distributor,6,32293,0.1,174382.2,35785.45
2025-09-26,ORD-12111,CUST-1222,Printer,Office Equipment,North,Retail,9,27349,0.09,223988.31,41231.36
2025-09-27,ORD-12112,CUST-1022,Smartphone,Electronics,East,Retail,9,53036,0.08,439138.08,91552.17
2025-09-27,ORD-12113,CUST-1475,Laptop,Electronics,West,Distributor,7,58231,0.07,379083.81,86923.86
2025-09-27,ORD-12114,CUST-1135,Smartphone,Electronics,East,Distributor,4,56311,0.13,195962.28,23102.57
2025-09-27,ORD-12115,CUST-1117,Laptop,Electronics,North,Online,4,83310,0.06,313245.6,25287.83
2025-09-27,ORD-12116,CUST-1038,Tablet,Electronics,East,Distributor,4,41016,0.0,164064.0,14457.29
2025-09-27,ORD-12117,CUST-1406,Webcam,Accessories,East,Distributor,7,1767,0.08,11379.48,2753.17
2025-09-27,ORD-12118,CUST-1399,Laptop,Electronics,North,Online,8,77972,0.08,573873.92,99797.29
2025-09-28,ORD-12119,CUST-1102,Printer,Office Equipment,North,Distributor,9,31780,0.05,271719.0,46915.21
2025-09-28,ORD-12120,CUST-1010,Printer,Office Equipment,North,Online,2,18773,0.1,33791.4,8140.97
2025-09-28,ORD-12121,CUST-1463,Mouse,Accessories,West,Online,3,1597,0.1,4311.9,649.58
2025-09-28,ORD-12122,CUST-1277,Monitor,Electronics,North,Online,6,13198,0.11,70477.32,9098.08
2025-09-28,ORD-12123,CUST-1033,Monitor,Electronics,East,Online,2,37952,0.14,65277.44,15804.29
2025-09-28,ORD-12124,CUST-1399,Desktop,Electronics,West,Distributor,8,62120,0.02,487020.8,102381.5
2025-09-28,ORD-12125,CUST-1182,Desktop,Electronics,North,Retail,8,83777,0.09,609896.56,130233.95
2025-09-28,ORD-12126,CUST-1371,Monitor,Electronics,North,Distributor,7,36430,0.03,247359.7,59524.62
2025-09-29,ORD-12127,CUST-1417,Desktop,Electronics,South,Retail,2,50635,0.02,99244.6,10644.75
2025-09-29,ORD-12128,CUST-1221,Headphones,Accessories,North,Distributor,1,6573,0.13,5718.51,1228.07
2025-09-29,ORD-12129,CUST-1396,Printer,Office Equipment,North,Distributor,4,13489,0.03,52337.32,9858.95
2025-09-29,ORD-12130,CUST-1101,Keyboard,Accessories,North,Online,8,4550,0.06,34216.0,6474.68
2025-09-29,ORD-12131,CUST-1340,Tablet,Electronics,East,Distributor,4,15243,0.09,55484.52,4600.26
2025-09-29,ORD-12132,CUST-1043,Headphones,Accessories,South,Online,7,1121,0.15,6669.95,1511.02
2025-09-29,ORD-12133,CUST-1242,Smartphone,Electronics,West,Distributor,9,88585,0.11,709565.85,128282.79
2025-09-29,ORD-12134,CUST-1427,Webcam,Accessories,East,Online,6,3462,0.09,18902.52,1616.57
2025-09-30,ORD-12135,CUST-1028,Mouse,Accessories,East,Distributor,9,2143,0.04,18515.52,4183.98
2025-09-30,ORD-12136,CUST-1174,Monitor,Electronics,West,Online,5,36728,0.06,172621.6,18300.69
2025-09-30,ORD-12137,CUST-1208,Webcam,Accessories,North,Online,6,2730,0.07,15233.4,3131.48
2025-09-30,ORD-12138,CUST-1476,Mouse,Accessories,North,Retail,6,1156,0.11,6173.04,1406.32
2025-09-30,ORD-12139,CUST-1063,Desktop,Electronics,South,Distributor,2,57314,0.12,100872.64,13528.33
2025-09-30,ORD-12140,CUST-1389,Keyboard,Accessories,North,Distributor,2,2696,0.01,5338.08,709.71
2025-09-30,ORD-12141,CUST-1051,Webcam,Accessories,West,Online,9,6369,0.14,49296.06,9457.1
2025-09-30,ORD-12142,CUST-1026,Mouse,Accessories,South,Online,7,780,0.1,4914.0,617.88
2025-10-01,ORD-12143,CUST-1414,Desktop,Electronics,East,Retail,1,47001,0.13,40890.87,3566.88
2025-10-01,ORD-12144,CUST-1458,Webcam,Accessories,South,Online,2,5830,0.02,11426.8,2739.48
2025-10-01,ORD-12145,CUST-1443,Headphones,Accessories,North,Distributor,3,4033,0.1,10889.1,1924.46
2025-10-01,ORD-12146,CUST-1377,Laptop,Electronics,South,Retail,8,78628,0.11,559831.36,56841.04
2025-10-01,ORD-12147,CUST-1431,Laptop,Electronics,South,Retail,9,85823,0.09,702890.37,143442.15
2025-10-01,ORD-12148,CUST-1198,Webcam,Accessories,South,Distributor,4,2472,0.06,9294.72,1712.59
2025-10-01,ORD-12149,CUST-1466,Mouse,Accessories,East,Retail,6,957,0.06,5397.48,973.87
2025-10-01,ORD-12150,CUST-1000,Keyboard,Accessories,North,Retail,2,4242,0.04,8144.64,1489.6
2025-10-02,ORD-12151,CUST-1416,Smartphone,Electronics,North,Distributor,4,48152,0.1,173347.2,30860.09
2025-10-02,ORD-12152,CUST-1023,Keyboard,Accessories,North,Distributor,3,1129,0.03,3285.39,402.46
2025-10-02,ORD-12153,CUST-1001,Printer,Office Equipment,South,Distributor,3,15147,0.04,43623.36,4325.01
2025-10-02,ORD-12154,CUST-1073,Desktop,Electronics,South,Distributor,1,67089,0.02,65747.22,7565.97
2025-10-02,ORD-12155,CUST-1265,Desktop,Electronics,East,Retail,6,61306,0.15,312660.6,45142.93
2025-10-02,ORD-12156,CUST-1340,Keyboard,Accessories,South,Retail,3,2493,0.06,7030.26,787.11
2025-10-02,ORD-12157,CUST-1237,Tablet,Electronics,South,Online,5,43668,0.01,216156.6,17404.88
2025-10-02,ORD-12158,CUST-1451,Laptop,Electronics,East,Online,8,118718,0.04,911754.24,137017.28
2025-10-03,ORD-12159,CUST-1402,Mouse,Accessories,North,Distributor,5,1125,0.06,5287.5,435.38
2025-10-03,ORD-12160,CUST-1352,Tablet,Electronics,East,Retail,6,34870,0.1,188298.0,29447.61
2025-10-03,ORD-12161,CUST-1068,Printer,Office Equipment,North,Online,5,13257,0.07,61645.05,9523.05
2025-10-03,ORD-12162,CUST-1328,Tablet,Electronics,South,Online,7,29344,0.15,174596.8,30344.39
2025-10-03,ORD-12163,CUST-1441,Mouse,Accessories,East,Distributor,6,2538,0.04,14618.88,1415.14
2025-10-03,ORD-12164,CUST-1123,Printer,Office Equipment,East,Retail,1,10063,0.09,9157.33,2110.01
2025-10-03,ORD-12165,CUST-1001,Keyboard,Accessories,South,Online,9,2298,0.09,18820.62,4633.01
2025-10-04,ORD-12166,CUST-1099,Headphones,Accessories,South,Online,9,7876,0.09,64504.44,5176.37
2025-10-04,ORD-12167,CUST-1102,Mouse,Accessories,West,Distributor,7,1428,0.1,8996.4,1135.62
2025-10-04,ORD-12168,CUST-1455,Smartphone,Electronics,South,Retail,6,27594,0.06,155630.16,28976.04
2025-10-04,ORD-12169,CUST-1170,Laptop,Electronics,West,Online,6,96777,0.07,540015.66,65341.04
2025-10-04,ORD-12170,CUST-1458,Printer,Office Equipment,South,Online,9,8538,0.1,69157.8,6745.84
2025-10-04,ORD-12171,CUST-1378,Printer,Office Equipment,North,Online,1,14716,0.07,13685.88,2339.56
2025-10-04,ORD-12172,CUST-1189,Webcam,Accessories,North,Online,8,3723,0.03,28890.48,3364.9
2025-10-04,ORD-12173,CUST-1329,Mouse,Accessories,West,Online,1,2806,0.06,2637.64,655.52
2025-10-05,ORD-12174,CUST-1128,Desktop,Electronics,South,Online,6,55512,0.09,303095.52,29065.87
2025-10-05,ORD-12175,CUST-1373,Tablet,Electronics,North,Retail,5,50459,0.03,244726.15,51085.48
2025-10-05,ORD-12176,CUST-1117,Keyboard,Accessories,East,Online,7,3509,0.02,24071.74,3986.98
2025-10-05,ORD-12177,CUST-1084,Printer,Office Equipment,North,Distributor,6,19694,0.11,105165.96,18358.69
2025-10-05,ORD-12178,CUST-1080,Desktop,Electronics,South,Distributor,1,83732,0.04,80382.72,8781.94
2025-10-05,ORD-12179,CUST-1151,Laptop,Electronics,West,Online,3,75671,0.12,199771.44,22693.95
2025-10-05,ORD-12180,CUST-1467,Tablet,Electronics,South,Retail,4,55543,0.02,217728.56,21781.34
2025-10-05,ORD-12181,CUST-1081,Mouse,Accessories,West,Retail,7,1030,0.1,6489.0,1438.71
2025-10-06,ORD-12182,CUST-1431,Laptop,Electronics,West,Online,3,99091,0.01,294300.27,32304.24
2025-10-06,ORD-12183,CUST-1222,Desktop,Electronics,South,Distributor,3,53879,0.01,160020.63,24092.54
2025-10-06,ORD-12184,CUST-1346,Monitor,Electronics,East,Retail,5,33386,0.08,153575.6,26775.84
2025-10-06,ORD-12185,CUST-1217,Monitor,Electronics,South,Distributor,9,31643,0.09,259156.17,62745.62
2025-10-06,ORD-12186,CUST-1375,Tablet,Electronics,North,Online,5,35691,0.04,171316.8,19942.13
2025-10-06,ORD-12187,CUST-1046,Printer,Office Equipment,North,Distributor,5,20305,0.12,89342.0,14207.85
2025-10-06,ORD-12188,CUST-1438,Monitor,Electronics,North,Distributor,1,17528,0.11,15599.92,2662.94
2025-10-06,ORD-12189,CUST-1069,Tablet,Electronics,North,Distributor,7,57575,0.09,366752.75,75328.85
2025-10-07,ORD-12190,CUST-1464,Monitor,Electronics,North,Distributor,9,38698,0.03,337833.54,34287.6
2025-10-07,ORD-12191,CUST-1173,Smartphone,Electronics,North,Retail,9,24721,0.04,213589.44,37140.46
2025-10-07,ORD-12192,CUST-1218,Mouse,Accessories,West,Online,6,2648,0.02,15570.24,1717.6
2025-10-07,ORD-12193,CUST-1319,Monitor,Electronics,West,Online,4,32897,0.1,118429.2,19902.31
2025-10-07,ORD-12194,CUST-1084,Printer,Office Equipment,East,Retail,9,10626,0.11,85114.26,11466.02
2025-10-07,ORD-12195,CUST-1353,Laptop,Electronics,North,Distributor,1,51511,0.12,45329.68,9600.9
2025-10-07,ORD-12196,CUST-1326,Laptop,Electronics,North,Online,2,92270,0.02,180849.2,37286.34
2025-10-07,ORD-12197,CUST-1331,Keyboard,Accessories,East,Online,8,1604,0.07,11933.76,2768.99
2025-10-08,ORD-12198,CUST-1344,Smartphone,Electronics,North,Distributor,1,34631,0.15,29436.35,3920.44
2025-10-08,ORD-12199,CUST-1075,Mouse,Accessories,West,Retail,5,1468,0.02,7193.2,1242.85
2025-10-08,ORD-12200,CUST-1147,Tablet,Electronics,North,Retail,9,20020,0.02,176576.4,38871.65
2025-10-08,ORD-12201,CUST-1022,Printer,Office Equipment,North,Online,8,9323,0.08,68617.28,10940.56
2025-10-08,ORD-12202,CUST-1185,Mouse,Accessories,East,Distributor,4,1947,0.05,7398.6,1021.4
2025-10-08,ORD-12203,CUST-1076,Monitor,Electronics,East,Distributor,7,22377,0.08,144107.88,17305.38
2025-10-08,ORD-12204,CUST-1420,Keyboard,Accessories,South,Distributor,6,3827,0.1,20665.8,2939.83
2025-10-08,ORD-12205,CUST-1027,Printer,Office Equipment,West,Online,1,26105,0.11,23233.45,4327.3
2025-10-09,ORD-12206,CUST-1008,Keyboard,Accessories,South,Online,7,4568,0.09,29098.16,6218.54
2025-10-09,ORD-12207,CUST-1443,Desktop,Electronics,West,Retail,1,57551,0.12,50644.88,12042.52
2025-10-09,ORD-12208,CUST-1133,Webcam,Accessories,East,Distributor,2,10606,0.14,18242.32,3749.64
2025-10-09,ORD-12209,CUST-1264,Monitor,Electronics,South,Retail,9,25520,0.07,213602.4,50891.4
2025-10-09,ORD-12210,CUST-1344,Keyboard,Accessories,North,Online,9,1325,0.06,11209.5,1358.35
2025-10-09,ORD-12211,CUST-1342,Printer,Office Equipment,East,Retail,5,31789,0.03,154176.65,27311.08
2025-10-09,ORD-12212,CUST-1367,Mouse,Accessories,South,Retail,3,484,0.04,1393.92,210.99
2025-10-09,ORD-12213,CUST-1128,Webcam,Accessories,North,Retail,7,5004,0.02,34327.44,8352.95
2025-10-10,ORD-12214,CUST-1080,Laptop,Electronics,East,Retail,7,88223,0.14,531102.46,99516.65
2025-10-10,ORD-12215,CUST-1345,Mouse,Accessories,East,Retail,1,1164,0.06,1094.16,130.14
2025-10-10,ORD-12216,CUST-1373,Webcam,Accessories,North,Distributor,3,6314,0.03,18373.74,4173.22
2025-10-10,ORD-12217,CUST-1441,Desktop,Electronics,East,Distributor,8,64724,0.05,491902.4,105589.77
2025-10-10,ORD-12218,CUST-1115,Smartphone,Electronics,North,Retail,9,81219,0.14,628635.06,52694.48
2025-10-10,ORD-12219,CUST-1141,Keyboard,Accessories,East,Distributor,9,4903,0.08,40596.84,8978.83
2025-10-10,ORD-12220,CUST-1352,Monitor,Electronics,East,Online,8,29991,0.12,211136.64,19099.44
2025-10-11,ORD-12221,CUST-1106,Mouse,Accessories,East,Online,1,1593,0.04,1529.28,360.61
2025-10-11,ORD-12222,CUST-1202,Webcam,Accessories,South,Online,5,11119,0.05,52815.25,10589.95
2025-10-11,ORD-12223,CUST-1238,Desktop,Electronics,North,Distributor,2,46198,0.11,82232.44,12935.69
2025-10-11,ORD-12224,CUST-1101,Laptop,Electronics,West,Online,4,81600,0.09,297024.0,55617.3
2025-10-11,ORD-12225,CUST-1451,Monitor,Electronics,West,Online,7,31103,0.05,206834.95,24483.47
2025-10-11,ORD-12226,CUST-1388,Desktop,Electronics,East,Retail,2,89154,0.09,162260.28,26907.74
2025-10-11,ORD-12227,CUST-1368,Desktop,Electronics,North,Online,8,72812,0.13,506771.52,107646.01
2025-10-11,ORD-12228,CUST-1300,Monitor,Electronics,North,Retail,4,36881,0.0,147524.0,32133.21
2025-10-12,ORD-12229,CUST-1473,Printer,Office Equipment,North,Online,2,26013,0.02,50985.48,9255.06
2025-10-12,ORD-12230,CUST-1373,Printer,Office Equipment,East,Distributor,6,23475,0.1,126765.0,20859.15
2025-10-12,ORD-12231,CUST-1200,Desktop,Electronics,East,Distributor,7,40201,0.13,244824.09,47892.62
2025-10-12,ORD-12232,CUST-1413,Headphones,Accessories,North,Distributor,3,1949,0.01,5788.53,1057.14
2025-10-12,ORD-12233,CUST-1203,Smartphone,Electronics,West,Retail,5,29267,0.08,134628.2,15939.1
2025-10-12,ORD-12234,CUST-1080,Laptop,Electronics,South,Distributor,3,103382,0.03,300841.62,65746.2
2025-10-12,ORD-12235,CUST-1171,Smartphone,Electronics,East,Retail,9,34383,0.01,306352.53,48011.45
2025-10-12,ORD-12236,CUST-1438,Desktop,Electronics,East,Online,2,56721,0.14,97560.12,19338.46
2025-10-13,ORD-12237,CUST-1187,Webcam,Accessories,North,Retail,9,8172,0.14,63251.28,5520.89
2025-10-13,ORD-12238,CUST-1380,Keyboard,Accessories,North,Distributor,8,4039,0.06,30373.28,7419.25
2025-10-13,ORD-12239,CUST-1009,Desktop,Electronics,North,Online,2,88912,0.02,174267.52,37058.36
2025-10-13,ORD-12240,CUST-1311,Laptop,Electronics,North,Online,9,76631,0.05,655195.05,96727.2
2025-10-13,ORD-12241,CUST-1381,Printer,Office Equipment,South,Online,3,30443,0.07,84935.97,11420.86
2025-10-13,ORD-12242,CUST-1418,Monitor,Electronics,West,Distributor,4,18323,0.13,63764.04,8957.9
2025-10-13,ORD-12243,CUST-1433,Webcam,Accessories,West,Retail,3,8647,0.09,23606.31,3836.39
2025-10-13,ORD-12244,CUST-1135,Webcam,Accessories,East,Distributor,3,11677,0.03,33980.07,5748.19
2025-10-14,ORD-12245,CUST-1406,Laptop,Electronics,West,Online,2,81732,0.05,155290.8,27062.56
2025-10-14,ORD-12246,CUST-1281,Headphones,Accessories,South,Retail,5,4889,0.07,22733.85,4396.91
2025-10-14,ORD-12247,CUST-1063,Laptop,Electronics,North,Online,4,80637,0.1,290293.2,53549.36
2025-10-14,ORD-12248,CUST-1188,Headphones,Accessories,North,Retail,8,1295,0.09,9427.6,830.32
2025-10-14,ORD-12249,CUST-1130,Mouse,Accessories,South,Retail,3,464,0.11,1238.88,194.54
2025-10-14,ORD-12250,CUST-1399,Smartphone,Electronics,East,Distributor,7,96852,0.09,616947.24,88777.2
2025-10-14,ORD-12251,CUST-1274,Smartphone,Electronics,East,Distributor,8,26751,0.13,186186.96,24249.56
2025-10-14,ORD-12252,CUST-1010,Printer,Office Equipment,East,Distributor,4,12814,0.05,48693.2,4747.61
2025-10-15,ORD-12253,CUST-1429,Smartphone,Electronics,South,Retail,4,37953,0.13,132076.44,12999.01
2025-10-15,ORD-12254,CUST-1028,Monitor,Electronics,West,Distributor,7,23245,0.08,149697.8,36422.49
2025-10-15,ORD-12255,CUST-1234,Laptop,Electronics,West,Online,9,111994,0.02,987787.08,186534.41
2025-10-15,ORD-12256,CUST-1370,Tablet,Electronics,South,Distributor,3,29149,0.05,83074.65,19964.11
2025-10-15,ORD-12257,CUST-1185,Smartphone,Electronics,South,Distributor,4,57700,0.1,207720.0,37889.79
2025-10-15,ORD-12258,CUST-1145,Monitor,Electronics,North,Retail,9,34805,0.0,313245.0,68660.61
2025-10-15,ORD-12259,CUST-1222,Printer,Office Equipment,East,Online,2,12668,0.14,21788.96,3840.64
2025-10-15,ORD-12260,CUST-1346,Webcam,Accessories,South,Retail,3,8155,0.09,22263.15,3138.72
2025-10-16,ORD-12261,CUST-1208,Mouse,Accessories,North,Online,2,2655,0.06,4991.4,720.31
2025-10-16,ORD-12262,CUST-1425,Laptop,Electronics,South,Online,9,113167,0.12,896282.64,86673.2
2025-10-16,ORD-12263,CUST-1061,Webcam,Accessories,East,Online,6,10863,0.05,61919.1,14677.95
2025-10-16,ORD-12264,CUST-1395,Mouse,Accessories,East,Distributor,7,2617,0.02,17952.62,3229.57
2025-10-16,ORD-12265,CUST-1385,Mouse,Accessories,South,Online,1,520,0.12,457.6,49.38
2025-10-16,ORD-12266,CUST-1199,Laptop,Electronics,North,Online,9,106917,0.09,875650.23,205118.99
2025-10-16,ORD-12267,CUST-1098,Desktop,Electronics,East,Online,7,73023,0.03,495826.17,46511.67
2025-10-17,ORD-12268,CUST-1142,Laptop,Electronics,North,Retail,2,99177,0.08,182485.68,33586.76
2025-10-17,ORD-12269,CUST-1090,Smartphone,Electronics,South,Distributor,2,57125,0.01,113107.5,16889.72
2025-10-17,ORD-12270,CUST-1112,Tablet,Electronics,East,Retail,7,56089,0.02,384770.54,78530.12
2025-10-17,ORD-12271,CUST-1083,Laptop,Electronics,North,Distributor,8,107756,0.07,801704.64,102502.08
2025-10-17,ORD-12272,CUST-1066,Tablet,Electronics,South,Retail,3,41425,0.11,110604.75,16588.48
2025-10-17,ORD-12273,CUST-1320,Laptop,Electronics,West,Retail,9,62067,0.11,497156.67,81362.67
2025-10-17,ORD-12274,CUST-1203,Laptop,Electronics,East,Online,3,58754,0.12,155110.56,19358.23
2025-10-17,ORD-12275,CUST-1067,Keyboard,Accessories,East,Retail,4,2460,0.07,9151.2,870.84
2025-10-18,ORD-12276,CUST-1239,Monitor,Electronics,North,Retail,4,21296,0.14,73258.24,10858.56
2025-10-18,ORD-12277,CUST-1083,Laptop,Electronics,North,Retail,4,71531,0.1,257511.6,24041.56
2025-10-18,ORD-12278,CUST-1342,Desktop,Electronics,East,Online,4,89174,0.06,335294.24,73858.1
2025-10-18,ORD-12279,CUST-1062,Tablet,Electronics,South,Online,8,50790,0.09,369751.2,51263.82
2025-10-18,ORD-12280,CUST-1303,Tablet,Electronics,North,Distributor,2,58769,0.08,108134.96,14296.17
2025-10-18,ORD-12281,CUST-1261,Monitor,Electronics,North,Online,6,11565,0.02,68002.2,10013.33
2025-10-18,ORD-12282,CUST-1104,Printer,Office Equipment,East,Online,5,17331,0.15,73656.75,8854.0
2025-10-18,ORD-12283,CUST-1237,Printer,Office Equipment,West,Distributor,8,25504,0.02,199951.36,20815.23
2025-10-19,ORD-12284,CUST-1327,Webcam,Accessories,North,Retail,3,4558,0.01,13537.26,3002.2
2025-10-19,ORD-12285,CUST-1265,Smartphone,Electronics,West,Online,9,38906,0.02,343150.92,38733.34
2025-10-19,ORD-12286,CUST-1374,Smartphone,Electronics,West,Online,9,59582,0.11,477251.82,78041.17
2025-10-19,ORD-12287,CUST-1434,Printer,Office Equipment,South,Distributor,4,34953,0.08,128627.04,29459.36
2025-10-19,ORD-12288,CUST-1230,Headphones,Accessories,North,Retail,7,1477,0.05,9822.05,1741.57
2025-10-19,ORD-12289,CUST-1060,Smartphone,Electronics,West,Retail,9,98447,0.06,832861.62,163013.26
2025-10-19,ORD-12290,CUST-1399,Laptop,Electronics,South,Online,7,115072,0.04,773283.84,115114.43
2025-10-19,ORD-12291,CUST-1430,Headphones,Accessories,South,Online,1,7162,0.08,6589.04,621.61
2025-10-20,ORD-12292,CUST-1201,Keyboard,Accessories,East,Online,6,3486,0.1,18824.4,1781.77
2025-10-20,ORD-12293,CUST-1207,Headphones,Accessories,South,Distributor,9,8328,0.14,64458.72,12682.06
2025-10-20,ORD-12294,CUST-1292,Desktop,Electronics,South,Retail,9,82683,0.12,654849.36,71782.3
2025-10-20,ORD-12295,CUST-1285,Smartphone,Electronics,East,Online,7,74863,0.11,466396.49,113022.56
2025-10-20,ORD-12296,CUST-1487,Printer,Office Equipment,South,Online,9,17463,0.12,138306.96,31474.96
2025-10-20,ORD-12297,CUST-1117,Laptop,Electronics,West,Distributor,6,54444,0.14,280931.04,55513.34
2025-10-20,ORD-12298,CUST-1152,Smartphone,Electronics,East,Distributor,5,81500,0.15,346375.0,65888.5
2025-10-20,ORD-12299,CUST-1145,Smartphone,Electronics,East,Retail,9,87553,0.09,717059.07,136267.06
2025-10-21,ORD-12300,CUST-1018,Webcam,Accessories,West,Online,9,9001,0.14,69667.74,14469.96
2025-10-21,ORD-12301,CUST-1199,Headphones,Accessories,West,Online,3,4854,0.13,12668.94,1878.56
2025-10-21,ORD-12302,CUST-1194,Webcam,Accessories,North,Distributor,3,1929,0.14,4976.82,780.57
2025-10-21,ORD-12303,CUST-1277,Desktop,Electronics,South,Distributor,8,72433,0.09,527312.24,86331.61
2025-10-21,ORD-12304,CUST-1428,Smartphone,Electronics,South,Retail,7,81296,0.07,529236.96,118409.85
2025-10-21,ORD-12305,CUST-1329,Webcam,Accessories,East,Distributor,4,9592,0.15,32612.8,2820.7
2025-10-21,ORD-12306,CUST-1405,Webcam,Accessories,South,Retail,1,8030,0.1,7227.0,1416.47
2025-10-21,ORD-12307,CUST-1386,Laptop,Electronics,West,Retail,5,53918,0.1,242631.0,55204.35
2025-10-22,ORD-12308,CUST-1063,Smartphone,Electronics,South,Retail,6,74852,0.09,408691.92,34823.74
2025-10-22,ORD-12309,CUST-1093,Webcam,Accessories,West,Retail,3,7113,0.13,18564.93,2332.03
2025-10-22,ORD-12310,CUST-1313,Smartphone,Electronics,East,Online,7,40704,0.02,279229.44,61569.99
2025-10-22,ORD-12311,CUST-1113,Keyboard,Accessories,South,Distributor,3,3005,0.12,7933.2,1754.45
2025-10-22,ORD-12312,CUST-1350,Smartphone,Electronics,East,Online,2,59588,0.06,112025.44,13927.43
2025-10-22,ORD-12313,CUST-1199,Webcam,Accessories,South,Distributor,6,9418,0.03,54812.76,13190.92
2025-10-22,ORD-12314,CUST-1175,Monitor,Electronics,East,Online,7,29304,0.03,198974.16,39413.12
2025-10-22,ORD-12315,CUST-1187,Keyboard,Accessories,North,Distributor,9,1670,0.08,13827.6,2025.84
2025-10-23,ORD-12316,CUST-1286,Tablet,Electronics,East,Online,9,32226,0.14,249429.24,60219.23
2025-10-23,ORD-12317,CUST-1133,Smartphone,Electronics,South,Online,6,78932,0.12,416760.96,53696.24
2025-10-23,ORD-12318,CUST-1422,Keyboard,Accessories,North,Online,5,1782,0.13,7751.7,1798.06
2025-10-23,ORD-12319,CUST-1360,Tablet,Electronics,East,Distributor,8,25801,0.01,204343.92,34465.1
2025-10-23,ORD-12320,CUST-1201,Keyboard,Accessories,East,Online,5,1108,0.01,5484.6,778.36
2025-10-23,ORD-12321,CUST-1103,Headphones,Accessories,North,Online,5,8433,0.02,41321.7,9119.36
2025-10-23,ORD-12322,CUST-1243,Monitor,Electronics,North,Online,6,30295,0.13,158139.9,34629.73
2025-10-24,ORD-12323,CUST-1136,Printer,Office Equipment,South,Distributor,8,18397,0.01,145704.24,35430.32
2025-10-24,ORD-12324,CUST-1233,Desktop,Electronics,West,Distributor,5,45710,0.01,226264.5,31712.35
2025-10-24,ORD-12325,CUST-1309,Webcam,Accessories,South,Retail,2,11194,0.08,20596.96,3613.79
2025-10-24,ORD-12326,CUST-1269,Laptop,Electronics,East,Retail,5,97315,0.02,476843.5,106621.91
2025-10-24,ORD-12327,CUST-1397,Monitor,Electronics,West,Retail,3,20842,0.08,57523.92,13529.15
2025-10-24,ORD-12328,CUST-1275,Laptop,Electronics,West,Retail,6,116380,0.06,656383.2,136678.21
2025-10-24,ORD-12329,CUST-1172,Mouse,Accessories,East,Distributor,3,966,0.07,2695.14,370.42
2025-10-24,ORD-12330,CUST-1364,Headphones,Accessories,East,Online,7,6959,0.12,42867.44,5741.91
2025-10-25,ORD-12331,CUST-1495,Webcam,Accessories,North,Distributor,3,6489,0.14,16741.62,3930.64
2025-10-25,ORD-12332,CUST-1451,Printer,Office Equipment,North,Online,6,8832,0.02,51932.16,11667.71
2025-10-25,ORD-12333,CUST-1449,Monitor,Electronics,South,Online,5,22206,0.1,99927.0,17954.52
2025-10-25,ORD-12334,CUST-1035,Keyboard,Accessories,South,Online,3,1748,0.12,4614.72,1050.51
2025-10-25,ORD-12335,CUST-1324,Headphones,Accessories,West,Distributor,6,8872,0.01,52699.68,6044.42
2025-10-25,ORD-12336,CUST-1268,Monitor,Electronics,West,Retail,2,19303,0.05,36675.7,8240.69
2025-10-25,ORD-12337,CUST-1479,Smartphone,Electronics,South,Retail,8,33883,0.07,252089.52,56608.76
2025-10-25,ORD-12338,CUST-1003,Tablet,Electronics,South,Retail,8,34180,0.1,246096.0,25950.77
2025-10-26,ORD-12339,CUST-1035,Webcam,Accessories,South,Online,3,7542,0.04,21720.96,5244.52
2025-10-26,ORD-12340,CUST-1102,Webcam,Accessories,South,Distributor,2,3690,0.03,7158.6,649.25
2025-10-26,ORD-12341,CUST-1453,Laptop,Electronics,North,Distributor,5,62137,0.01,307578.15,63210.51
2025-10-26,ORD-12342,CUST-1283,Keyboard,Accessories,West,Retail,7,2949,0.07,19197.99,2201.49
2025-10-26,ORD-12343,CUST-1361,Laptop,Electronics,North,Distributor,9,71634,0.12,567341.28,84354.75
2025-10-26,ORD-12344,CUST-1164,Tablet,Electronics,East,Distributor,3,26840,0.13,70052.4,11321.42
2025-10-26,ORD-12345,CUST-1441,Headphones,Accessories,North,Retail,9,5352,0.07,44796.24,6469.23
2025-10-26,ORD-12346,CUST-1379,Monitor,Electronics,West,Retail,2,26742,0.12,47065.92,10605.34
2025-10-27,ORD-12347,CUST-1093,Webcam,Accessories,West,Online,4,3175,0.06,11938.0,2069.97
2025-10-27,ORD-12348,CUST-1226,Tablet,Electronics,South,Distributor,3,19149,0.07,53425.71,6227.39
2025-10-27,ORD-12349,CUST-1295,Smartphone,Electronics,South,Distributor,3,18836,0.05,53682.6,5869.25
2025-10-27,ORD-12350,CUST-1336,Printer,Office Equipment,North,Distributor,3,11303,0.11,30179.01,6515.6
2025-10-27,ORD-12351,CUST-1085,Mouse,Accessories,East,Distributor,4,2665,0.08,9807.2,1178.8
2025-10-27,ORD-12352,CUST-1157,Headphones,Accessories,East,Retail,4,9850,0.03,38218.0,6669.44
2025-10-27,ORD-12353,CUST-1451,Desktop,Electronics,West,Online,8,87499,0.1,629992.8,129343.53
2025-10-27,ORD-12354,CUST-1170,Monitor,Electronics,East,Retail,7,19497,0.04,131019.84,10917.26
2025-10-28,ORD-12355,CUST-1457,Smartphone,Electronics,West,Distributor,8,95112,0.11,677197.44,67585.26
2025-10-28,ORD-12356,CUST-1035,Smartphone,Electronics,South,Online,8,15352,0.03,119131.52,13061.13
2025-10-28,ORD-12357,CUST-1368,Headphones,Accessories,North,Online,4,8676,0.11,30886.56,7252.56
2025-10-28,ORD-12358,CUST-1468,Tablet,Electronics,South,Online,6,24062,0.09,131378.52,22979.82
2025-10-28,ORD-12359,CUST-1068,Monitor,Electronics,East,Retail,1,36618,0.1,32956.2,8082.66
2025-10-28,ORD-12360,CUST-1135,Laptop,Electronics,West,Distributor,9,74699,0.03,652122.27,150101.04
2025-10-28,ORD-12361,CUST-1178,Tablet,Electronics,South,Distributor,9,47994,0.08,397390.32,70225.48
2025-10-28,ORD-12362,CUST-1201,Headphones,Accessories,North,Online,9,6855,0.03,59844.15,11272.4
2025-10-29,ORD-12363,CUST-1198,Keyboard,Accessories,North,Distributor,1,3078,0.15,2616.3,314.4
2025-10-29,ORD-12364,CUST-1446,Smartphone,Electronics,South,Online,6,29349,0.07,163767.42,22758.9
2025-10-29,ORD-12365,CUST-1085,Smartphone,Electronics,East,Distributor,2,17993,0.12,31667.68,5994.53
2025-10-29,ORD-12366,CUST-1444,Laptop,Electronics,South,Online,2,89687,0.03,173992.78,22118.19
2025-10-29,ORD-12367,CUST-1042,Smartphone,Electronics,South,Distributor,4,15643,0.09,56940.52,14159.42
2025-10-29,ORD-12368,CUST-1203,Smartphone,Electronics,North,Distributor,8,27180,0.09,197870.4,19703.72
2025-10-29,ORD-12369,CUST-1351,Monitor,Electronics,West,Retail,3,13786,0.03,40117.26,4014.67
2025-10-29,ORD-12370,CUST-1344,Tablet,Electronics,North,Online,3,18506,0.02,54407.64,11487.31
2025-10-30,ORD-12371,CUST-1021,Desktop,Electronics,North,Distributor,7,66391,0.02,455442.26,107146.66
2025-10-30,ORD-12372,CUST-1473,Laptop,Electronics,West,Online,8,67824,0.11,482906.88,92955.71
2025-10-30,ORD-12373,CUST-1194,Keyboard,Accessories,East,Online,4,1103,0.04,4235.52,477.41
2025-10-30,ORD-12374,CUST-1415,Webcam,Accessories,East,Distributor,1,4430,0.07,4119.9,943.74
2025-10-30,ORD-12375,CUST-1011,Desktop,Electronics,West,Distributor,3,58484,0.03,170188.44,16221.86
2025-10-30,ORD-12376,CUST-1167,Webcam,Accessories,South,Online,3,7023,0.13,18330.03,3262.62
2025-10-30,ORD-12377,CUST-1302,Smartphone,Electronics,South,Distributor,5,64227,0.02,314712.3,70117.44
2025-10-31,ORD-12378,CUST-1379,Headphones,Accessories,North,Online,6,7234,0.13,37761.48,3444.72
2025-10-31,ORD-12379,CUST-1421,Smartphone,Electronics,North,Online,6,31803,0.12,167919.84,30089.22
2025-10-31,ORD-12380,CUST-1478,Keyboard,Accessories,East,Distributor,8,1771,0.02,13884.64,1561.03
2025-10-31,ORD-12381,CUST-1066,Headphones,Accessories,South,Online,9,7007,0.06,59279.22,12427.13
2025-10-31,ORD-12382,CUST-1476,Mouse,Accessories,North,Retail,2,1039,0.0,2078.0,516.0
2025-10-31,ORD-12383,CUST-1253,Desktop,Electronics,East,Online,6,80255,0.02,471899.4,56267.94
2025-10-31,ORD-12384,CUST-1220,Monitor,Electronics,West,Distributor,1,24519,0.11,21821.91,5321.91
2025-10-31,ORD-12385,CUST-1271,Laptop,Electronics,North,Retail,7,79910,0.02,548182.6,123999.92
2025-11-01,ORD-12386,CUST-1328,Headphones,Accessories,North,Online,5,3598,0.12,15831.2,3108.56
2025-11-01,ORD-12387,CUST-1185,Mouse,Accessories,West,Retail,1,1422,0.01,1407.78,116.66
2025-11-01,ORD-12388,CUST-1318,Smartphone,Electronics,North,Retail,8,63308,0.06,476076.16,101767.34
2025-11-01,ORD-12389,CUST-1484,Tablet,Electronics,South,Retail,6,39377,0.04,226811.52,50668.76
2025-11-01,ORD-12390,CUST-1222,Tablet,Electronics,North,Online,2,23969,0.13,41706.06,5116.79
2025-11-01,ORD-12391,CUST-1263,Laptop,Electronics,North,Online,9,57785,0.12,457657.2,98640.7
2025-11-01,ORD-12392,CUST-1204,Keyboard,Accessories,East,Online,1,4179,0.08,3844.68,373.18
2025-11-01,ORD-12393,CUST-1264,Tablet,Electronics,North,Distributor,3,42774,0.08,118056.24,20369.82
2025-11-02,ORD-12394,CUST-1368,Headphones,Accessories,North,Retail,8,2759,0.02,21630.56,1842.53
2025-11-02,ORD-12395,CUST-1231,Laptop,Electronics,North,Online,8,61067,0.03,473879.92,41330.2
2025-11-02,ORD-12396,CUST-1416,Laptop,Electronics,East,Retail,8,80040,0.05,608304.0,148847.0
2025-11-02,ORD-12397,CUST-1089,Webcam,Accessories,North,Distributor,5,9561,0.05,45414.75,9817.51
2025-11-02,ORD-12398,CUST-1272,Keyboard,Accessories,East,Retail,1,942,0.08,866.64,96.1
2025-11-02,ORD-12399,CUST-1061,Printer,Office Equipment,North,Retail,7,27534,0.04,185028.48,15735.99
2025-11-02,ORD-12400,CUST-1480,Keyboard,Accessories,West,Retail,4,4097,0.02,16060.24,3495.95
2025-11-02,ORD-12401,CUST-1299,Printer,Office Equipment,North,Distributor,7,22313,0.12,137448.08,12840.22
2025-11-03,ORD-12402,CUST-1136,Keyboard,Accessories,West,Retail,3,4691,0.0,14073.0,1263.6
2025-11-03,ORD-12403,CUST-1012,Printer,Office Equipment,North,Online,2,18177,0.14,31264.44,5832.77
2025-11-03,ORD-12404,CUST-1129,Laptop,Electronics,North,Online,8,113655,0.1,818316.0,82760.37
2025-11-03,ORD-12405,CUST-1420,Mouse,Accessories,East,Distributor,4,2627,0.12,9247.04,1607.56
2025-11-03,ORD-12406,CUST-1162,Laptop,Electronics,South,Online,6,82675,0.1,446445.0,89429.15
2025-11-03,ORD-12407,CUST-1425,Mouse,Accessories,West,Retail,9,555,0.12,4395.6,574.05
2025-11-03,ORD-12408,CUST-1101,Smartphone,Electronics,West,Distributor,9,79595,0.1,644719.5,122602.81
2025-11-03,ORD-12409,CUST-1149,Tablet,Electronics,North,Retail,2,42169,0.06,79277.72,13842.85
2025-11-04,ORD-12410,CUST-1025,Printer,Office Equipment,West,Retail,2,12864,0.03,24956.16,3212.64
2025-11-04,ORD-12411,CUST-1165,Smartphone,Electronics,West,Online,5,47537,0.03,230554.45,25271.82
2025-11-04,ORD-12412,CUST-1312,Keyboard,Accessories,West,Online,9,3168,0.09,25945.92,6098.2
2025-11-04,ORD-12413,CUST-1489,Desktop,Electronics,South,Online,5,50822,0.13,221075.7,49560.9
2025-11-04,ORD-12414,CUST-1276,Keyboard,Accessories,South,Online,8,1217,0.08,8957.12,1964.91
2025-11-04,ORD-12415,CUST-1337,Desktop,Electronics,North,Distributor,7,43599,0.13,265517.91,51066.66
2025-11-04,ORD-12416,CUST-1120,Mouse,Accessories,East,Distributor,2,2635,0.14,4532.2,978.33
2025-11-04,ORD-12417,CUST-1299,Smartphone,Electronics,West,Online,9,93049,0.08,770445.72,191701.32
2025-11-05,ORD-12418,CUST-1275,Desktop,Electronics,East,Distributor,2,69127,0.14,118898.44,24286.51
2025-11-05,ORD-12419,CUST-1457,Webcam,Accessories,East,Retail,1,2656,0.15,2257.6,536.8
2025-11-05,ORD-12420,CUST-1450,Webcam,Accessories,East,Distributor,3,4133,0.11,11035.11,1729.42
2025-11-05,ORD-12421,CUST-1191,Webcam,Accessories,West,Online,4,10856,0.15,36910.4,9055.16
2025-11-05,ORD-12422,CUST-1023,Webcam,Accessories,West,Retail,3,2511,0.12,6629.04,822.76
2025-11-05,ORD-12423,CUST-1096,Headphones,Accessories,West,Distributor,8,2535,0.12,17846.4,1973.3
2025-11-05,ORD-12424,CUST-1342,Desktop,Electronics,North,Online,5,79038,0.06,371478.6,78004.42
2025-11-06,ORD-12425,CUST-1343,Webcam,Accessories,West,Distributor,8,11173,0.04,85808.64,9276.72
2025-11-06,ORD-12426,CUST-1482,Webcam,Accessories,West,Distributor,3,9091,0.11,24272.97,3559.82
2025-11-06,ORD-12427,CUST-1060,Laptop,Electronics,East,Online,5,55653,0.09,253221.15,30130.11
2025-11-06,ORD-12428,CUST-1460,Smartphone,Electronics,South,Online,7,29744,0.05,197797.6,17304.05
2025-11-06,ORD-12429,CUST-1285,Tablet,Electronics,South,Retail,5,59183,0.13,257446.05,50834.83
2025-11-06,ORD-12430,CUST-1408,Printer,Office Equipment,West,Online,6,11506,0.12,60751.68,9613.39
2025-11-06,ORD-12431,CUST-1144,Mouse,Accessories,West,Retail,1,2877,0.14,2474.22,493.22
2025-11-06,ORD-12432,CUST-1136,Webcam,Accessories,West,Distributor,4,5838,0.14,20082.72,3072.3
2025-11-07,ORD-12433,CUST-1173,Mouse,Accessories,North,Retail,3,665,0.07,1855.35,196.67
2025-11-07,ORD-12434,CUST-1322,Monitor,Electronics,West,Retail,3,21651,0.09,59107.23,7171.89
2025-11-07,ORD-12435,CUST-1491,Webcam,Accessories,South,Retail,9,3548,0.0,31932.0,7807.45
2025-11-07,ORD-12436,CUST-1021,Webcam,Accessories,West,Online,7,10227,0.1,64430.1,7651.19
2025-11-07,ORD-12437,CUST-1269,Mouse,Accessories,West,Distributor,7,2364,0.02,16217.04,4019.86
2025-11-07,ORD-12438,CUST-1045,Smartphone,Electronics,East,Online,2,70694,0.0,141388.0,31333.49
2025-11-07,ORD-12439,CUST-1307,Keyboard,Accessories,South,Online,2,2833,0.05,5382.7,1121.93
2025-11-07,ORD-12440,CUST-1457,Printer,Office Equipment,North,Retail,2,15623,0.03,30308.62,6132.99
2025-11-08,ORD-12441,CUST-1261,Monitor,Electronics,North,Retail,4,11434,0.14,39332.96,5294.49
2025-11-08,ORD-12442,CUST-1384,Headphones,Accessories,East,Retail,1,3712,0.05,3526.4,855.31
2025-11-08,ORD-12443,CUST-1332,Monitor,Electronics,North,Online,5,14081,0.09,64068.55,9797.11
2025-11-08,ORD-12444,CUST-1432,Mouse,Accessories,North,Retail,5,515,0.12,2266.0,341.68
2025-11-08,ORD-12445,CUST-1275,Tablet,Electronics,North,Distributor,2,48802,0.02,95651.92,11858.7
2025-11-08,ORD-12446,CUST-1049,Webcam,Accessories,East,Online,1,8065,0.07,7500.45,1302.8
2025-11-08,ORD-12447,CUST-1403,Tablet,Electronics,South,Retail,5,42112,0.08,193715.2,48273.24
2025-11-08,ORD-12448,CUST-1279,Smartphone,Electronics,West,Distributor,3,66710,0.09,182118.3,43894.41
2025-11-09,ORD-12449,CUST-1225,Webcam,Accessories,East,Distributor,4,11031,0.06,41476.56,7679.5
2025-11-09,ORD-12450,CUST-1174,Printer,Office Equipment,East,Retail,5,30566,0.13,132962.1,12677.98
2025-11-09,ORD-12451,CUST-1347,Laptop,Electronics,South,Online,2,66268,0.09,120607.76,24459.84
2025-11-09,ORD-12452,CUST-1355,Tablet,Electronics,North,Retail,6,31147,0.1,168193.8,24363.42
2025-11-09,ORD-12453,CUST-1031,Desktop,Electronics,South,Distributor,2,71095,0.01,140768.1,27600.43
2025-11-09,ORD-12454,CUST-1210,Webcam,Accessories,South,Online,9,7969,0.03,69569.37,9283.75
2025-11-09,ORD-12455,CUST-1248,Webcam,Accessories,North,Online,5,6868,0.06,32279.6,2888.63
2025-11-09,ORD-12456,CUST-1128,Laptop,Electronics,South,Online,5,67810,0.04,325488.0,79782.55
2025-11-10,ORD-12457,CUST-1462,Mouse,Accessories,West,Retail,7,1936,0.1,12196.8,1543.81
2025-11-10,ORD-12458,CUST-1082,Tablet,Electronics,North,Retail,7,18276,0.05,121535.4,18726.99
2025-11-10,ORD-12459,CUST-1275,Headphones,Accessories,North,Distributor,7,6966,0.07,45348.66,7043.84
2025-11-10,ORD-12460,CUST-1259,Tablet,Electronics,North,Retail,5,35901,0.14,154374.3,17396.27
2025-11-10,ORD-12461,CUST-1207,Monitor,Electronics,West,Online,4,38083,0.12,134052.16,16605.72
2025-11-10,ORD-12462,CUST-1203,Monitor,Electronics,East,Distributor,7,21026,0.11,130991.98,11686.15
2025-11-10,ORD-12463,CUST-1477,Smartphone,Electronics,West,Online,6,45002,0.14,232210.32,18938.27
2025-11-10,ORD-12464,CUST-1390,Monitor,Electronics,West,Retail,2,15731,0.02,30832.76,3415.58
2025-11-11,ORD-12465,CUST-1313,Tablet,Electronics,North,Retail,8,35356,0.06,265877.12,55793.65
2025-11-11,ORD-12466,CUST-1051,Laptop,Electronics,North,Retail,2,60363,0.03,117104.22,23485.72
2025-11-11,ORD-12467,CUST-1030,Webcam,Accessories,North,Distributor,5,10239,0.12,45051.6,8501.28
2025-11-11,ORD-12468,CUST-1246,Laptop,Electronics,West,Distributor,2,112204,0.09,204211.28,50427.19
2025-11-11,ORD-12469,CUST-1451,Monitor,Electronics,East,Retail,4,38659,0.01,153089.64,27285.58
2025-11-11,ORD-12470,CUST-1405,Laptop,Electronics,East,Online,5,108473,0.02,531517.7,107423.62
2025-11-11,ORD-12471,CUST-1027,Printer,Office Equipment,South,Distributor,2,12825,0.11,22828.5,5394.8
2025-11-11,ORD-12472,CUST-1356,Mouse,Accessories,West,Distributor,4,2360,0.05,8968.0,1373.13
2025-11-12,ORD-12473,CUST-1188,Laptop,Electronics,East,Distributor,8,95921,0.15,652262.8,122654.67
2025-11-12,ORD-12474,CUST-1384,Monitor,Electronics,South,Distributor,5,14191,0.02,69535.9,12153.04
2025-11-12,ORD-12475,CUST-1137,Headphones,Accessories,North,Online,5,6931,0.12,30496.4,7520.14
2025-11-12,ORD-12476,CUST-1239,Printer,Office Equipment,East,Distributor,5,18010,0.1,81045.0,10413.08
2025-11-12,ORD-12477,CUST-1483,Monitor,Electronics,South,Online,4,37705,0.13,131213.4,12982.07
2025-11-12,ORD-12478,CUST-1251,Tablet,Electronics,North,Retail,5,50210,0.09,228455.5,46879.39
2025-11-12,ORD-12479,CUST-1328,Tablet,Electronics,South,Retail,7,28518,0.04,191640.96,24892.22
2025-11-13,ORD-12480,CUST-1194,Monitor,Electronics,South,Online,1,16279,0.13,14162.73,2469.49
2025-11-13,ORD-12481,CUST-1433,Tablet,Electronics,North,Distributor,6,15826,0.1,85460.4,7719.83
2025-11-13,ORD-12482,CUST-1099,Printer,Office Equipment,North,Retail,4,9366,0.04,35965.44,7247.36
2025-11-13,ORD-12483,CUST-1074,Smartphone,Electronics,East,Distributor,4,57598,0.11,205048.88,33939.08
2025-11-13,ORD-12484,CUST-1439,Keyboard,Accessories,North,Distributor,6,2680,0.13,13989.6,1147.27
2025-11-13,ORD-12485,CUST-1463,Desktop,Electronics,North,Retail,7,68871,0.07,448350.21,57712.97
2025-11-13,ORD-12486,CUST-1489,Headphones,Accessories,East,Retail,3,5568,0.04,16035.84,3782.12
2025-11-13,ORD-12487,CUST-1273,Mouse,Accessories,East,Distributor,7,619,0.12,3813.04,441.34
2025-11-14,ORD-12488,CUST-1401,Desktop,Electronics,North,Online,8,79502,0.09,578774.56,90611.32
2025-11-14,ORD-12489,CUST-1257,Headphones,Accessories,East,Distributor,4,3020,0.02,11838.4,1865.78
2025-11-14,ORD-12490,CUST-1453,Printer,Office Equipment,North,Retail,7,27212,0.08,175245.28,37150.23
2025-11-14,ORD-12491,CUST-1429,Headphones,Accessories,West,Distributor,8,3176,0.13,22104.96,2161.67
2025-11-14,ORD-12492,CUST-1441,Monitor,Electronics,West,Distributor,5,22348,0.03,108387.8,23600.15
2025-11-14,ORD-12493,CUST-1285,Mouse,Accessories,South,Distributor,3,1496,0.02,4398.24,504.19
2025-11-14,ORD-12494,CUST-1052,Tablet,Electronics,South,Online,3,49174,0.04,141621.12,25004.94
2025-11-14,ORD-12495,CUST-1483,Webcam,Accessories,South,Online,8,1992,0.06,14979.84,3278.71
2025-11-15,ORD-12496,CUST-1108,Webcam,Accessories,South,Online,9,2308,0.11,18487.08,3229.65
2025-11-15,ORD-12497,CUST-1455,Desktop,Electronics,North,Online,1,47665,0.0,47665.0,5677.06
2025-11-15,ORD-12498,CUST-1023,Desktop,Electronics,North,Distributor,9,65292,0.07,546494.04,78967.52
2025-11-15,ORD-12499,CUST-1280,Smartphone,Electronics,North,Retail,9,78025,0.11,624980.25,62928.92
2025-11-15,ORD-12500,CUST-1469,Keyboard,Accessories,South,Distributor,6,3943,0.12,20819.04,2687.53
2025-11-15,ORD-12501,CUST-1261,Mouse,Accessories,North,Retail,6,1399,0.1,7554.6,713.6
2025-11-15,ORD-12502,CUST-1158,Mouse,Accessories,West,Distributor,7,2654,0.1,16720.2,1891.85
2025-11-15,ORD-12503,CUST-1008,Headphones,Accessories,West,Retail,2,1571,0.0,3142.0,643.06
2025-11-16,ORD-12504,CUST-1168,Monitor,Electronics,West,Retail,1,22126,0.12,19470.88,2481.0
2025-11-16,ORD-12505,CUST-1221,Desktop,Electronics,West,Retail,6,41280,0.14,213004.8,18708.88
2025-11-16,ORD-12506,CUST-1469,Mouse,Accessories,East,Retail,2,702,0.0,1404.0,266.82
2025-11-16,ORD-12507,CUST-1115,Desktop,Electronics,East,Online,2,86142,0.13,149887.08,37296.4
2025-11-16,ORD-12508,CUST-1472,Tablet,Electronics,East,Distributor,9,36229,0.02,319539.78,58923.18
2025-11-16,ORD-12509,CUST-1287,Tablet,Electronics,South,Retail,1,49261,0.09,44827.51,6385.16
2025-11-16,ORD-12510,CUST-1273,Printer,Office Equipment,West,Online,9,14629,0.04,126394.56,13137.52
2025-11-16,ORD-12511,CUST-1221,Printer,Office Equipment,North,Retail,8,33719,0.0,269752.0,32314.56
2025-11-17,ORD-12512,CUST-1411,Webcam,Accessories,West,Online,8,11565,0.01,91594.8,7804.6
2025-11-17,ORD-12513,CUST-1011,Headphones,Accessories,South,Online,8,2270,0.09,16525.6,3841.45
2025-11-17,ORD-12514,CUST-1183,Laptop,Electronics,West,Distributor,2,67393,0.06,126698.84,25246.29
2025-11-17,ORD-12515,CUST-1040,Webcam,Accessories,North,Distributor,9,4560,0.06,38577.6,5071.54
2025-11-17,ORD-12516,CUST-1261,Headphones,Accessories,East,Online,3,2193,0.12,5789.52,818.67
2025-11-17,ORD-12517,CUST-1382,Tablet,Electronics,South,Retail,8,44944,0.04,345169.92,32907.15
2025-11-17,ORD-12518,CUST-1277,Mouse,Accessories,South,Retail,7,2866,0.03,19460.14,1803.7
2025-11-17,ORD-12519,CUST-1072,Desktop,Electronics,West,Retail,7,49028,0.07,319172.28,35139.1
2025-11-18,ORD-12520,CUST-1467,Webcam,Accessories,East,Distributor,2,8860,0.01,17542.8,3512.29
2025-11-18,ORD-12521,CUST-1348,Headphones,Accessories,East,Retail,5,3160,0.02,15484.0,2695.82
2025-11-18,ORD-12522,CUST-1001,Tablet,Electronics,South,Online,1,35903,0.07,33389.79,5542.22
2025-11-18,ORD-12523,CUST-1375,Headphones,Accessories,North,Online,8,1000,0.11,7120.0,591.46
2025-11-18,ORD-12524,CUST-1486,Printer,Office Equipment,North,Retail,4,31072,0.13,108130.56,16187.31
2025-11-18,ORD-12525,CUST-1240,Monitor,Electronics,South,Distributor,4,37108,0.02,145463.36,32597.63
2025-11-18,ORD-12526,CUST-1403,Monitor,Electronics,East,Online,9,30022,0.05,256688.1,52002.52
2025-11-19,ORD-12527,CUST-1418,Laptop,Electronics,South,Online,2,113632,0.08,209082.88,50327.16
2025-11-19,ORD-12528,CUST-1037,Mouse,Accessories,West,Distributor,8,1384,0.01,10961.28,2728.55
2025-11-19,ORD-12529,CUST-1482,Headphones,Accessories,North,Online,1,8888,0.01,8799.12,1880.12
2025-11-19,ORD-12530,CUST-1453,Desktop,Electronics,North,Distributor,6,40067,0.09,218765.82,48883.85
2025-11-19,ORD-12531,CUST-1022,Desktop,Electronics,East,Online,6,52185,0.06,294323.4,60948.6
2025-11-19,ORD-12532,CUST-1236,Tablet,Electronics,North,Retail,1,52323,0.02,51276.54,4484.37
2025-11-19,ORD-12533,CUST-1463,Smartphone,Electronics,North,Distributor,6,16927,0.0,101562.0,16479.18
2025-11-19,ORD-12534,CUST-1116,Smartphone,Electronics,South,Distributor,5,88632,0.11,394412.4,78429.52
2025-11-20,ORD-12535,CUST-1442,Webcam,Accessories,West,Retail,8,8269,0.09,60198.32,10680.65
2025-11-20,ORD-12536,CUST-1211,Monitor,Electronics,North,Distributor,5,19143,0.14,82314.9,17304.11
2025-11-20,ORD-12537,CUST-1275,Webcam,Accessories,North,Online,3,9268,0.03,26969.88,3582.82
2025-11-20,ORD-12538,CUST-1396,Desktop,Electronics,West,Online,1,56896,0.05,54051.2,5736.67
2025-11-20,ORD-12539,CUST-1451,Monitor,Electronics,East,Retail,2,25344,0.13,44098.56,5127.21
2025-11-20,ORD-12540,CUST-1215,Mouse,Accessories,North,Retail,9,1391,0.05,11893.05,2808.27
2025-11-20,ORD-12541,CUST-1099,Mouse,Accessories,South,Distributor,9,2183,0.01,19450.53,2975.45
2025-11-20,ORD-12542,CUST-1495,Mouse,Accessories,South,Retail,5,2619,0.08,12047.4,2084.41
2025-11-21,ORD-12543,CUST-1024,Keyboard,Accessories,East,Retail,7,3240,0.06,21319.2,2205.32
2025-11-21,ORD-12544,CUST-1201,Laptop,Electronics,East,Retail,8,108239,0.14,744684.32,148785.65
2025-11-21,ORD-12545,CUST-1081,Smartphone,Electronics,South,Distributor,6,61194,0.01,363492.36,88458.25
2025-11-21,ORD-12546,CUST-1461,Monitor,Electronics,East,Online,1,29466,0.01,29171.34,6980.0
2025-11-21,ORD-12547,CUST-1307,Laptop,Electronics,North,Online,8,90563,0.11,644808.56,124598.94
2025-11-21,ORD-12548,CUST-1198,Desktop,Electronics,North,Distributor,2,46561,0.07,86603.46,14400.14
2025-11-21,ORD-12549,CUST-1227,Laptop,Electronics,West,Online,3,93061,0.12,245681.04,49064.26
2025-11-21,ORD-12550,CUST-1189,Monitor,Electronics,South,Retail,3,30769,0.0,92307.0,18637.22
2025-11-22,ORD-12551,CUST-1341,Mouse,Accessories,South,Online,2,1125,0.15,1912.5,443.33
2025-11-22,ORD-12552,CUST-1005,Tablet,Electronics,South,Retail,6,52086,0.05,296890.2,72303.58
2025-11-22,ORD-12553,CUST-1368,Laptop,Electronics,South,Retail,2,91878,0.02,180080.88,20976.14
2025-11-22,ORD-12554,CUST-1016,Smartphone,Electronics,West,Retail,5,72691,0.1,327109.5,60514.6
2025-11-22,ORD-12555,CUST-1432,Laptop,Electronics,South,Retail,8,63093,0.11,449222.16,89714.77
2025-11-22,ORD-12556,CUST-1302,Smartphone,Electronics,East,Distributor,9,21490,0.14,166332.6,33334.8
2025-11-22,ORD-12557,CUST-1147,Laptop,Electronics,South,Retail,4,58619,0.01,232131.24,57344.87
2025-11-22,ORD-12558,CUST-1480,Laptop,Electronics,North,Online,4,65534,0.0,262136.0,36488.2
2025-11-23,ORD-12559,CUST-1145,Printer,Office Equipment,North,Online,1,24596,0.09,22382.36,5490.21
2025-11-23,ORD-12560,CUST-1113,Webcam,Accessories,East,Distributor,5,11770,0.09,53553.5,5138.2
2025-11-23,ORD-12561,CUST-1124,Smartphone,Electronics,East,Distributor,3,86492,0.05,246502.2,51566.8
2025-11-23,ORD-12562,CUST-1017,Smartphone,Electronics,North,Retail,6,34203,0.01,203165.82,29651.4
2025-11-23,ORD-12563,CUST-1482,Tablet,Electronics,North,Online,1,57213,0.0,57213.0,10132.58
2025-11-23,ORD-12564,CUST-1356,Webcam,Accessories,South,Retail,7,8696,0.07,56610.96,4953.18
2025-11-23,ORD-12565,CUST-1339,Webcam,Accessories,South,Distributor,5,3553,0.11,15810.85,3835.57
2025-11-23,ORD-12566,CUST-1441,Mouse,Accessories,South,Online,5,2779,0.1,12505.5,3097.78
2025-11-24,ORD-12567,CUST-1433,Laptop,Electronics,South,Retail,7,114327,0.07,744268.77,155544.49
2025-11-24,ORD-12568,CUST-1005,Headphones,Accessories,North,Retail,1,4571,0.02,4479.58,623.33
2025-11-24,ORD-12569,CUST-1094,Keyboard,Accessories,East,Online,7,3364,0.04,22606.08,5262.77
2025-11-24,ORD-12570,CUST-1095,Tablet,Electronics,South,Online,9,31696,0.03,276706.08,25012.9
2025-11-24,ORD-12571,CUST-1377,Keyboard,Accessories,North,Distributor,5,3511,0.13,15272.85,1402.91
2025-11-24,ORD-12572,CUST-1391,Laptop,Electronics,West,Distributor,7,56081,0.05,372938.65,30191.31
2025-11-24,ORD-12573,CUST-1045,Mouse,Accessories,West,Retail,4,457,0.02,1791.44,418.27
2025-11-24,ORD-12574,CUST-1458,Tablet,Electronics,East,Retail,4,23918,0.09,87061.52,7061.05
2025-11-25,ORD-12575,CUST-1440,Headphones,Accessories,South,Online,9,9897,0.07,82837.89,18698.64
2025-11-25,ORD-12576,CUST-1488,Monitor,Electronics,South,Retail,7,20213,0.03,137246.27,12062.91
2025-11-25,ORD-12577,CUST-1181,Monitor,Electronics,South,Online,1,38991,0.1,35091.9,5537.06
2025-11-25,ORD-12578,CUST-1064,Mouse,Accessories,North,Retail,8,2297,0.13,15987.12,3167.58
2025-11-25,ORD-12579,CUST-1384,Desktop,Electronics,North,Online,2,62560,0.13,108854.4,12884.06
2025-11-25,ORD-12580,CUST-1371,Keyboard,Accessories,South,Online,7,2178,0.01,15093.54,3248.05
2025-11-25,ORD-12581,CUST-1370,Headphones,Accessories,North,Distributor,9,3039,0.08,25162.92,5905.14
2025-11-26,ORD-12582,CUST-1223,Headphones,Accessories,South,Distributor,2,8106,0.02,15887.76,1573.7
2025-11-26,ORD-12583,CUST-1291,Headphones,Accessories,West,Distributor,6,2336,0.11,12474.24,2865.62
2025-11-26,ORD-12584,CUST-1362,Tablet,Electronics,North,Retail,3,21173,0.06,59707.86,10021.96
2025-11-26,ORD-12585,CUST-1311,Keyboard,Accessories,South,Distributor,8,2569,0.01,20346.48,5014.29
2025-11-26,ORD-12586,CUST-1492,Smartphone,Electronics,East,Online,8,37593,0.12,264654.72,33594.97
2025-11-26,ORD-12587,CUST-1083,Desktop,Electronics,North,Online,9,49050,0.03,428206.5,89143.5
2025-11-26,ORD-12588,CUST-1320,Monitor,Electronics,South,Online,9,17004,0.09,139262.76,23846.14
2025-11-26,ORD-12589,CUST-1142,Monitor,Electronics,South,Distributor,1,18256,0.01,18073.44,2302.31
2025-11-27,ORD-12590,CUST-1488,Monitor,Electronics,East,Distributor,9,34503,0.02,304316.46,46149.05
2025-11-27,ORD-12591,CUST-1376,Smartphone,Electronics,North,Online,4,16337,0.1,58813.2,12060.96
2025-11-27,ORD-12592,CUST-1076,Laptop,Electronics,South,Online,4,56646,0.04,217520.64,43818.88
2025-11-27,ORD-12593,CUST-1356,Monitor,Electronics,North,Online,8,26319,0.05,200024.4,47638.31
2025-11-27,ORD-12594,CUST-1257,Headphones,Accessories,North,Retail,4,1678,0.13,5839.44,1220.92
2025-11-27,ORD-12595,CUST-1349,Headphones,Accessories,North,Retail,1,7670,0.04,7363.2,835.7
2025-11-27,ORD-12596,CUST-1462,Smartphone,Electronics,North,Distributor,4,72667,0.07,270321.24,37979.06
2025-11-27,ORD-12597,CUST-1333,Webcam,Accessories,South,Distributor,4,3663,0.12,12893.76,2530.32
2025-11-28,ORD-12598,CUST-1380,Desktop,Electronics,North,Retail,7,84737,0.13,516048.33,101446.8
2025-11-28,ORD-12599,CUST-1298,Mouse,Accessories,South,Online,7,2890,0.01,20027.7,4819.29
2025-11-28,ORD-12600,CUST-1420,Laptop,Electronics,East,Online,5,82498,0.13,358866.3,73969.02
2025-11-28,ORD-12601,CUST-1410,Smartphone,Electronics,South,Online,7,66364,0.02,455257.04,80340.64
2025-11-28,ORD-12602,CUST-1285,Printer,Office Equipment,East,Retail,8,8458,0.08,62250.88,8862.77
2025-11-28,ORD-12603,CUST-1119,Printer,Office Equipment,West,Online,8,32678,0.13,227438.88,19764.1
2025-11-28,ORD-12604,CUST-1297,Desktop,Electronics,East,Retail,9,65802,0.05,562607.1,50789.68
2025-11-28,ORD-12605,CUST-1100,Mouse,Accessories,East,Distributor,1,2206,0.14,1897.16,278.04
2025-11-29,ORD-12606,CUST-1309,Keyboard,Accessories,West,Online,4,4214,0.05,16013.2,2103.99
2025-11-29,ORD-12607,CUST-1222,Tablet,Electronics,North,Online,4,23485,0.13,81727.8,11892.04
2025-11-29,ORD-12608,CUST-1070,Mouse,Accessories,East,Distributor,3,1447,0.03,4210.77,631.02
2025-11-29,ORD-12609,CUST-1263,Webcam,Accessories,North,Distributor,6,5867,0.1,31681.8,3080.74
2025-11-29,ORD-12610,CUST-1122,Tablet,Electronics,East,Distributor,2,55814,0.14,96000.08,10087.52
2025-11-29,ORD-12611,CUST-1412,Desktop,Electronics,South,Online,7,57279,0.03,388924.41,68120.09
2025-11-29,ORD-12612,CUST-1186,Mouse,Accessories,South,Online,8,1164,0.13,8101.44,1566.34
2025-11-29,ORD-12613,CUST-1353,Keyboard,Accessories,South,Online,5,2457,0.14,10565.1,907.59
2025-11-30,ORD-12614,CUST-1191,Desktop,Electronics,East,Retail,6,83808,0.08,462620.16,68913.53
2025-11-30,ORD-12615,CUST-1407,Tablet,Electronics,West,Retail,7,51943,0.1,327240.9,53960.23
2025-11-30,ORD-12616,CUST-1495,Smartphone,Electronics,South,Retail,5,98326,0.05,467048.5,53193.38
2025-11-30,ORD-12617,CUST-1304,Headphones,Accessories,West,Online,8,5437,0.06,40886.24,9743.31
2025-11-30,ORD-12618,CUST-1146,Printer,Office Equipment,East,Online,4,17186,0.02,67369.12,7417.62
2025-11-30,ORD-12619,CUST-1316,Webcam,Accessories,East,Distributor,1,10882,0.05,10337.9,2301.13
2025-11-30,ORD-12620,CUST-1165,Desktop,Electronics,East,Distributor,6,52148,0.11,278470.32,50489.61
2025-11-30,ORD-12621,CUST-1436,Printer,Office Equipment,South,Online,7,17898,0.13,108998.82,12087.21
2025-12-01,ORD-12622,CUST-1301,Tablet,Electronics,North,Retail,5,23959,0.04,115003.2,24389.46
2025-12-01,ORD-12623,CUST-1341,Monitor,Electronics,East,Distributor,7,14015,0.14,84370.3,10850.49
2025-12-01,ORD-12624,CUST-1212,Webcam,Accessories,North,Retail,4,5560,0.12,19571.2,2089.43
2025-12-01,ORD-12625,CUST-1290,Headphones,Accessories,West,Online,5,4497,0.11,20011.65,1790.89
2025-12-01,ORD-12626,CUST-1009,Tablet,Electronics,North,Distributor,4,21832,0.14,75102.08,14698.52
2025-12-01,ORD-12627,CUST-1072,Desktop,Electronics,North,Online,8,74788,0.12,526507.52,124444.23
2025-12-01,ORD-12628,CUST-1143,Headphones,Accessories,East,Online,9,8317,0.01,74104.47,17676.17
2025-12-02,ORD-12629,CUST-1455,Keyboard,Accessories,West,Retail,6,3088,0.11,16489.92,1813.18
2025-12-02,ORD-12630,CUST-1494,Mouse,Accessories,South,Distributor,8,599,0.02,4696.16,530.57
2025-12-02,ORD-12631,CUST-1420,Laptop,Electronics,South,Online,9,103860,0.12,822571.2,188206.8
2025-12-02,ORD-12632,CUST-1349,Tablet,Electronics,East,Retail,8,44685,0.02,350330.4,53634.08
2025-12-02,ORD-12633,CUST-1031,Keyboard,Accessories,North,Distributor,4,4634,0.0,18536.0,2360.96
2025-12-02,ORD-12634,CUST-1474,Headphones,Accessories,East,Retail,3,8197,0.14,21148.26,1917.93
2025-12-02,ORD-12635,CUST-1438,Webcam,Accessories,South,Distributor,1,2095,0.0,2095.0,221.73
2025-12-02,ORD-12636,CUST-1433,Monitor,Electronics,South,Online,2,20131,0.03,39054.14,6199.04
2025-12-03,ORD-12637,CUST-1354,Printer,Office Equipment,North,Online,1,27798,0.05,26408.1,6456.84
2025-12-03,ORD-12638,CUST-1084,Printer,Office Equipment,North,Online,9,34415,0.09,281858.85,26709.95
2025-12-03,ORD-12639,CUST-1078,Desktop,Electronics,West,Online,4,64778,0.09,235791.92,32935.64
2025-12-03,ORD-12640,CUST-1368,Laptop,Electronics,East,Distributor,3,113522,0.12,299698.08,41500.63
2025-12-03,ORD-12641,CUST-1354,Headphones,Accessories,West,Online,4,4844,0.02,18988.48,2005.79
2025-12-03,ORD-12642,CUST-1147,Smartphone,Electronics,East,Retail,4,83447,0.09,303747.08,33300.42
2025-12-03,ORD-12643,CUST-1044,Keyboard,Accessories,East,Online,6,2647,0.02,15564.36,2364.98
2025-12-03,ORD-12644,CUST-1235,Tablet,Electronics,North,Distributor,7,21005,0.14,126450.1,21965.47
2025-12-04,ORD-12645,CUST-1391,Monitor,Electronics,South,Online,7,29894,0.07,194609.94,47316.2
2025-12-04,ORD-12646,CUST-1202,Printer,Office Equipment,North,Retail,1,11233,0.0,11233.0,1136.73
2025-12-04,ORD-12647,CUST-1093,Webcam,Accessories,North,Retail,4,10646,0.1,38325.6,7184.53
2025-12-04,ORD-12648,CUST-1244,Printer,Office Equipment,South,Retail,5,25502,0.13,110933.7,23572.26
2025-12-04,ORD-12649,CUST-1493,Tablet,Electronics,South,Distributor,5,23586,0.02,115571.4,28493.58
2025-12-04,ORD-12650,CUST-1324,Monitor,Electronics,North,Distributor,3,15288,0.14,39443.04,6564.15
2025-12-04,ORD-12651,CUST-1439,Mouse,Accessories,South,Distributor,5,1030,0.05,4892.5,1215.13
2025-12-04,ORD-12652,CUST-1193,Monitor,Electronics,South,Distributor,3,34059,0.14,87872.22,13080.19
2025-12-05,ORD-12653,CUST-1124,Headphones,Accessories,West,Online,4,7088,0.1,25516.8,5946.36
2025-12-05,ORD-12654,CUST-1406,Desktop,Electronics,West,Retail,2,74837,0.01,148177.26,21850.12
2025-12-05,ORD-12655,CUST-1438,Desktop,Electronics,East,Online,4,40413,0.07,150336.36,20083.95
2025-12-05,ORD-12656,CUST-1112,Webcam,Accessories,West,Online,6,3932,0.0,23592.0,4534.35
2025-12-05,ORD-12657,CUST-1117,Printer,Office Equipment,West,Distributor,1,24669,0.12,21708.72,4187.07
2025-12-05,ORD-12658,CUST-1243,Headphones,Accessories,North,Retail,7,2036,0.05,13539.4,1720.37
2025-12-05,ORD-12659,CUST-1337,Headphones,Accessories,North,Retail,5,2191,0.12,9640.4,2306.5
2025-12-05,ORD-12660,CUST-1392,Desktop,Electronics,East,Retail,7,87210,0.04,586051.2,54604.64
2025-12-06,ORD-12661,CUST-1295,Printer,Office Equipment,West,Distributor,5,8554,0.09,38920.7,7550.2
2025-12-06,ORD-12662,CUST-1094,Keyboard,Accessories,North,Retail,6,4493,0.08,24801.36,3492.48
2025-12-06,ORD-12663,CUST-1081,Laptop,Electronics,North,Online,3,52380,0.04,150854.4,23213.69
2025-12-06,ORD-12664,CUST-1076,Smartphone,Electronics,East,Online,8,27595,0.02,216344.8,41641.51
2025-12-06,ORD-12665,CUST-1236,Keyboard,Accessories,West,Retail,4,4322,0.14,14867.68,2757.24
2025-12-06,ORD-12666,CUST-1251,Laptop,Electronics,West,Online,9,112202,0.03,979523.46,105833.13
2025-12-06,ORD-12667,CUST-1391,Desktop,Electronics,North,Retail,3,48641,0.07,135708.39,19840.37
2025-12-06,ORD-12668,CUST-1215,Headphones,Accessories,East,Online,9,9761,0.09,79942.59,15212.05
2025-12-07,ORD-12669,CUST-1394,Keyboard,Accessories,West,Retail,5,2463,0.02,12068.7,1153.63
2025-12-07,ORD-12670,CUST-1402,Mouse,Accessories,East,Online,4,526,0.14,1809.44,351.5
2025-12-07,ORD-12671,CUST-1035,Keyboard,Accessories,East,Online,2,1985,0.01,3930.3,395.3
2025-12-07,ORD-12672,CUST-1327,Headphones,Accessories,West,Retail,8,7195,0.04,55257.6,7077.06
2025-12-07,ORD-12673,CUST-1287,Tablet,Electronics,West,Retail,1,18272,0.0,18272.0,2769.07
2025-12-07,ORD-12674,CUST-1205,Mouse,Accessories,East,Distributor,5,2631,0.1,11839.5,1823.21
2025-12-07,ORD-12675,CUST-1417,Tablet,Electronics,South,Retail,8,35284,0.13,245576.64,23362.83
2025-12-07,ORD-12676,CUST-1011,Headphones,Accessories,West,Online,7,1553,0.04,10436.16,1421.47
2025-12-08,ORD-12677,CUST-1378,Headphones,Accessories,West,Retail,6,4614,0.07,25746.12,2224.41
2025-12-08,ORD-12678,CUST-1040,Smartphone,Electronics,North,Distributor,7,95800,0.03,650482.0,103393.15
2025-12-08,ORD-12679,CUST-1164,Smartphone,Electronics,South,Online,6,33003,0.09,180196.38,26061.2
2025-12-08,ORD-12680,CUST-1082,Headphones,Accessories,South,Retail,8,1130,0.03,8768.8,1222.9
2025-12-08,ORD-12681,CUST-1436,Printer,Office Equipment,East,Distributor,4,21977,0.04,84391.68,20917.84
2025-12-08,ORD-12682,CUST-1390,Mouse,Accessories,East,Distributor,9,2942,0.13,23035.86,5134.33
2025-12-08,ORD-12683,CUST-1152,Printer,Office Equipment,East,Retail,6,17230,0.06,97177.2,14954.23
2025-12-09,ORD-12684,CUST-1405,Mouse,Accessories,East,Distributor,4,1659,0.11,5906.04,1261.21
2025-12-09,ORD-12685,CUST-1385,Desktop,Electronics,South,Distributor,7,77315,0.14,465436.3,83846.02
2025-12-09,ORD-12686,CUST-1451,Mouse,Accessories,East,Retail,5,2768,0.07,12871.2,1525.12
2025-12-09,ORD-12687,CUST-1358,Mouse,Accessories,South,Online,1,2553,0.11,2272.17,504.99
2025-12-09,ORD-12688,CUST-1370,Keyboard,Accessories,West,Distributor,1,3488,0.08,3208.96,326.71
2025-12-09,ORD-12689,CUST-1495,Keyboard,Accessories,North,Distributor,9,3008,0.01,26801.28,2862.59
2025-12-09,ORD-12690,CUST-1245,Tablet,Electronics,North,Retail,3,19011,0.1,51329.7,5111.12
2025-12-09,ORD-12691,CUST-1363,Headphones,Accessories,West,Retail,5,9496,0.05,45106.0,5809.7
2025-12-10,ORD-12692,CUST-1125,Headphones,Accessories,North,Online,8,3161,0.13,22000.56,2230.03
2025-12-10,ORD-12693,CUST-1475,Mouse,Accessories,North,Online,5,2721,0.06,12788.7,1684.86
2025-12-10,ORD-12694,CUST-1459,Smartphone,Electronics,East,Online,4,89261,0.01,353473.56,29923.51
2025-12-10,ORD-12695,CUST-1439,Monitor,Electronics,West,Retail,2,16685,0.11,29699.3,4705.86
2025-12-10,ORD-12696,CUST-1346,Webcam,Accessories,West,Online,7,4618,0.05,30709.7,4218.13
2025-12-10,ORD-12697,CUST-1483,Webcam,Accessories,North,Retail,7,2792,0.14,16807.84,3086.13
2025-12-10,ORD-12698,CUST-1203,Headphones,Accessories,West,Online,9,5888,0.03,51402.24,10192.02
2025-12-10,ORD-12699,CUST-1024,Desktop,Electronics,South,Retail,2,54602,0.14,93915.44,16305.98
2025-12-11,ORD-12700,CUST-1379,Monitor,Electronics,South,Online,4,37158,0.06,139714.08,33332.14
2025-12-11,ORD-12701,CUST-1208,Keyboard,Accessories,South,Distributor,4,3339,0.07,12421.08,1380.34
2025-12-11,ORD-12702,CUST-1296,Desktop,Electronics,West,Distributor,1,59743,0.03,57950.71,9076.8
2025-12-11,ORD-12703,CUST-1486,Printer,Office Equipment,East,Distributor,9,8918,0.0,80262.0,17220.2
2025-12-11,ORD-12704,CUST-1078,Monitor,Electronics,North,Distributor,5,22498,0.11,100116.1,24335.7
2025-12-11,ORD-12705,CUST-1019,Tablet,Electronics,East,Online,8,33746,0.01,267268.32,33353.57
2025-12-11,ORD-12706,CUST-1427,Headphones,Accessories,East,Online,1,3542,0.03,3435.74,738.58
2025-12-11,ORD-12707,CUST-1216,Monitor,Electronics,West,Retail,3,36708,0.08,101314.08,24369.52
2025-12-12,ORD-12708,CUST-1472,Monitor,Electronics,South,Online,8,34628,0.05,263172.8,60072.85
2025-12-12,ORD-12709,CUST-1069,Keyboard,Accessories,North,Online,3,2055,0.09,5610.15,671.77
2025-12-12,ORD-12710,CUST-1117,Headphones,Accessories,North,Online,7,2766,0.03,18781.14,4305.17
2025-12-12,ORD-12711,CUST-1354,Keyboard,Accessories,North,Distributor,5,4144,0.07,19269.6,1763.41
2025-12-12,ORD-12712,CUST-1438,Printer,Office Equipment,West,Online,8,19966,0.14,137366.08,11239.3
2025-12-12,ORD-12713,CUST-1088,Tablet,Electronics,East,Distributor,6,35656,0.04,205378.56,42559.94
2025-12-12,ORD-12714,CUST-1466,Headphones,Accessories,South,Distributor,4,1918,0.01,7595.28,1774.23
2025-12-12,ORD-12715,CUST-1014,Smartphone,Electronics,South,Retail,9,48857,0.12,386947.44,42179.84
2025-12-13,ORD-12716,CUST-1484,Monitor,Electronics,North,Online,1,14163,0.08,13029.96,2057.91
2025-12-13,ORD-12717,CUST-1026,Tablet,Electronics,East,Online,3,25709,0.1,69414.3,7115.55
2025-12-13,ORD-12718,CUST-1373,Tablet,Electronics,North,Retail,7,31970,0.1,201411.0,34823.75
2025-12-13,ORD-12719,CUST-1426,Tablet,Electronics,South,Retail,6,32068,0.06,180863.52,33602.77
2025-12-13,ORD-12720,CUST-1446,Laptop,Electronics,West,Online,7,97154,0.1,612070.2,72625.99
2025-12-13,ORD-12721,CUST-1092,Tablet,Electronics,South,Retail,3,37248,0.08,102804.48,24497.57
2025-12-13,ORD-12722,CUST-1201,Smartphone,Electronics,East,Distributor,1,91668,0.12,80667.84,11160.49
2025-12-13,ORD-12723,CUST-1321,Mouse,Accessories,South,Retail,9,1003,0.14,7763.22,1261.75
2025-12-14,ORD-12724,CUST-1024,Smartphone,Electronics,North,Distributor,2,39419,0.01,78049.62,7365.63
2025-12-14,ORD-12725,CUST-1352,Tablet,Electronics,West,Distributor,9,17750,0.04,153360.0,21306.53
2025-12-14,ORD-12726,CUST-1422,Smartphone,Electronics,West,Retail,1,24690,0.07,22961.7,2030.1
2025-12-14,ORD-12727,CUST-1317,Laptop,Electronics,East,Distributor,4,69798,0.05,265232.4,47720.26
2025-12-14,ORD-12728,CUST-1056,Headphones,Accessories,West,Online,3,6215,0.11,16594.05,3859.08
2025-12-14,ORD-12729,CUST-1383,Monitor,Electronics,East,Online,3,14656,0.14,37812.48,9101.8
2025-12-14,ORD-12730,CUST-1438,Keyboard,Accessories,East,Online,9,4522,0.03,39477.06,3302.21
2025-12-14,ORD-12731,CUST-1350,Monitor,Electronics,East,Distributor,2,22310,0.03,43281.4,8459.42
2025-12-15,ORD-12732,CUST-1276,Printer,Office Equipment,South,Online,4,14399,0.11,51260.44,4113.97
2025-12-15,ORD-12733,CUST-1009,Mouse,Accessories,East,Distributor,5,1637,0.07,7612.05,1779.88
2025-12-15,ORD-12734,CUST-1006,Webcam,Accessories,East,Retail,8,9832,0.09,71576.96,16950.59
2025-12-15,ORD-12735,CUST-1193,Laptop,Electronics,East,Online,3,51353,0.13,134031.33,24709.27
2025-12-15,ORD-12736,CUST-1131,Smartphone,Electronics,South,Retail,6,39833,0.12,210318.24,32850.27
2025-12-15,ORD-12737,CUST-1162,Printer,Office Equipment,West,Online,4,13241,0.14,45549.04,8272.37
2025-12-15,ORD-12738,CUST-1406,Mouse,Accessories,South,Online,3,2252,0.14,5810.16,933.16
2025-12-16,ORD-12739,CUST-1178,Headphones,Accessories,North,Online,3,1287,0.06,3629.34,836.89
2025-12-16,ORD-12740,CUST-1474,Smartphone,Electronics,South,Online,3,18640,0.1,50328.0,8926.16
2025-12-16,ORD-12741,CUST-1488,Smartphone,Electronics,West,Online,5,30338,0.01,150173.1,35604.58
2025-12-16,ORD-12742,CUST-1297,Laptop,Electronics,West,Online,3,91647,0.05,261193.95,50416.41
2025-12-16,ORD-12743,CUST-1330,Printer,Office Equipment,West,Online,4,23180,0.1,83448.0,18200.17
2025-12-16,ORD-12744,CUST-1171,Smartphone,Electronics,East,Distributor,5,38577,0.01,190956.15,27514.33
2025-12-16,ORD-12745,CUST-1370,Webcam,Accessories,North,Online,1,10531,0.05,10004.45,1131.21
2025-12-16,ORD-12746,CUST-1435,Webcam,Accessories,South,Distributor,1,2214,0.04,2125.44,363.14
2025-12-17,ORD-12747,CUST-1077,Monitor,Electronics,North,Online,2,36834,0.1,66301.2,7296.62
2025-12-17,ORD-12748,CUST-1452,Desktop,Electronics,North,Distributor,6,89098,0.04,513204.48,98877.5
2025-12-17,ORD-12749,CUST-1274,Headphones,Accessories,West,Retail,9,3517,0.13,27538.11,4747.15
2025-12-17,ORD-12750,CUST-1167,Mouse,Accessories,East,Distributor,1,825,0.11,734.25,72.44
2025-12-17,ORD-12751,CUST-1068,Webcam,Accessories,North,Online,1,7880,0.05,7486.0,987.79
2025-12-17,ORD-12752,CUST-1254,Printer,Office Equipment,West,Distributor,3,26678,0.14,68829.24,16219.35
2025-12-17,ORD-12753,CUST-1397,Webcam,Accessories,West,Distributor,8,5506,0.12,38762.24,6532.71
2025-12-17,ORD-12754,CUST-1060,Printer,Office Equipment,West,Distributor,5,21084,0.11,93823.8,19868.32
2025-12-18,ORD-12755,CUST-1072,Monitor,Electronics,West,Online,4,19705,0.1,70938.0,7023.2
2025-12-18,ORD-12756,CUST-1032,Monitor,Electronics,North,Retail,2,16334,0.03,31687.96,4181.5
2025-12-18,ORD-12757,CUST-1144,Monitor,Electronics,West,Distributor,5,27429,0.03,133030.65,32637.56
2025-12-18,ORD-12758,CUST-1078,Smartphone,Electronics,West,Distributor,2,26802,0.07,49851.72,9200.11
2025-12-18,ORD-12759,CUST-1082,Smartphone,Electronics,South,Online,5,90414,0.1,406863.0,39226.05
2025-12-18,ORD-12760,CUST-1209,Webcam,Accessories,North,Distributor,1,2434,0.03,2360.98,362.27
2025-12-18,ORD-12761,CUST-1382,Monitor,Electronics,South,Distributor,1,12044,0.0,12044.0,2880.47
2025-12-18,ORD-12762,CUST-1001,Headphones,Accessories,East,Distributor,4,9912,0.06,37269.12,8512.44
2025-12-19,ORD-12763,CUST-1460,Laptop,Electronics,South,Distributor,6,73522,0.04,423486.72,97685.81
2025-12-19,ORD-12764,CUST-1315,Laptop,Electronics,South,Distributor,6,71212,0.14,367453.92,82021.86
2025-12-19,ORD-12765,CUST-1221,Smartphone,Electronics,South,Retail,1,22817,0.07,21219.81,3623.85
2025-12-19,ORD-12766,CUST-1455,Printer,Office Equipment,South,Distributor,4,15442,0.03,59914.96,10454.42
2025-12-19,ORD-12767,CUST-1460,Smartphone,Electronics,North,Distributor,7,41718,0.03,283265.22,45951.53
2025-12-19,ORD-12768,CUST-1393,Headphones,Accessories,West,Online,2,9885,0.14,17002.2,3528.08
2025-12-19,ORD-12769,CUST-1494,Printer,Office Equipment,North,Online,8,11432,0.04,87797.76,15265.0
2025-12-19,ORD-12770,CUST-1102,Desktop,Electronics,South,Distributor,4,50161,0.1,180579.6,38732.04
2025-12-20,ORD-12771,CUST-1374,Smartphone,Electronics,South,Retail,3,27995,0.1,75586.5,16958.23
2025-12-20,ORD-12772,CUST-1270,Monitor,Electronics,West,Retail,8,34155,0.09,248648.4,56081.03
2025-12-20,ORD-12773,CUST-1022,Laptop,Electronics,West,Distributor,7,113213,0.07,737016.63,70860.63
2025-12-20,ORD-12774,CUST-1267,Headphones,Accessories,North,Distributor,3,1102,0.1,2975.4,710.63
2025-12-20,ORD-12775,CUST-1227,Mouse,Accessories,West,Online,4,707,0.09,2573.48,410.23
2025-12-20,ORD-12776,CUST-1296,Tablet,Electronics,South,Distributor,9,22252,0.05,190254.6,34413.54
2025-12-20,ORD-12777,CUST-1366,Mouse,Accessories,South,Distributor,6,2437,0.03,14183.34,2763.55
2025-12-20,ORD-12778,CUST-1273,Printer,Office Equipment,West,Online,7,20079,0.1,126497.7,27796.07
2025-12-21,ORD-12779,CUST-1229,Smartphone,Electronics,South,Retail,6,90333,0.12,476958.24,49375.76
2025-12-21,ORD-12780,CUST-1175,Smartphone,Electronics,East,Online,9,92748,0.08,767953.44,185777.23
2025-12-21,ORD-12781,CUST-1227,Smartphone,Electronics,East,Online,5,72036,0.09,327763.8,26724.39
2025-12-21,ORD-12782,CUST-1391,Smartphone,Electronics,West,Retail,1,73333,0.04,70399.68,11318.9
2025-12-21,ORD-12783,CUST-1202,Smartphone,Electronics,West,Online,5,23248,0.11,103453.6,18372.95
2025-12-21,ORD-12784,CUST-1351,Webcam,Accessories,West,Retail,1,10564,0.12,9296.32,1466.39
2025-12-21,ORD-12785,CUST-1141,Webcam,Accessories,North,Distributor,6,11622,0.13,60666.84,7784.68
2025-12-22,ORD-12786,CUST-1147,Keyboard,Accessories,West,Distributor,9,3276,0.02,28894.32,4581.12
2025-12-22,ORD-12787,CUST-1273,Headphones,Accessories,North,Retail,4,7531,0.11,26810.36,4589.77
2025-12-22,ORD-12788,CUST-1405,Mouse,Accessories,South,Distributor,9,514,0.04,4440.96,593.87
2025-12-22,ORD-12789,CUST-1427,Webcam,Accessories,North,Online,7,1662,0.05,11052.3,1205.29
2025-12-22,ORD-12790,CUST-1283,Printer,Office Equipment,North,Online,3,23030,0.01,68399.1,10125.56
2025-12-22,ORD-12791,CUST-1266,Webcam,Accessories,North,Online,3,5932,0.08,16372.32,2013.02
2025-12-22,ORD-12792,CUST-1168,Laptop,Electronics,West,Retail,9,74897,0.13,586443.51,127120.22
2025-12-22,ORD-12793,CUST-1134,Webcam,Accessories,North,Distributor,9,5382,0.09,44078.58,9048.09
2025-12-23,ORD-12794,CUST-1228,Headphones,Accessories,East,Online,7,4875,0.0,34125.0,8098.79
2025-12-23,ORD-12795,CUST-1199,Laptop,Electronics,West,Online,1,77899,0.01,77120.01,10691.55
2025-12-23,ORD-12796,CUST-1486,Smartphone,Electronics,East,Retail,6,99547,0.03,579363.54,136090.92
2025-12-23,ORD-12797,CUST-1422,Mouse,Accessories,West,Distributor,2,2685,0.04,5155.2,907.87
2025-12-23,ORD-12798,CUST-1245,Mouse,Accessories,North,Distributor,7,2238,0.09,14256.06,2358.68
2025-12-23,ORD-12799,CUST-1411,Desktop,Electronics,North,Online,9,70939,0.02,625681.98,143463.73
2025-12-23,ORD-12800,CUST-1024,Desktop,Electronics,South,Retail,4,68031,0.06,255796.56,50378.74
2025-12-23,ORD-12801,CUST-1022,Mouse,Accessories,West,Retail,5,1432,0.02,7016.8,1271.46
2025-12-24,ORD-12802,CUST-1419,Mouse,Accessories,East,Online,6,2128,0.08,11746.56,2795.11
2025-12-24,ORD-12803,CUST-1059,Mouse,Accessories,East,Retail,1,1947,0.02,1908.06,405.04
2025-12-24,ORD-12804,CUST-1393,Smartphone,Electronics,South,Online,7,77611,0.02,532411.46,126987.91
2025-12-24,ORD-12805,CUST-1477,Monitor,Electronics,East,Retail,2,29955,0.0,59910.0,7195.49
2025-12-24,ORD-12806,CUST-1155,Laptop,Electronics,East,Distributor,5,115392,0.05,548112.0,127781.52
2025-12-24,ORD-12807,CUST-1049,Headphones,Accessories,South,Distributor,6,4650,0.09,25389.0,3439.29
2025-12-24,ORD-12808,CUST-1070,Keyboard,Accessories,East,Retail,6,850,0.07,4743.0,445.42
2025-12-24,ORD-12809,CUST-1460,Headphones,Accessories,North,Online,4,2665,0.02,10446.8,2307.83
2025-12-25,ORD-12810,CUST-1476,Keyboard,Accessories,North,Distributor,7,1846,0.1,11629.8,2801.69
2025-12-25,ORD-12811,CUST-1253,Tablet,Electronics,South,Retail,4,56949,0.02,223240.08,54668.1
2025-12-25,ORD-12812,CUST-1284,Mouse,Accessories,East,Distributor,9,2634,0.11,21098.34,3902.61
2025-12-25,ORD-12813,CUST-1156,Headphones,Accessories,South,Distributor,9,6320,0.03,55173.6,9895.8
2025-12-25,ORD-12814,CUST-1257,Headphones,Accessories,East,Retail,3,6122,0.02,17998.68,1793.78
2025-12-25,ORD-12815,CUST-1026,Headphones,Accessories,North,Retail,2,8350,0.01,16533.0,2266.97
2025-12-25,ORD-12816,CUST-1241,Mouse,Accessories,South,Retail,2,1458,0.07,2711.88,358.6
2025-12-25,ORD-12817,CUST-1374,Keyboard,Accessories,East,Online,6,1956,0.04,11266.56,2575.01
2025-12-26,ORD-12818,CUST-1292,Tablet,Electronics,West,Online,2,38357,0.09,69809.74,13919.76
2025-12-26,ORD-12819,CUST-1250,Mouse,Accessories,North,Online,5,2870,0.03,13919.5,1902.42
2025-12-26,ORD-12820,CUST-1035,Keyboard,Accessories,South,Online,2,2583,0.06,4856.04,1109.87
2025-12-26,ORD-12821,CUST-1259,Webcam,Accessories,South,Distributor,3,8497,0.14,21922.26,3665.55
2025-12-26,ORD-12822,CUST-1004,Desktop,Electronics,East,Distributor,6,51409,0.07,286862.22,46123.72
2025-12-26,ORD-12823,CUST-1062,Printer,Office Equipment,West,Distributor,3,18353,0.1,49553.1,6604.85
2025-12-26,ORD-12824,CUST-1167,Mouse,Accessories,South,Retail,7,1738,0.12,10706.08,1243.62
2025-12-26,ORD-12825,CUST-1182,Webcam,Accessories,West,Distributor,1,3163,0.08,2909.96,659.95
2025-12-27,ORD-12826,CUST-1044,Tablet,Electronics,West,Retail,4,34171,0.04,131216.64,19007.74
2025-12-27,ORD-12827,CUST-1033,Printer,Office Equipment,East,Online,3,27414,0.12,72372.96,13034.7
2025-12-27,ORD-12828,CUST-1454,Keyboard,Accessories,West,Distributor,7,1918,0.09,12217.66,2172.92
2025-12-27,ORD-12829,CUST-1299,Printer,Office Equipment,North,Distributor,5,19188,0.01,94980.6,17085.31
2025-12-27,ORD-12830,CUST-1245,Laptop,Electronics,South,Distributor,2,56320,0.08,103628.8,18051.89
2025-12-27,ORD-12831,CUST-1174,Laptop,Electronics,South,Online,9,80664,0.12,638858.88,125368.95
2025-12-27,ORD-12832,CUST-1463,Desktop,Electronics,East,Online,9,78957,0.06,667976.22,112721.94
2025-12-27,ORD-12833,CUST-1264,Mouse,Accessories,East,Distributor,7,1534,0.11,9556.82,1600.59
2025-12-28,ORD-12834,CUST-1466,Smartphone,Electronics,East,Retail,8,91393,0.06,687275.36,74925.67
2025-12-28,ORD-12835,CUST-1056,Headphones,Accessories,North,Online,6,9518,0.02,55965.84,9408.59
2025-12-28,ORD-12836,CUST-1275,Monitor,Electronics,North,Online,2,24454,0.11,43528.12,6906.58
2025-12-28,ORD-12837,CUST-1440,Mouse,Accessories,West,Online,9,2613,0.03,22811.49,4184.41
2025-12-28,ORD-12838,CUST-1468,Tablet,Electronics,East,Retail,1,36506,0.11,32490.34,5521.75
2025-12-28,ORD-12839,CUST-1081,Desktop,Electronics,West,Distributor,5,53507,0.06,251482.9,52633.71
2025-12-28,ORD-12840,CUST-1107,Desktop,Electronics,East,Retail,2,51942,0.11,92456.76,17427.47
2025-12-29,ORD-12841,CUST-1251,Webcam,Accessories,North,Retail,2,2842,0.09,5172.44,949.96
2025-12-29,ORD-12842,CUST-1469,Headphones,Accessories,South,Online,1,1371,0.11,1220.19,225.64
2025-12-29,ORD-12843,CUST-1286,Tablet,Electronics,West,Retail,8,52820,0.01,418334.4,55912.86
2025-12-29,ORD-12844,CUST-1321,Smartphone,Electronics,East,Distributor,4,43968,0.12,154767.36,22212.78
2025-12-29,ORD-12845,CUST-1383,Webcam,Accessories,North,Distributor,9,1838,0.11,14722.38,2340.79
2025-12-29,ORD-12846,CUST-1381,Headphones,Accessories,North,Online,4,3073,0.1,11062.8,922.59
2025-12-29,ORD-12847,CUST-1439,Smartphone,Electronics,South,Distributor,4,91610,0.01,362775.6,44354.89
2025-12-29,ORD-12848,CUST-1062,Tablet,Electronics,South,Distributor,5,23808,0.1,107136.0,14310.73
2025-12-30,ORD-12849,CUST-1423,Printer,Office Equipment,North,Distributor,1,26807,0.01,26538.93,4519.32
2025-12-30,ORD-12850,CUST-1153,Desktop,Electronics,South,Distributor,1,58573,0.05,55644.35,12769.51
2025-12-30,ORD-12851,CUST-1356,Tablet,Electronics,West,Online,4,41244,0.01,163326.24,22596.62
2025-12-30,ORD-12852,CUST-1353,Printer,Office Equipment,East,Distributor,7,12582,0.14,75743.64,7075.0
2025-12-30,ORD-12853,CUST-1408,Smartphone,Electronics,North,Distributor,7,89494,0.04,601399.68,84225.47
2025-12-30,ORD-12854,CUST-1430,Laptop,Electronics,West,Online,6,92173,0.15,470082.3,115648.37
2025-12-30,ORD-12855,CUST-1171,Headphones,Accessories,West,Retail,5,8378,0.1,37701.0,3566.94
2025-12-30,ORD-12856,CUST-1059,Keyboard,Accessories,North,Retail,8,2323,0.05,17654.8,3782.99
2025-12-31,ORD-12857,CUST-1337,Mouse,Accessories,South,Distributor,4,2009,0.14,6910.96,1273.59
2025-12-31,ORD-12858,CUST-1081,Keyboard,Accessories,West,Distributor,8,4782,0.03,37108.32,3146.39
2025-12-31,ORD-12859,CUST-1090,Printer,Office Equipment,North,Retail,7,8153,0.05,54217.45,6635.87
2025-12-31,ORD-12860,CUST-1039,Mouse,Accessories,North,Online,5,681,0.12,2996.4,587.6
2025-12-31,ORD-12861,CUST-1274,Smartphone,Electronics,East,Retail,8,57379,0.1,413128.8,47429.42
2025-12-31,ORD-12862,CUST-1342,Mouse,Accessories,North,Online,1,1929,0.14,1658.94,143.28
2025-12-31,ORD-12863,CUST-1106,Tablet,Electronics,West,Online,4,15542,0.04,59681.28,9711.52
2025-12-31,ORD-12864,CUST-1232,Webcam,Accessories,North,Distributor,2,5813,0.1,10463.4,2040.29
2026-01-01,ORD-12865,CUST-1011,Smartphone,Electronics,West,Distributor,4,92591,0.05,351845.8,40793.17
2026-01-01,ORD-12866,CUST-1440,Laptop,Electronics,North,Distributor,7,114919,0.06,756167.02,149856.67
2026-01-01,ORD-12867,CUST-1480,Monitor,Electronics,West,Retail,3,26569,0.08,73330.44,16564.86
2026-01-01,ORD-12868,CUST-1425,Headphones,Accessories,East,Distributor,6,2833,0.13,14788.26,1779.21
2026-01-01,ORD-12869,CUST-1100,Tablet,Electronics,North,Distributor,3,47175,0.02,138694.5,17364.54
2026-01-01,ORD-12870,CUST-1387,Printer,Office Equipment,West,Retail,9,26348,0.15,201562.2,43154.9
2026-01-01,ORD-12871,CUST-1389,Laptop,Electronics,North,Distributor,4,89985,0.14,309548.4,55845.66
2026-01-01,ORD-12872,CUST-1183,Tablet,Electronics,South,Distributor,4,50938,0.07,189489.36,36158.91
2026-01-02,ORD-12873,CUST-1007,Keyboard,Accessories,East,Online,4,4115,0.04,15801.6,2539.83
2026-01-02,ORD-12874,CUST-1487,Keyboard,Accessories,East,Online,1,902,0.09,820.82,81.39
2026-01-02,ORD-12875,CUST-1068,Webcam,Accessories,East,Retail,7,1879,0.03,12758.41,1297.68
2026-01-02,ORD-12876,CUST-1441,Monitor,Electronics,South,Online,1,18584,0.01,18398.16,4122.2
2026-01-02,ORD-12877,CUST-1137,Smartphone,Electronics,East,Online,1,61674,0.07,57356.82,5894.65
2026-01-02,ORD-12878,CUST-1139,Laptop,Electronics,North,Distributor,1,114847,0.1,103362.3,23009.19
2026-01-02,ORD-12879,CUST-1430,Keyboard,Accessories,North,Online,3,3017,0.06,8507.94,1809.92
2026-01-02,ORD-12880,CUST-1472,Smartphone,Electronics,South,Online,8,95756,0.05,727745.6,176338.4
2026-01-03,ORD-12881,CUST-1285,Mouse,Accessories,West,Online,9,2307,0.0,20763.0,4238.4
2026-01-03,ORD-12882,CUST-1191,Printer,Office Equipment,North,Retail,5,26819,0.06,126049.3,14012.46
2026-01-03,ORD-12883,CUST-1455,Mouse,Accessories,South,Online,3,1159,0.04,3337.92,417.42
2026-01-03,ORD-12884,CUST-1018,Printer,Office Equipment,South,Retail,2,11535,0.08,21224.4,3941.7
2026-01-03,ORD-12885,CUST-1025,Printer,Office Equipment,West,Online,9,22143,0.01,197294.13,28578.45
2026-01-03,ORD-12886,CUST-1028,Monitor,Electronics,South,Online,9,23086,0.07,193229.82,36902.18
2026-01-03,ORD-12887,CUST-1369,Laptop,Electronics,South,Online,6,80991,0.06,456789.24,98867.42
2026-01-04,ORD-12888,CUST-1015,Smartphone,Electronics,North,Retail,6,40767,0.06,229925.88,39645.94
2026-01-04,ORD-12889,CUST-1253,Tablet,Electronics,South,Online,8,54643,0.05,415286.8,37454.1
2026-01-04,ORD-12890,CUST-1236,Headphones,Accessories,North,Online,1,1425,0.12,1254.0,146.41
2026-01-04,ORD-12891,CUST-1276,Laptop,Electronics,West,Distributor,8,72500,0.02,568400.0,56019.63
2026-01-04,ORD-12892,CUST-1253,Laptop,Electronics,South,Online,9,111946,0.13,876537.18,167738.2
2026-01-04,ORD-12893,CUST-1396,Desktop,Electronics,East,Distributor,1,56638,0.05,53806.1,12738.51
2026-01-04,ORD-12894,CUST-1413,Printer,Office Equipment,North,Retail,2,24252,0.02,47533.92,5153.69
2026-01-04,ORD-12895,CUST-1074,Laptop,Electronics,South,Retail,8,83663,0.05,635838.8,94867.53
2026-01-05,ORD-12896,CUST-1203,Mouse,Accessories,North,Online,3,1152,0.05,3283.2,314.48
2026-01-05,ORD-12897,CUST-1042,Headphones,Accessories,South,Distributor,3,4517,0.14,11653.86,1466.98
2026-01-05,ORD-12898,CUST-1431,Laptop,Electronics,West,Online,5,89988,0.11,400446.6,62402.87
2026-01-05,ORD-12899,CUST-1320,Printer,Office Equipment,East,Retail,1,14823,0.1,13340.7,2021.29
2026-01-05,ORD-12900,CUST-1238,Desktop,Electronics,East,Distributor,4,48555,0.07,180624.6,16872.77
2026-01-05,ORD-12901,CUST-1354,Webcam,Accessories,East,Distributor,1,3694,0.04,3546.24,491.65
2026-01-05,ORD-12902,CUST-1054,Webcam,Accessories,North,Retail,6,3334,0.06,18803.76,1924.38
2026-01-05,ORD-12903,CUST-1207,Webcam,Accessories,East,Distributor,2,4297,0.12,7562.72,1299.91
2026-01-06,ORD-12904,CUST-1405,Smartphone,Electronics,West,Online,9,69214,0.04,598008.96,104364.79
2026-01-06,ORD-12905,CUST-1256,Keyboard,Accessories,East,Retail,8,3907,0.15,26567.6,6225.73
2026-01-06,ORD-12906,CUST-1420,Tablet,Electronics,North,Distributor,5,16548,0.08,76120.8,9075.32
2026-01-06,ORD-12907,CUST-1066,Desktop,Electronics,North,Retail,1,72158,0.04,69271.68,15508.75
2026-01-06,ORD-12908,CUST-1391,Mouse,Accessories,South,Retail,1,606,0.06,569.64,116.94
2026-01-06,ORD-12909,CUST-1142,Smartphone,Electronics,East,Distributor,3,40871,0.12,107899.44,26601.53
2026-01-06,ORD-12910,CUST-1080,Printer,Office Equipment,North,Online,5,22714,0.14,97670.2,8462.38
2026-01-06,ORD-12911,CUST-1075,Smartphone,Electronics,North,Online,9,68768,0.05,587966.4,90186.92
2026-01-07,ORD-12912,CUST-1480,Desktop,Electronics,South,Online,3,53061,0.11,141672.87,23175.35
2026-01-07,ORD-12913,CUST-1001,Headphones,Accessories,North,Online,6,1024,0.13,5345.28,1119.47
2026-01-07,ORD-12914,CUST-1380,Laptop,Electronics,West,Retail,9,118025,0.06,998491.5,214533.39
2026-01-07,ORD-12915,CUST-1393,Keyboard,Accessories,North,Online,2,839,0.0,1678.0,282.89
2026-01-07,ORD-12916,CUST-1488,Mouse,Accessories,North,Retail,2,2063,0.12,3630.88,304.76
2026-01-07,ORD-12917,CUST-1478,Smartphone,Electronics,West,Distributor,3,45814,0.02,134693.16,22097.79
2026-01-07,ORD-12918,CUST-1316,Smartphone,Electronics,North,Retail,9,90650,0.11,726106.5,149434.28
2026-01-07,ORD-12919,CUST-1486,Laptop,Electronics,North,Distributor,9,94150,0.05,804982.5,199739.21
2026-01-08,ORD-12920,CUST-1011,Printer,Office Equipment,East,Distributor,8,16454,0.06,123734.08,10753.38
2026-01-08,ORD-12921,CUST-1427,Keyboard,Accessories,South,Retail,4,4359,0.02,17087.28,1648.12
2026-01-08,ORD-12922,CUST-1339,Desktop,Electronics,East,Distributor,2,74300,0.13,129282.0,17339.03
2026-01-08,ORD-12923,CUST-1412,Mouse,Accessories,East,Online,6,2453,0.02,14423.64,2559.71
2026-01-08,ORD-12924,CUST-1035,Laptop,Electronics,East,Online,4,84049,0.12,295852.48,57100.78
2026-01-08,ORD-12925,CUST-1164,Headphones,Accessories,West,Distributor,4,5550,0.06,20868.0,1775.77
2026-01-08,ORD-12926,CUST-1441,Smartphone,Electronics,West,Retail,5,52143,0.09,237250.65,47376.37
2026-01-08,ORD-12927,CUST-1136,Tablet,Electronics,North,Online,3,18517,0.01,54995.49,9546.73
2026-01-09,ORD-12928,CUST-1113,Webcam,Accessories,West,Distributor,2,9806,0.02,19219.76,1987.73
2026-01-09,ORD-12929,CUST-1017,Mouse,Accessories,East,Distributor,1,1011,0.14,869.46,127.36
2026-01-09,ORD-12930,CUST-1239,Desktop,Electronics,South,Retail,8,57175,0.1,411660.0,96255.11
2026-01-09,ORD-12931,CUST-1176,Keyboard,Accessories,West,Online,7,3352,0.02,22994.72,5477.2
2026-01-09,ORD-12932,CUST-1395,Laptop,Electronics,South,Distributor,5,61428,0.02,300997.2,28925.59
2026-01-09,ORD-12933,CUST-1035,Headphones,Accessories,South,Distributor,2,9994,0.02,19588.24,2961.24
2026-01-09,ORD-12934,CUST-1203,Headphones,Accessories,North,Online,6,1293,0.04,7447.68,1692.61
2026-01-09,ORD-12935,CUST-1209,Laptop,Electronics,North,Online,8,72661,0.03,563849.36,70461.64
2026-01-10,ORD-12936,CUST-1044,Desktop,Electronics,North,Online,3,76802,0.04,221189.76,23084.5
2026-01-10,ORD-12937,CUST-1473,Monitor,Electronics,West,Online,4,39624,0.02,155326.08,31834.29
2026-01-10,ORD-12938,CUST-1484,Headphones,Accessories,East,Online,2,3049,0.0,6098.0,1425.45
2026-01-10,ORD-12939,CUST-1417,Tablet,Electronics,East,Retail,7,43522,0.11,271142.06,32034.36
2026-01-10,ORD-12940,CUST-1225,Printer,Office Equipment,West,Online,1,18009,0.1,16208.1,3759.5
2026-01-10,ORD-12941,CUST-1121,Mouse,Accessories,North,Retail,7,503,0.02,3450.58,327.73
2026-01-10,ORD-12942,CUST-1120,Tablet,Electronics,East,Distributor,4,35258,0.07,131159.76,13812.84
2026-01-11,ORD-12943,CUST-1083,Printer,Office Equipment,East,Online,2,24094,0.15,40959.8,7000.39
2026-01-11,ORD-12944,CUST-1001,Monitor,Electronics,West,Retail,8,31894,0.14,219430.72,32260.92
2026-01-11,ORD-12945,CUST-1438,Printer,Office Equipment,South,Retail,6,30897,0.12,163136.16,39472.36
2026-01-11,ORD-12946,CUST-1438,Desktop,Electronics,East,Distributor,8,66789,0.13,464851.44,72116.88
2026-01-11,ORD-12947,CUST-1296,Mouse,Accessories,North,Distributor,8,2313,0.12,16283.52,3136.31
2026-01-11,ORD-12948,CUST-1055,Keyboard,Accessories,East,Distributor,6,923,0.01,5482.62,1347.32
2026-01-11,ORD-12949,CUST-1160,Smartphone,Electronics,East,Online,8,54496,0.15,370572.8,37555.4
2026-01-11,ORD-12950,CUST-1385,Mouse,Accessories,West,Distributor,1,1658,0.11,1475.62,338.48
2026-01-12,ORD-12951,CUST-1221,Monitor,Electronics,East,Distributor,2,14941,0.01,29583.18,6342.84
2026-01-12,ORD-12952,CUST-1008,Headphones,Accessories,West,Distributor,3,6847,0.04,19719.36,4211.29
2026-01-12,ORD-12953,CUST-1363,Mouse,Accessories,West,Online,5,760,0.11,3382.0,328.67
2026-01-12,ORD-12954,CUST-1001,Webcam,Accessories,West,Online,9,2815,0.08,23308.2,3701.62
2026-01-12,ORD-12955,CUST-1256,Mouse,Accessories,South,Distributor,4,1781,0.1,6411.6,1372.87
2026-01-12,ORD-12956,CUST-1274,Desktop,Electronics,North,Retail,9,73870,0.04,638236.8,138007.88
2026-01-12,ORD-12957,CUST-1418,Printer,Office Equipment,North,Online,5,33366,0.0,166830.0,37360.94
2026-01-12,ORD-12958,CUST-1100,Monitor,Electronics,East,Online,2,15275,0.12,26884.0,3846.61
2026-01-13,ORD-12959,CUST-1026,Monitor,Electronics,East,Distributor,4,38285,0.0,153140.0,30689.2
2026-01-13,ORD-12960,CUST-1072,Webcam,Accessories,North,Distributor,7,1568,0.12,9658.88,1166.33
2026-01-13,ORD-12961,CUST-1031,Webcam,Accessories,South,Online,7,2366,0.15,14077.7,1611.17
2026-01-13,ORD-12962,CUST-1467,Smartphone,Electronics,North,Online,8,87189,0.12,613810.56,114102.84
2026-01-13,ORD-12963,CUST-1470,Desktop,Electronics,West,Online,5,42125,0.14,181137.5,20953.19
2026-01-13,ORD-12964,CUST-1238,Keyboard,Accessories,West,Online,2,4866,0.11,8661.48,1561.21
2026-01-13,ORD-12965,CUST-1350,Desktop,Electronics,North,Distributor,7,50196,0.11,312721.08,74985.56
2026-01-13,ORD-12966,CUST-1325,Webcam,Accessories,West,Distributor,5,3114,0.09,14168.7,1819.72
2026-01-14,ORD-12967,CUST-1490,Headphones,Accessories,West,Retail,6,1154,0.09,6300.84,586.59
2026-01-14,ORD-12968,CUST-1472,Keyboard,Accessories,South,Distributor,6,2156,0.11,11513.04,965.34
2026-01-14,ORD-12969,CUST-1399,Webcam,Accessories,West,Distributor,8,10062,0.11,71641.44,11475.85
2026-01-14,ORD-12970,CUST-1218,Laptop,Electronics,North,Distributor,4,111334,0.02,436429.28,65741.66
2026-01-14,ORD-12971,CUST-1066,Webcam,Accessories,South,Distributor,2,11585,0.07,21548.1,4781.83
2026-01-14,ORD-12972,CUST-1274,Smartphone,Electronics,South,Retail,7,47940,0.07,312089.4,66079.3
2026-01-14,ORD-12973,CUST-1442,Headphones,Accessories,North,Online,4,1660,0.07,6175.2,934.11
2026-01-14,ORD-12974,CUST-1281,Monitor,Electronics,East,Retail,5,27925,0.0,139625.0,28326.44
2026-01-15,ORD-12975,CUST-1342,Tablet,Electronics,East,Online,9,17062,0.0,153558.0,29287.57
2026-01-15,ORD-12976,CUST-1496,Monitor,Electronics,North,Retail,4,38715,0.06,145568.4,16253.86
2026-01-15,ORD-12977,CUST-1282,Smartphone,Electronics,East,Retail,1,65390,0.09,59504.9,12483.0
2026-01-15,ORD-12978,CUST-1349,Mouse,Accessories,East,Online,7,2333,0.0,16331.0,3529.85
2026-01-15,ORD-12979,CUST-1476,Printer,Office Equipment,East,Distributor,2,16057,0.09,29223.74,7219.21
2026-01-15,ORD-12980,CUST-1208,Monitor,Electronics,East,Online,2,20546,0.01,40681.08,4052.84
2026-01-15,ORD-12981,CUST-1101,Printer,Office Equipment,East,Online,2,8144,0.07,15147.84,1236.67
2026-01-15,ORD-12982,CUST-1383,Webcam,Accessories,North,Distributor,5,4064,0.04,19507.2,2263.22
2026-01-16,ORD-12983,CUST-1149,Webcam,Accessories,North,Online,4,10968,0.02,42994.56,7399.84
2026-01-16,ORD-12984,CUST-1307,Laptop,Electronics,North,Online,1,89508,0.14,76976.88,15823.39
2026-01-16,ORD-12985,CUST-1036,Headphones,Accessories,West,Retail,4,1767,0.02,6926.64,987.82
2026-01-16,ORD-12986,CUST-1406,Headphones,Accessories,South,Online,9,7359,0.1,59607.9,8865.34
2026-01-16,ORD-12987,CUST-1001,Smartphone,Electronics,East,Online,6,45496,0.05,259327.2,24745.41
2026-01-16,ORD-12988,CUST-1079,Desktop,Electronics,West,Distributor,5,72680,0.06,341596.0,71967.53
2026-01-16,ORD-12989,CUST-1172,Smartphone,Electronics,East,Distributor,7,31027,0.05,206329.55,25162.49
2026-01-17,ORD-12990,CUST-1464,Desktop,Electronics,West,Retail,3,75783,0.12,200067.12,46814.02
2026-01-17,ORD-12991,CUST-1254,Desktop,Electronics,North,Retail,3,55349,0.09,151102.77,31741.11
2026-01-17,ORD-12992,CUST-1023,Headphones,Accessories,West,Online,5,3535,0.06,16614.5,3981.02
2026-01-17,ORD-12993,CUST-1222,Keyboard,Accessories,East,Retail,7,954,0.02,6544.44,1398.88
2026-01-17,ORD-12994,CUST-1226,Printer,Office Equipment,North,Online,8,23353,0.02,183087.52,25792.92
2026-01-17,ORD-12995,CUST-1185,Tablet,Electronics,West,Retail,4,19007,0.12,66904.64,10628.05
2026-01-17,ORD-12996,CUST-1370,Tablet,Electronics,North,Online,9,57022,0.11,456746.22,73899.83
2026-01-17,ORD-12997,CUST-1008,Desktop,Electronics,South,Retail,8,60843,0.05,462406.8,54936.73
2026-01-18,ORD-12998,CUST-1235,Mouse,Accessories,South,Retail,2,1635,0.08,3008.4,406.54
2026-01-18,ORD-12999,CUST-1201,Laptop,Electronics,West,Online,3,72643,0.05,207032.55,43683.5
2026-01-18,ORD-13000,CUST-1023,Tablet,Electronics,West,Retail,3,51372,0.08,141786.72,18580.26
2026-01-18,ORD-13001,CUST-1193,Printer,Office Equipment,South,Online,5,12459,0.0,62295.0,11895.82
2026-01-18,ORD-13002,CUST-1280,Tablet,Electronics,West,Retail,2,28534,0.14,49078.48,5663.74
2026-01-18,ORD-13003,CUST-1270,Printer,Office Equipment,West,Distributor,3,19735,0.09,53876.55,6305.76
2026-01-18,ORD-13004,CUST-1355,Webcam,Accessories,North,Retail,8,11451,0.01,90691.92,21068.33
2026-01-18,ORD-13005,CUST-1029,Webcam,Accessories,East,Retail,9,7945,0.09,65069.55,7791.33
2026-01-19,ORD-13006,CUST-1268,Keyboard,Accessories,South,Retail,5,849,0.05,4032.75,340.03
2026-01-19,ORD-13007,CUST-1437,Keyboard,Accessories,West,Retail,7,1486,0.14,8945.72,1213.52
2026-01-19,ORD-13008,CUST-1164,Mouse,Accessories,West,Retail,1,1687,0.03,1636.39,313.47
2026-01-19,ORD-13009,CUST-1363,Laptop,Electronics,East,Retail,8,115561,0.09,841284.08,133573.6
2026-01-19,ORD-13010,CUST-1441,Mouse,Accessories,North,Online,3,2187,0.13,5708.07,1025.96
2026-01-19,ORD-13011,CUST-1440,Webcam,Accessories,West,Distributor,5,3911,0.13,17012.85,2740.19
2026-01-19,ORD-13012,CUST-1090,Monitor,Electronics,South,Distributor,8,33876,0.03,262877.76,23695.32
2026-01-19,ORD-13013,CUST-1237,Monitor,Electronics,East,Distributor,8,13384,0.02,104930.56,9732.51
2026-01-20,ORD-13014,CUST-1216,Tablet,Electronics,South,Online,7,54763,0.02,375674.18,61463.81
2026-01-20,ORD-13015,CUST-1147,Mouse,Accessories,East,Distributor,3,2926,0.13,7636.86,1093.84
2026-01-20,ORD-13016,CUST-1053,Printer,Office Equipment,West,Distributor,9,15624,0.0,140616.0,15449.85
2026-01-20,ORD-13017,CUST-1382,Laptop,Electronics,West,Distributor,4,73484,0.03,285117.92,66359.23
2026-01-20,ORD-13018,CUST-1094,Webcam,Accessories,West,Retail,1,3067,0.15,2606.95,603.2
2026-01-20,ORD-13019,CUST-1036,Tablet,Electronics,West,Retail,2,18968,0.06,35659.84,3006.0
2026-01-20,ORD-13020,CUST-1454,Laptop,Electronics,North,Retail,4,60536,0.06,227615.36,25716.69
2026-01-20,ORD-13021,CUST-1211,Laptop,Electronics,West,Online,1,88168,0.09,80232.88,9264.92
2026-01-21,ORD-13022,CUST-1441,Mouse,Accessories,West,Online,5,1943,0.09,8840.65,1988.95
2026-01-21,ORD-13023,CUST-1284,Smartphone,Electronics,North,Distributor,5,73143,0.06,343772.1,41625.03
2026-01-21,ORD-13024,CUST-1031,Keyboard,Accessories,South,Retail,1,4057,0.11,3610.73,488.41
2026-01-21,ORD-13025,CUST-1377,Smartphone,Electronics,South,Online,9,57604,0.02,508067.28,92781.18
2026-01-21,ORD-13026,CUST-1081,Tablet,Electronics,North,Retail,3,47326,0.03,137718.66,31179.56
2026-01-21,ORD-13027,CUST-1418,Keyboard,Accessories,West,Online,6,1191,0.04,6860.16,1449.61
2026-01-21,ORD-13028,CUST-1169,Monitor,Electronics,South,Retail,7,33544,0.06,220719.52,32483.86
2026-01-21,ORD-13029,CUST-1301,Monitor,Electronics,West,Retail,9,31119,0.05,266067.45,65486.96
2026-01-22,ORD-13030,CUST-1439,Smartphone,Electronics,West,Retail,6,18066,0.07,100808.28,8074.44
2026-01-22,ORD-13031,CUST-1433,Laptop,Electronics,North,Online,7,114901,0.15,683660.95,142270.77
2026-01-22,ORD-13032,CUST-1289,Laptop,Electronics,South,Distributor,9,51340,0.1,415854.0,98475.15
2026-01-22,ORD-13033,CUST-1397,Laptop,Electronics,East,Online,3,74401,0.12,196418.64,45903.06
2026-01-22,ORD-13034,CUST-1017,Smartphone,Electronics,South,Online,1,51633,0.04,49567.68,8788.93
2026-01-22,ORD-13035,CUST-1490,Monitor,Electronics,South,Online,6,16305,0.04,93916.8,10280.44
2026-01-22,ORD-13036,CUST-1333,Headphones,Accessories,East,Retail,2,1667,0.02,3267.32,469.25
2026-01-22,ORD-13037,CUST-1407,Laptop,Electronics,North,Online,2,79654,0.15,135411.8,17363.26
2026-01-23,ORD-13038,CUST-1355,Printer,Office Equipment,South,Distributor,9,34645,0.08,286860.6,50270.76
2026-01-23,ORD-13039,CUST-1126,Keyboard,Accessories,West,Online,4,2378,0.13,8275.44,1076.41
2026-01-23,ORD-13040,CUST-1177,Smartphone,Electronics,South,Online,7,32335,0.0,226345.0,38786.17
2026-01-23,ORD-13041,CUST-1296,Monitor,Electronics,North,Retail,5,34663,0.04,166382.4,17884.06
2026-01-23,ORD-13042,CUST-1314,Headphones,Accessories,South,Online,7,6129,0.14,36896.58,6788.74
2026-01-23,ORD-13043,CUST-1038,Desktop,Electronics,West,Retail,3,55907,0.15,142562.85,21135.38
2026-01-23,ORD-13044,CUST-1196,Mouse,Accessories,South,Distributor,6,1538,0.02,9043.44,2116.98
2026-01-24,ORD-13045,CUST-1318,Mouse,Accessories,North,Distributor,2,2719,0.03,5274.86,823.84
2026-01-24,ORD-13046,CUST-1051,Monitor,Electronics,West,Retail,3,22960,0.07,64058.4,12780.19
2026-01-24,ORD-13047,CUST-1140,Keyboard,Accessories,West,Retail,7,1849,0.14,11130.98,2508.31
2026-01-24,ORD-13048,CUST-1052,Monitor,Electronics,South,Distributor,9,30629,0.14,237068.46,29116.43
2026-01-24,ORD-13049,CUST-1013,Laptop,Electronics,North,Distributor,7,65789,0.07,428286.39,90067.31
2026-01-24,ORD-13050,CUST-1070,Smartphone,Electronics,East,Online,3,84867,0.14,218956.86,29256.77
2026-01-24,ORD-13051,CUST-1440,Keyboard,Accessories,East,Retail,3,1667,0.01,4950.99,977.74
2026-01-24,ORD-13052,CUST-1071,Laptop,Electronics,North,Distributor,6,62332,0.04,359032.32,72655.65
2026-01-25,ORD-13053,CUST-1435,Desktop,Electronics,West,Retail,5,55582,0.1,250119.0,22108.72
2026-01-25,ORD-13054,CUST-1498,Smartphone,Electronics,South,Retail,8,98586,0.02,772914.24,123081.51
2026-01-25,ORD-13055,CUST-1120,Mouse,Accessories,East,Distributor,3,1028,0.15,2621.4,433.3
2026-01-25,ORD-13056,CUST-1496,Headphones,Accessories,North,Retail,9,2793,0.09,22874.67,4691.87
2026-01-25,ORD-13057,CUST-1195,Webcam,Accessories,South,Online,8,9571,0.01,75802.32,12413.43
2026-01-25,ORD-13058,CUST-1316,Keyboard,Accessories,North,Online,3,4322,0.05,12317.7,1735.01
2026-01-25,ORD-13059,CUST-1140,Headphones,Accessories,North,Distributor,8,9894,0.1,71236.8,17325.21
2026-01-25,ORD-13060,CUST-1424,Headphones,Accessories,South,Retail,9,6886,0.11,55156.86,9385.98
2026-01-26,ORD-13061,CUST-1378,Printer,Office Equipment,East,Retail,8,12422,0.06,93413.44,10202.91
2026-01-26,ORD-13062,CUST-1156,Tablet,Electronics,South,Distributor,3,58152,0.09,158754.96,17242.04
2026-01-26,ORD-13063,CUST-1284,Headphones,Accessories,South,Online,6,2313,0.12,12212.64,1790.43
2026-01-26,ORD-13064,CUST-1180,Monitor,Electronics,West,Online,6,10282,0.11,54905.88,9370.14
2026-01-26,ORD-13065,CUST-1389,Mouse,Accessories,East,Online,8,1104,0.08,8125.44,910.7
2026-01-26,ORD-13066,CUST-1140,Laptop,Electronics,North,Retail,2,72220,0.12,127107.2,15477.37
2026-01-26,ORD-13067,CUST-1359,Smartphone,Electronics,West,Retail,3,92859,0.0,278577.0,22922.88
2026-01-26,ORD-13068,CUST-1134,Monitor,Electronics,East,Online,8,11302,0.02,88607.68,13091.37
2026-01-27,ORD-13069,CUST-1428,Smartphone,Electronics,East,Distributor,6,71401,0.03,415553.82,37960.04
2026-01-27,ORD-13070,CUST-1389,Laptop,Electronics,North,Distributor,1,80356,0.09,73123.96,6470.26
2026-01-27,ORD-13071,CUST-1090,Keyboard,Accessories,South,Online,4,3837,0.11,13659.72,2343.82
2026-01-27,ORD-13072,CUST-1195,Mouse,Accessories,North,Distributor,8,783,0.01,6201.36,1120.09
2026-01-27,ORD-13073,CUST-1248,Laptop,Electronics,North,Retail,7,52787,0.14,317777.74,33177.98
2026-01-27,ORD-13074,CUST-1214,Printer,Office Equipment,North,Retail,5,21114,0.02,103458.6,20325.98
2026-01-27,ORD-13075,CUST-1365,Printer,Office Equipment,East,Online,3,20809,0.04,59929.92,12014.81
2026-01-27,ORD-13076,CUST-1216,Laptop,Electronics,North,Retail,6,79919,0.07,445948.02,50829.37
2026-01-28,ORD-13077,CUST-1444,Printer,Office Equipment,South,Retail,3,15305,0.1,41323.5,4750.12
2026-01-28,ORD-13078,CUST-1144,Desktop,Electronics,North,Retail,1,82134,0.14,70635.24,13062.37
2026-01-28,ORD-13079,CUST-1141,Mouse,Accessories,East,Online,3,1219,0.11,3254.73,475.66
2026-01-28,ORD-13080,CUST-1198,Keyboard,Accessories,East,Retail,8,2263,0.07,16836.72,3231.7
2026-01-28,ORD-13081,CUST-1128,Printer,Office Equipment,East,Online,1,21827,0.13,18989.49,2192.01
2026-01-28,ORD-13082,CUST-1242,Smartphone,Electronics,East,Retail,1,51365,0.13,44687.55,9719.76
2026-01-28,ORD-13083,CUST-1427,Desktop,Electronics,West,Distributor,9,76076,0.07,636756.12,158973.12
2026-01-28,ORD-13084,CUST-1451,Smartphone,Electronics,South,Retail,4,37601,0.04,144387.84,16036.85
2026-01-29,ORD-13085,CUST-1039,Webcam,Accessories,West,Online,4,8795,0.05,33421.0,7056.99
2026-01-29,ORD-13086,CUST-1100,Keyboard,Accessories,West,Distributor,5,3629,0.06,17056.3,2336.56
2026-01-29,ORD-13087,CUST-1183,Mouse,Accessories,East,Distributor,8,2735,0.11,19473.2,1593.54
2026-01-29,ORD-13088,CUST-1286,Headphones,Accessories,North,Retail,4,7201,0.13,25059.48,2587.61
2026-01-29,ORD-13089,CUST-1136,Tablet,Electronics,North,Distributor,3,27966,0.08,77186.16,15805.42
2026-01-29,ORD-13090,CUST-1320,Laptop,Electronics,East,Retail,1,94420,0.03,91587.4,20941.23
2026-01-29,ORD-13091,CUST-1164,Mouse,Accessories,North,Online,3,774,0.06,2182.68,277.96
2026-01-29,ORD-13092,CUST-1218,Smartphone,Electronics,North,Retail,4,77515,0.08,285255.2,35518.42
2026-01-30,ORD-13093,CUST-1489,Tablet,Electronics,East,Retail,7,21151,0.04,142134.72,22379.65
2026-01-30,ORD-13094,CUST-1277,Keyboard,Accessories,West,Distributor,8,1219,0.06,9166.88,1318.01
2026-01-30,ORD-13095,CUST-1067,Headphones,Accessories,West,Online,7,5200,0.13,31668.0,7104.51
2026-01-30,ORD-13096,CUST-1188,Printer,Office Equipment,East,Distributor,9,34513,0.14,267130.62,56889.54
2026-01-30,ORD-13097,CUST-1292,Desktop,Electronics,North,Online,9,64429,0.12,510277.68,105582.89
2026-01-30,ORD-13098,CUST-1431,Monitor,Electronics,North,Online,8,25577,0.14,175969.76,19071.48
2026-01-30,ORD-13099,CUST-1430,Webcam,Accessories,West,Online,5,6980,0.01,34551.0,5433.21
2026-01-31,ORD-13100,CUST-1017,Mouse,Accessories,East,Online,4,1888,0.06,7098.88,1632.68
2026-01-31,ORD-13101,CUST-1260,Keyboard,Accessories,South,Online,4,4438,0.04,17041.92,2594.07
2026-01-31,ORD-13102,CUST-1011,Laptop,Electronics,West,Retail,7,113313,0.1,713871.9,137918.78
2026-01-31,ORD-13103,CUST-1210,Desktop,Electronics,West,Distributor,9,48889,0.03,426800.97,47451.61
2026-01-31,ORD-13104,CUST-1260,Mouse,Accessories,West,Retail,2,2916,0.0,5832.0,974.08
2026-01-31,ORD-13105,CUST-1023,Keyboard,Accessories,West,Retail,9,3499,0.1,28341.9,6162.02
2026-01-31,ORD-13106,CUST-1356,Keyboard,Accessories,West,Retail,7,2474,0.05,16452.1,3590.59
2026-01-31,ORD-13107,CUST-1326,Laptop,Electronics,East,Distributor,6,92290,0.13,481753.8,107649.44
2026-02-01,ORD-13108,CUST-1134,Monitor,Electronics,West,Distributor,3,37146,0.02,109209.24,17191.71
2026-02-01,ORD-13109,CUST-1208,Desktop,Electronics,West,Online,9,66310,0.1,537111.0,83398.8
2026-02-01,ORD-13110,CUST-1295,Monitor,Electronics,North,Retail,1,34986,0.01,34636.14,7263.58
2026-02-01,ORD-13111,CUST-1290,Keyboard,Accessories,South,Retail,3,4969,0.13,12969.09,1214.11
2026-02-01,ORD-13112,CUST-1452,Desktop,Electronics,South,Online,9,50087,0.06,423736.02,57156.01
2026-02-01,ORD-13113,CUST-1273,Tablet,Electronics,West,Retail,2,44985,0.11,80073.3,18957.3
2026-02-01,ORD-13114,CUST-1015,Smartphone,Electronics,South,Distributor,5,37494,0.06,176221.8,22843.5
2026-02-01,ORD-13115,CUST-1394,Smartphone,Electronics,South,Retail,9,45725,0.15,349796.25,33163.02
2026-02-02,ORD-13116,CUST-1312,Mouse,Accessories,West,Retail,1,862,0.04,827.52,175.24
2026-02-02,ORD-13117,CUST-1275,Laptop,Electronics,West,Online,7,73544,0.01,509659.92,70229.28
2026-02-02,ORD-13118,CUST-1490,Laptop,Electronics,East,Online,6,83877,0.15,427772.7,72800.64
2026-02-02,ORD-13119,CUST-1027,Webcam,Accessories,South,Distributor,9,6053,0.1,49029.3,5967.4
2026-02-02,ORD-13120,CUST-1257,Desktop,Electronics,North,Retail,8,87492,0.08,643941.12,96867.1
2026-02-02,ORD-13121,CUST-1452,Printer,Office Equipment,North,Online,5,29735,0.03,144214.75,14329.56
2026-02-02,ORD-13122,CUST-1072,Printer,Office Equipment,North,Retail,5,33309,0.09,151555.95,30744.83
2026-02-02,ORD-13123,CUST-1027,Laptop,Electronics,South,Retail,4,108820,0.12,383046.4,38095.65
2026-02-03,ORD-13124,CUST-1262,Mouse,Accessories,North,Distributor,1,2227,0.13,1937.49,222.06
2026-02-03,ORD-13125,CUST-1307,Desktop,Electronics,West,Distributor,8,50442,0.06,379323.84,64438.65
2026-02-03,ORD-13126,CUST-1385,Monitor,Electronics,North,Distributor,5,37293,0.04,179006.4,30344.83
2026-02-03,ORD-13127,CUST-1494,Laptop,Electronics,East,Distributor,8,69307,0.08,510099.52,98021.28
2026-02-03,ORD-13128,CUST-1276,Monitor,Electronics,North,Retail,8,30687,0.04,235676.16,21869.46
2026-02-03,ORD-13129,CUST-1056,Smartphone,Electronics,South,Retail,2,93622,0.13,162902.28,23690.77
2026-02-03,ORD-13130,CUST-1068,Printer,Office Equipment,North,Online,7,12339,0.0,86373.0,7395.77
2026-02-03,ORD-13131,CUST-1089,Smartphone,Electronics,West,Online,2,74806,0.01,148115.88,30920.63
2026-02-04,ORD-13132,CUST-1195,Mouse,Accessories,South,Distributor,5,1503,0.03,7289.55,1578.35
2026-02-04,ORD-13133,CUST-1460,Mouse,Accessories,North,Online,6,2537,0.1,13699.8,3133.93
2026-02-04,ORD-13134,CUST-1476,Monitor,Electronics,South,Retail,1,34110,0.11,30357.9,6611.53
2026-02-04,ORD-13135,CUST-1046,Monitor,Electronics,South,Online,6,17043,0.06,96122.52,7993.21
2026-02-04,ORD-13136,CUST-1136,Tablet,Electronics,West,Retail,6,31295,0.0,187770.0,32620.22
2026-02-04,ORD-13137,CUST-1067,Laptop,Electronics,East,Online,4,99377,0.1,357757.2,55919.63
2026-02-04,ORD-13138,CUST-1157,Printer,Office Equipment,North,Retail,6,12356,0.13,64498.32,14933.78
2026-02-04,ORD-13139,CUST-1358,Headphones,Accessories,West,Retail,4,7961,0.04,30570.24,6363.59
2026-02-05,ORD-13140,CUST-1139,Mouse,Accessories,South,Online,1,1395,0.13,1213.65,267.73
2026-02-05,ORD-13141,CUST-1480,Headphones,Accessories,West,Retail,8,9165,0.04,70387.2,10051.61
2026-02-05,ORD-13142,CUST-1206,Monitor,Electronics,West,Distributor,4,14167,0.03,54967.96,4756.64
2026-02-05,ORD-13143,CUST-1190,Smartphone,Electronics,East,Distributor,9,68444,0.04,591356.16,54716.6
2026-02-05,ORD-13144,CUST-1095,Tablet,Electronics,West,Online,3,23840,0.11,63652.8,15386.39
2026-02-05,ORD-13145,CUST-1213,Monitor,Electronics,West,Online,7,28470,0.09,181353.9,14849.9
2026-02-05,ORD-13146,CUST-1312,Tablet,Electronics,South,Distributor,7,26594,0.03,180573.26,25028.89
2026-02-06,ORD-13147,CUST-1376,Smartphone,Electronics,West,Retail,9,47499,0.03,414666.27,86148.68
2026-02-06,ORD-13148,CUST-1095,Webcam,Accessories,East,Retail,9,9102,0.11,72907.02,11421.6
2026-02-06,ORD-13149,CUST-1025,Laptop,Electronics,East,Distributor,5,65914,0.04,316387.2,53558.85
2026-02-06,ORD-13150,CUST-1097,Keyboard,Accessories,North,Online,2,3481,0.03,6753.14,1146.28
2026-02-06,ORD-13151,CUST-1148,Monitor,Electronics,East,Online,7,10322,0.0,72254.0,16795.93
2026-02-06,ORD-13152,CUST-1483,Tablet,Electronics,North,Retail,7,24620,0.13,149935.8,30458.56
2026-02-06,ORD-13153,CUST-1111,Keyboard,Accessories,East,Online,1,3128,0.11,2783.92,489.65
2026-02-06,ORD-13154,CUST-1077,Laptop,Electronics,West,Online,4,117709,0.12,414335.68,68062.94
2026-02-07,ORD-13155,CUST-1196,Laptop,Electronics,East,Online,9,106987,0.1,866594.7,192020.01
2026-02-07,ORD-13156,CUST-1363,Monitor,Electronics,South,Online,5,39772,0.0,198860.0,36905.31
2026-02-07,ORD-13157,CUST-1291,Webcam,Accessories,West,Retail,3,5326,0.05,15179.1,1813.32
2026-02-07,ORD-13158,CUST-1317,Printer,Office Equipment,West,Online,2,28394,0.14,48837.68,8545.56
2026-02-07,ORD-13159,CUST-1205,Smartphone,Electronics,South,Online,9,19450,0.1,157545.0,35564.54
2026-02-07,ORD-13160,CUST-1001,Desktop,Electronics,West,Distributor,8,83180,0.05,632168.0,118058.06
2026-02-07,ORD-13161,CUST-1170,Printer,Office Equipment,West,Online,7,11293,0.14,67983.86,10415.42
2026-02-07,ORD-13162,CUST-1251,Mouse,Accessories,East,Online,1,1668,0.04,1601.28,383.82
2026-02-08,ORD-13163,CUST-1246,Monitor,Electronics,East,Retail,6,17390,0.14,89732.4,17195.44
2026-02-08,ORD-13164,CUST-1328,Desktop,Electronics,South,Online,1,43396,0.07,40358.28,6630.77
2026-02-08,ORD-13165,CUST-1294,Tablet,Electronics,South,Online,6,19070,0.03,110987.4,10504.67
2026-02-08,ORD-13166,CUST-1305,Monitor,Electronics,North,Distributor,6,37306,0.09,203690.76,45237.74
2026-02-08,ORD-13167,CUST-1097,Keyboard,Accessories,East,Distributor,9,4767,0.03,41615.91,6580.96
2026-02-08,ORD-13168,CUST-1229,Monitor,Electronics,East,Distributor,5,37911,0.15,161121.75,20423.87
2026-02-08,ORD-13169,CUST-1383,Smartphone,Electronics,West,Online,1,50511,0.07,46975.23,3963.04
2026-02-08,ORD-13170,CUST-1354,Keyboard,Accessories,West,Retail,6,1338,0.14,6904.08,1590.88
2026-02-09,ORD-13171,CUST-1470,Headphones,Accessories,East,Online,2,2168,0.12,3815.68,713.83
2026-02-09,ORD-13172,CUST-1177,Tablet,Electronics,North,Retail,4,58084,0.02,227689.28,39047.84
2026-02-09,ORD-13173,CUST-1416,Headphones,Accessories,North,Distributor,7,4155,0.15,24722.25,2133.45
2026-02-09,ORD-13174,CUST-1040,Headphones,Accessories,North,Retail,9,1023,0.05,8746.65,1509.53
2026-02-09,ORD-13175,CUST-1342,Tablet,Electronics,East,Online,5,32776,0.11,145853.2,27020.22
2026-02-09,ORD-13176,CUST-1242,Smartphone,Electronics,North,Online,2,67215,0.01,133085.7,21775.81
2026-02-09,ORD-13177,CUST-1006,Mouse,Accessories,East,Retail,1,2807,0.04,2694.72,595.29
2026-02-09,ORD-13178,CUST-1389,Mouse,Accessories,South,Distributor,2,2610,0.04,5011.2,416.55
2026-02-10,ORD-13179,CUST-1348,Webcam,Accessories,South,Distributor,3,4419,0.01,13124.43,2253.95
2026-02-10,ORD-13180,CUST-1374,Printer,Office Equipment,North,Online,7,33196,0.02,227724.56,54599.51
2026-02-10,ORD-13181,CUST-1142,Webcam,Accessories,North,Distributor,6,10412,0.08,57474.24,11285.86
2026-02-10,ORD-13182,CUST-1080,Tablet,Electronics,East,Online,9,50421,0.0,453789.0,66523.73
2026-02-10,ORD-13183,CUST-1443,Printer,Office Equipment,South,Distributor,5,30677,0.07,142648.05,25969.54
2026-02-10,ORD-13184,CUST-1097,Keyboard,Accessories,West,Retail,6,4220,0.02,24813.6,2219.18
2026-02-10,ORD-13185,CUST-1390,Mouse,Accessories,West,Retail,1,2460,0.14,2115.6,492.94
2026-02-10,ORD-13186,CUST-1086,Laptop,Electronics,North,Distributor,9,113303,0.15,866767.95,75612.69
2026-02-11,ORD-13187,CUST-1322,Desktop,Electronics,East,Online,2,75445,0.13,131274.3,28853.46
2026-02-11,ORD-13188,CUST-1415,Desktop,Electronics,West,Retail,2,53087,0.1,95556.6,22434.75
2026-02-11,ORD-13189,CUST-1287,Desktop,Electronics,North,Retail,2,61973,0.08,114030.32,19852.98
2026-02-11,ORD-13190,CUST-1304,Monitor,Electronics,West,Online,7,17896,0.03,121513.84,12185.63
2026-02-11,ORD-13191,CUST-1307,Mouse,Accessories,West,Distributor,8,1050,0.02,8232.0,1097.34
2026-02-11,ORD-13192,CUST-1142,Laptop,Electronics,East,Retail,8,112574,0.14,774509.12,109802.89
2026-02-11,ORD-13193,CUST-1040,Laptop,Electronics,West,Online,9,68033,0.14,526575.42,122280.29
2026-02-11,ORD-13194,CUST-1373,Mouse,Accessories,South,Distributor,7,700,0.12,4312.0,764.48
2026-02-12,ORD-13195,CUST-1067,Mouse,Accessories,West,Online,7,2390,0.12,14722.4,3675.1
2026-02-12,ORD-13196,CUST-1499,Keyboard,Accessories,North,Online,6,3879,0.14,20015.64,2837.44
2026-02-12,ORD-13197,CUST-1191,Printer,Office Equipment,West,Distributor,2,32243,0.08,59327.12,4912.02
2026-02-12,ORD-13198,CUST-1024,Tablet,Electronics,East,Online,1,29161,0.14,25078.46,4210.15
2026-02-12,ORD-13199,CUST-1424,Printer,Office Equipment,North,Retail,4,9360,0.06,35193.6,4243.65
2026-02-12,ORD-13200,CUST-1324,Laptop,Electronics,West,Retail,3,119586,0.13,312119.46,29624.54
2026-02-12,ORD-13201,CUST-1022,Laptop,Electronics,North,Online,9,65818,0.0,592362.0,69176.3
2026-02-13,ORD-13202,CUST-1311,Laptop,Electronics,East,Retail,4,53776,0.02,210801.92,21711.22
2026-02-13,ORD-13203,CUST-1291,Monitor,Electronics,West,Distributor,4,35145,0.14,120898.8,25229.88
2026-02-13,ORD-13204,CUST-1422,Smartphone,Electronics,South,Retail,6,45312,0.13,236528.64,42021.98
2026-02-13,ORD-13205,CUST-1495,Laptop,Electronics,West,Retail,1,119919,0.06,112723.86,11567.51
2026-02-13,ORD-13206,CUST-1322,Tablet,Electronics,South,Online,5,58357,0.05,277195.75,60407.73
2026-02-13,ORD-13207,CUST-1115,Headphones,Accessories,North,Online,5,5612,0.1,25254.0,5994.64
2026-02-13,ORD-13208,CUST-1304,Webcam,Accessories,West,Retail,1,11832,0.08,10885.44,2200.19
2026-02-13,ORD-13209,CUST-1144,Headphones,Accessories,East,Retail,9,4462,0.04,38551.68,8582.55
2026-02-14,ORD-13210,CUST-1076,Printer,Office Equipment,North,Retail,3,13500,0.09,36855.0,7245.36
2026-02-14,ORD-13211,CUST-1006,Smartphone,Electronics,South,Retail,8,21859,0.05,166128.4,24796.03
2026-02-14,ORD-13212,CUST-1229,Desktop,Electronics,North,Retail,7,49144,0.05,326807.6,49648.52
2026-02-14,ORD-13213,CUST-1067,Tablet,Electronics,South,Retail,3,42629,0.14,109982.82,16391.6
2026-02-14,ORD-13214,CUST-1488,Desktop,Electronics,South,Distributor,6,73028,0.05,416259.6,38325.46
2026-02-14,ORD-13215,CUST-1486,Laptop,Electronics,North,Retail,2,107831,0.03,209192.14,42548.02
2026-02-14,ORD-13216,CUST-1225,Tablet,Electronics,North,Retail,2,35711,0.06,67136.68,9329.74
2026-02-14,ORD-13217,CUST-1302,Monitor,Electronics,East,Retail,3,18377,0.05,52374.45,6052.5
2026-02-15,ORD-13218,CUST-1374,Tablet,Electronics,East,Online,5,18710,0.11,83259.5,20370.85
2026-02-15,ORD-13219,CUST-1298,Desktop,Electronics,North,Retail,6,85507,0.14,441216.12,104146.04
2026-02-15,ORD-13220,CUST-1329,Tablet,Electronics,West,Retail,2,52530,0.14,90351.6,8456.17
2026-02-15,ORD-13221,CUST-1453,Mouse,Accessories,North,Distributor,7,2778,0.03,18862.62,2567.52
2026-02-15,ORD-13222,CUST-1321,Keyboard,Accessories,West,Retail,4,3440,0.11,12246.4,2010.03
2026-02-15,ORD-13223,CUST-1095,Webcam,Accessories,South,Distributor,1,7631,0.1,6867.9,606.85
2026-02-15,ORD-13224,CUST-1003,Tablet,Electronics,North,Distributor,8,20813,0.08,153183.68,18618.15
2026-02-15,ORD-13225,CUST-1123,Monitor,Electronics,South,Online,3,10836,0.09,29582.28,4541.55
2026-02-16,ORD-13226,CUST-1289,Monitor,Electronics,West,Retail,8,16969,0.12,119461.76,12263.28
2026-02-16,ORD-13227,CUST-1164,Mouse,Accessories,South,Online,1,1162,0.13,1010.94,239.25
2026-02-16,ORD-13228,CUST-1095,Printer,Office Equipment,East,Online,8,20322,0.09,147944.16,26768.38
2026-02-16,ORD-13229,CUST-1114,Tablet,Electronics,East,Distributor,8,30516,0.09,222156.48,44553.14
2026-02-16,ORD-13230,CUST-1294,Monitor,Electronics,North,Retail,1,14478,0.04,13898.88,1542.79
2026-02-16,ORD-13231,CUST-1408,Laptop,Electronics,South,Distributor,2,105480,0.09,191973.6,22797.26
2026-02-16,ORD-13232,CUST-1337,Mouse,Accessories,North,Distributor,5,966,0.03,4685.1,611.3
2026-02-16,ORD-13233,CUST-1344,Smartphone,Electronics,West,Retail,9,34575,0.13,270722.25,22076.26
2026-02-17,ORD-13234,CUST-1064,Headphones,Accessories,West,Online,2,6378,0.13,11097.72,2189.66
2026-02-17,ORD-13235,CUST-1035,Tablet,Electronics,South,Distributor,6,43601,0.09,238061.46,43705.66
2026-02-17,ORD-13236,CUST-1403,Keyboard,Accessories,East,Online,2,1041,0.0,2082.0,461.16
2026-02-17,ORD-13237,CUST-1320,Keyboard,Accessories,South,Online,3,2309,0.12,6095.76,935.85
2026-02-17,ORD-13238,CUST-1038,Tablet,Electronics,West,Distributor,8,45634,0.07,339516.96,38921.49
2026-02-17,ORD-13239,CUST-1244,Webcam,Accessories,North,Retail,1,8027,0.06,7545.38,986.83
2026-02-17,ORD-13240,CUST-1017,Laptop,Electronics,East,Distributor,4,97383,0.01,385636.68,55661.59
2026-02-17,ORD-13241,CUST-1147,Headphones,Accessories,North,Distributor,3,9248,0.12,24414.72,2514.62
2026-02-18,ORD-13242,CUST-1253,Laptop,Electronics,East,Online,8,88995,0.11,633644.4,64940.31
2026-02-18,ORD-13243,CUST-1219,Printer,Office Equipment,West,Retail,8,33608,0.11,239288.96,39740.57
2026-02-18,ORD-13244,CUST-1220,Monitor,Electronics,South,Online,6,28650,0.14,147834.0,32984.09
2026-02-18,ORD-13245,CUST-1182,Laptop,Electronics,West,Retail,4,103062,0.03,399880.56,66548.38
2026-02-18,ORD-13246,CUST-1304,Printer,Office Equipment,West,Distributor,2,17264,0.09,31420.48,3941.23
2026-02-18,ORD-13247,CUST-1300,Smartphone,Electronics,West,Distributor,4,28695,0.08,105597.6,12353.88
2026-02-18,ORD-13248,CUST-1039,Smartphone,Electronics,East,Distributor,9,51411,0.13,402548.13,73137.63
2026-02-19,ORD-13249,CUST-1161,Webcam,Accessories,East,Online,7,2063,0.09,13141.31,2436.89
2026-02-19,ORD-13250,CUST-1223,Mouse,Accessories,East,Online,4,985,0.12,3467.2,734.23
2026-02-19,ORD-13251,CUST-1457,Monitor,Electronics,West,Online,3,34422,0.03,100168.02,18068.43
2026-02-19,ORD-13252,CUST-1478,Monitor,Electronics,North,Distributor,2,15142,0.11,26952.76,4839.99
2026-02-19,ORD-13253,CUST-1116,Desktop,Electronics,East,Online,6,80364,0.04,462896.64,110434.9
2026-02-19,ORD-13254,CUST-1357,Laptop,Electronics,South,Online,2,73914,0.1,133045.2,20526.13
2026-02-19,ORD-13255,CUST-1423,Keyboard,Accessories,South,Retail,9,3291,0.14,25472.34,3337.62
2026-02-19,ORD-13256,CUST-1433,Printer,Office Equipment,South,Online,8,32462,0.08,238920.32,39084.54
2026-02-20,ORD-13257,CUST-1497,Keyboard,Accessories,East,Online,8,4757,0.01,37675.44,7223.7
2026-02-20,ORD-13258,CUST-1374,Printer,Office Equipment,South,Distributor,9,9621,0.06,81393.66,7577.42
2026-02-20,ORD-13259,CUST-1294,Mouse,Accessories,East,Retail,6,2041,0.05,11633.7,2409.23
2026-02-20,ORD-13260,CUST-1137,Laptop,Electronics,West,Online,6,117543,0.06,662942.52,103054.33
2026-02-20,ORD-13261,CUST-1227,Webcam,Accessories,South,Online,4,1560,0.13,5428.8,1226.22
2026-02-20,ORD-13262,CUST-1450,Printer,Office Equipment,South,Retail,2,9661,0.13,16810.14,1514.43
2026-02-20,ORD-13263,CUST-1165,Desktop,Electronics,East,Retail,7,66265,0.02,454577.9,44013.41
2026-02-20,ORD-13264,CUST-1340,Tablet,Electronics,West,Retail,9,41630,0.14,322216.2,43883.42
2026-02-21,ORD-13265,CUST-1088,Headphones,Accessories,East,Retail,6,9086,0.05,51790.2,12870.05
2026-02-21,ORD-13266,CUST-1228,Printer,Office Equipment,East,Distributor,5,8187,0.0,40935.0,5963.84
2026-02-21,ORD-13267,CUST-1036,Printer,Office Equipment,West,Retail,9,12351,0.04,106712.64,9579.94
2026-02-21,ORD-13268,CUST-1131,Headphones,Accessories,East,Retail,5,6326,0.02,30997.4,3402.62
2026-02-21,ORD-13269,CUST-1002,Desktop,Electronics,South,Online,9,78582,0.09,643586.58,153561.09
2026-02-21,ORD-13270,CUST-1008,Keyboard,Accessories,South,Retail,9,4130,0.14,31966.2,7981.29
2026-02-21,ORD-13271,CUST-1209,Tablet,Electronics,South,Online,1,19163,0.07,17821.59,4329.16
2026-02-21,ORD-13272,CUST-1329,Smartphone,Electronics,West,Online,5,50098,0.02,245480.2,28492.23
2026-02-22,ORD-13273,CUST-1276,Monitor,Electronics,South,Online,1,36126,0.1,32513.4,6643.29
2026-02-22,ORD-13274,CUST-1006,Smartphone,Electronics,West,Distributor,5,24065,0.03,116715.25,22590.88
2026-02-22,ORD-13275,CUST-1420,Desktop,Electronics,West,Online,8,79084,0.07,588384.96,131555.66
2026-02-22,ORD-13276,CUST-1185,Mouse,Accessories,West,Distributor,6,1026,0.08,5663.52,558.52
2026-02-22,ORD-13277,CUST-1237,Mouse,Accessories,South,Retail,9,453,0.04,3913.92,921.51
2026-02-22,ORD-13278,CUST-1007,Printer,Office Equipment,East,Retail,8,17802,0.15,121053.6,29721.81
2026-02-22,ORD-13279,CUST-1321,Keyboard,Accessories,North,Online,5,954,0.13,4149.9,744.33
2026-02-22,ORD-13280,CUST-1075,Printer,Office Equipment,North,Online,1,13524,0.11,12036.36,1476.45
2026-02-23,ORD-13281,CUST-1170,Desktop,Electronics,East,Distributor,6,74763,0.09,408205.98,85584.49
2026-02-23,ORD-13282,CUST-1116,Laptop,Electronics,North,Distributor,8,75062,0.13,522431.52,55433.13
2026-02-23,ORD-13283,CUST-1185,Tablet,Electronics,East,Online,8,45878,0.04,352343.04,54350.21
2026-02-23,ORD-13284,CUST-1465,Mouse,Accessories,South,Online,2,2503,0.13,4355.22,894.69
2026-02-23,ORD-13285,CUST-1310,Laptop,Electronics,East,Distributor,9,118417,0.11,948520.17,96704.66
2026-02-23,ORD-13286,CUST-1292,Webcam,Accessories,West,Online,7,9926,0.12,61144.16,7765.13
2026-02-23,ORD-13287,CUST-1377,Keyboard,Accessories,East,Distributor,4,2178,0.15,7405.2,1132.93
2026-02-23,ORD-13288,CUST-1215,Webcam,Accessories,West,Retail,7,11702,0.11,72903.46,7886.47
2026-02-24,ORD-13289,CUST-1358,Webcam,Accessories,North,Retail,4,3116,0.13,10843.68,1684.97
2026-02-24,ORD-13290,CUST-1468,Printer,Office Equipment,North,Retail,3,27344,0.03,79571.04,19441.04
2026-02-24,ORD-13291,CUST-1150,Desktop,Electronics,South,Retail,9,45919,0.07,384342.03,63459.08
2026-02-24,ORD-13292,CUST-1428,Headphones,Accessories,North,Retail,6,6118,0.06,34505.52,5979.43
2026-02-24,ORD-13293,CUST-1334,Monitor,Electronics,West,Online,4,14375,0.07,53475.0,5590.81
2026-02-24,ORD-13294,CUST-1087,Tablet,Electronics,South,Retail,9,52963,0.0,476667.0,50410.27
2026-02-24,ORD-13295,CUST-1219,Smartphone,Electronics,East,Retail,1,19707,0.11,17539.23,3778.26
2026-02-24,ORD-13296,CUST-1414,Webcam,Accessories,West,Retail,8,2411,0.1,17359.2,3018.28
2026-02-25,ORD-13297,CUST-1215,Smartphone,Electronics,West,Retail,6,49011,0.01,291125.34,62440.7
2026-02-25,ORD-13298,CUST-1442,Headphones,Accessories,North,Retail,4,9598,0.01,38008.08,8329.56
2026-02-25,ORD-13299,CUST-1252,Keyboard,Accessories,North,Distributor,8,1343,0.05,10206.8,928.99
2026-02-25,ORD-13300,CUST-1364,Smartphone,Electronics,West,Online,5,63443,0.08,291837.8,53537.4
2026-02-25,ORD-13301,CUST-1226,Printer,Office Equipment,West,Online,9,14884,0.08,123239.52,21392.41
2026-02-25,ORD-13302,CUST-1204,Webcam,Accessories,North,Online,1,4048,0.14,3481.28,684.04
2026-02-25,ORD-13303,CUST-1402,Keyboard,Accessories,North,Distributor,7,1691,0.03,11481.89,2744.87
2026-02-26,ORD-13304,CUST-1079,Headphones,Accessories,West,Distributor,2,9965,0.13,17339.1,2998.97
2026-02-26,ORD-13305,CUST-1423,Desktop,Electronics,West,Online,9,48769,0.12,386250.48,32643.57
2026-02-26,ORD-13306,CUST-1018,Printer,Office Equipment,North,Online,7,31437,0.11,195852.51,47821.91
2026-02-26,ORD-13307,CUST-1284,Tablet,Electronics,South,Retail,3,29381,0.07,81972.99,8602.65
2026-02-26,ORD-13308,CUST-1339,Webcam,Accessories,West,Distributor,4,5168,0.04,19845.12,3970.91
2026-02-26,ORD-13309,CUST-1215,Mouse,Accessories,West,Retail,8,589,0.04,4523.52,605.03
2026-02-26,ORD-13310,CUST-1373,Tablet,Electronics,South,Online,9,55251,0.06,467423.46,78600.04
2026-02-26,ORD-13311,CUST-1120,Headphones,Accessories,North,Online,6,8308,0.0,49848.0,8113.39
2026-02-27,ORD-13312,CUST-1348,Keyboard,Accessories,East,Retail,2,3445,0.05,6545.5,1227.03
2026-02-27,ORD-13313,CUST-1316,Laptop,Electronics,South,Distributor,6,66643,0.1,359872.2,60895.99
2026-02-27,ORD-13314,CUST-1260,Mouse,Accessories,South,Online,5,1478,0.01,7316.1,1042.54
2026-02-27,ORD-13315,CUST-1026,Desktop,Electronics,North,Online,5,44187,0.05,209888.25,34039.16
2026-02-27,ORD-13316,CUST-1227,Keyboard,Accessories,North,Retail,6,1203,0.03,7001.46,1197.8
2026-02-27,ORD-13317,CUST-1327,Printer,Office Equipment,West,Retail,9,27717,0.01,246958.47,21329.97
2026-02-27,ORD-13318,CUST-1118,Smartphone,Electronics,East,Distributor,8,85480,0.01,677001.6,155725.01
2026-02-27,ORD-13319,CUST-1499,Mouse,Accessories,West,Distributor,6,2146,0.08,11845.92,1478.12
2026-02-28,ORD-13320,CUST-1438,Mouse,Accessories,West,Retail,1,1349,0.12,1187.12,180.39
2026-02-28,ORD-13321,CUST-1163,Laptop,Electronics,West,Online,2,106623,0.03,206848.62,21284.96
2026-02-28,ORD-13322,CUST-1298,Tablet,Electronics,West,Retail,9,58378,0.03,509639.94,51083.4
2026-02-28,ORD-13323,CUST-1339,Tablet,Electronics,West,Online,3,54414,0.14,140388.12,27205.98
2026-02-28,ORD-13324,CUST-1106,Desktop,Electronics,North,Online,9,65788,0.14,509199.12,107738.36
2026-02-28,ORD-13325,CUST-1338,Smartphone,Electronics,East,Distributor,2,58440,0.08,107529.6,25452.29
2026-02-28,ORD-13326,CUST-1437,Monitor,Electronics,East,Online,4,17426,0.03,67612.88,6448.91
2026-02-28,ORD-13327,CUST-1298,Webcam,Accessories,West,Retail,6,11769,0.11,62846.46,10770.78
2026-03-01,ORD-13328,CUST-1433,Laptop,Electronics,West,Distributor,8,77171,0.04,592673.28,127484.35
2026-03-01,ORD-13329,CUST-1323,Mouse,Accessories,East,Distributor,7,1123,0.11,6996.29,970.48
2026-03-01,ORD-13330,CUST-1472,Mouse,Accessories,North,Retail,2,2968,0.07,5520.48,1136.79
2026-03-01,ORD-13331,CUST-1459,Desktop,Electronics,South,Online,8,40192,0.05,305459.2,73680.36
2026-03-01,ORD-13332,CUST-1427,Webcam,Accessories,East,Online,2,8127,0.08,14953.68,1378.83
2026-03-01,ORD-13333,CUST-1455,Keyboard,Accessories,North,Distributor,5,3040,0.1,13680.0,1993.49
2026-03-01,ORD-13334,CUST-1230,Smartphone,Electronics,East,Online,5,88721,0.03,430296.85,70037.3
2026-03-01,ORD-13335,CUST-1123,Monitor,Electronics,South,Online,3,27564,0.06,77730.48,14998.44
2026-03-02,ORD-13336,CUST-1383,Monitor,Electronics,North,Distributor,7,37942,0.1,239034.6,58508.87
2026-03-02,ORD-13337,CUST-1212,Smartphone,Electronics,West,Retail,7,39532,0.02,271189.52,62758.02
2026-03-02,ORD-13338,CUST-1211,Tablet,Electronics,West,Online,2,54307,0.11,96666.46,24001.42
2026-03-02,ORD-13339,CUST-1142,Laptop,Electronics,South,Online,3,91084,0.11,243194.28,57295.6
2026-03-02,ORD-13340,CUST-1137,Monitor,Electronics,North,Online,3,14379,0.1,38823.3,9566.22
2026-03-02,ORD-13341,CUST-1249,Keyboard,Accessories,East,Distributor,8,4268,0.08,31412.48,7271.6
2026-03-02,ORD-13342,CUST-1167,Laptop,Electronics,South,Distributor,2,112174,0.13,195182.76,35996.7
2026-03-02,ORD-13343,CUST-1315,Mouse,Accessories,South,Online,5,2053,0.02,10059.7,1307.16
2026-03-03,ORD-13344,CUST-1464,Keyboard,Accessories,East,Retail,6,1313,0.07,7326.54,1646.63
2026-03-03,ORD-13345,CUST-1196,Mouse,Accessories,South,Retail,3,1943,0.12,5129.52,506.32
2026-03-03,ORD-13346,CUST-1384,Monitor,Electronics,East,Distributor,7,17149,0.01,118842.57,21317.34
2026-03-03,ORD-13347,CUST-1093,Printer,Office Equipment,West,Distributor,6,19665,0.09,107370.9,11472.75
2026-03-03,ORD-13348,CUST-1023,Tablet,Electronics,North,Online,7,32216,0.12,198450.56,25950.82
2026-03-03,ORD-13349,CUST-1171,Webcam,Accessories,East,Online,6,1540,0.15,7854.0,1620.29
2026-03-03,ORD-13350,CUST-1281,Keyboard,Accessories,West,Retail,5,3163,0.14,13600.9,1679.56
2026-03-04,ORD-13351,CUST-1000,Monitor,Electronics,East,Retail,3,27479,0.14,70895.82,8427.95
2026-03-04,ORD-13352,CUST-1193,Keyboard,Accessories,North,Retail,4,1341,0.04,5149.44,728.15
2026-03-04,ORD-13353,CUST-1047,Tablet,Electronics,North,Retail,5,53027,0.12,233318.8,24568.21
2026-03-04,ORD-13354,CUST-1162,Smartphone,Electronics,South,Online,8,83941,0.08,617805.76,111353.14
2026-03-04,ORD-13355,CUST-1124,Monitor,Electronics,West,Retail,1,19486,0.0,19486.0,2626.31
2026-03-04,ORD-13356,CUST-1270,Printer,Office Equipment,East,Distributor,7,11105,0.08,71516.2,6350.67
2026-03-04,ORD-13357,CUST-1494,Laptop,Electronics,South,Online,1,63094,0.11,56153.66,9608.19
2026-03-04,ORD-13358,CUST-1033,Mouse,Accessories,East,Online,4,2785,0.01,11028.6,1054.96
2026-03-05,ORD-13359,CUST-1483,Printer,Office Equipment,North,Retail,8,25526,0.06,191955.52,35957.54
2026-03-05,ORD-13360,CUST-1343,Webcam,Accessories,West,Distributor,2,10491,0.07,19513.26,1711.46
2026-03-05,ORD-13361,CUST-1232,Webcam,Accessories,North,Retail,6,8434,0.05,48073.8,6548.31
2026-03-05,ORD-13362,CUST-1336,Webcam,Accessories,South,Online,1,3839,0.13,3339.93,733.9
2026-03-05,ORD-13363,CUST-1006,Desktop,Electronics,West,Online,6,57254,0.03,333218.28,68748.87
2026-03-05,ORD-13364,CUST-1221,Laptop,Electronics,East,Distributor,3,75590,0.01,224502.3,54558.41
2026-03-05,ORD-13365,CUST-1147,Headphones,Accessories,North,Online,1,6348,0.14,5459.28,564.91
2026-03-05,ORD-13366,CUST-1052,Mouse,Accessories,East,Online,3,511,0.06,1441.02,232.97
2026-03-06,ORD-13367,CUST-1440,Mouse,Accessories,West,Retail,6,2811,0.08,15516.72,1291.7
2026-03-06,ORD-13368,CUST-1142,Keyboard,Accessories,North,Online,4,1952,0.02,7651.84,1721.59
2026-03-06,ORD-13369,CUST-1190,Headphones,Accessories,West,Online,4,3137,0.03,12171.56,1338.11
2026-03-06,ORD-13370,CUST-1106,Laptop,Electronics,East,Distributor,2,56076,0.13,97572.24,9694.6
2026-03-06,ORD-13371,CUST-1328,Mouse,Accessories,South,Retail,4,1315,0.09,4786.6,539.52
2026-03-06,ORD-13372,CUST-1109,Monitor,Electronics,South,Online,9,22413,0.14,173476.62,17321.02
2026-03-06,ORD-13373,CUST-1145,Smartphone,Electronics,East,Online,5,58979,0.12,259507.6,38924.19
2026-03-06,ORD-13374,CUST-1411,Keyboard,Accessories,East,Distributor,5,2321,0.08,10676.6,1395.73
2026-03-07,ORD-13375,CUST-1220,Tablet,Electronics,West,Online,7,15326,0.03,104063.54,18650.32
2026-03-07,ORD-13376,CUST-1182,Mouse,Accessories,South,Retail,3,623,0.11,1663.41,298.03
2026-03-07,ORD-13377,CUST-1141,Tablet,Electronics,East,Online,8,55966,0.14,385046.08,84540.95
2026-03-07,ORD-13378,CUST-1047,Smartphone,Electronics,East,Distributor,8,45415,0.05,345154.0,76597.49
2026-03-07,ORD-13379,CUST-1433,Monitor,Electronics,North,Retail,7,23247,0.06,152965.26,20883.99
2026-03-07,ORD-13380,CUST-1327,Tablet,Electronics,North,Distributor,7,25335,0.06,166704.3,20316.09
2026-03-07,ORD-13381,CUST-1189,Printer,Office Equipment,South,Online,7,17835,0.02,122348.1,19620.3
2026-03-07,ORD-13382,CUST-1485,Printer,Office Equipment,East,Retail,6,13218,0.04,76135.68,11805.62
2026-03-08,ORD-13383,CUST-1297,Printer,Office Equipment,West,Online,6,29853,0.03,173744.46,20054.34
2026-03-08,ORD-13384,CUST-1103,Smartphone,Electronics,West,Retail,9,59444,0.11,476146.44,50565.0
2026-03-08,ORD-13385,CUST-1080,Smartphone,Electronics,West,Distributor,3,54034,0.02,158859.96,25531.91
2026-03-08,ORD-13386,CUST-1165,Printer,Office Equipment,East,Online,4,32410,0.09,117972.4,28113.7
2026-03-08,ORD-13387,CUST-1126,Mouse,Accessories,North,Retail,7,2646,0.05,17595.9,3648.41
2026-03-08,ORD-13388,CUST-1240,Desktop,Electronics,South,Distributor,7,87889,0.08,566005.16,73765.17
2026-03-08,ORD-13389,CUST-1114,Smartphone,Electronics,North,Online,9,25114,0.06,212464.44,29800.77
2026-03-08,ORD-13390,CUST-1014,Printer,Office Equipment,South,Online,9,29488,0.03,257430.24,40808.82
2026-03-09,ORD-13391,CUST-1353,Tablet,Electronics,South,Online,4,46063,0.02,180566.96,16254.32
2026-03-09,ORD-13392,CUST-1490,Desktop,Electronics,North,Distributor,5,75147,0.09,341918.85,74698.36
2026-03-09,ORD-13393,CUST-1067,Monitor,Electronics,North,Retail,7,33983,0.04,228365.76,26344.52
2026-03-09,ORD-13394,CUST-1226,Printer,Office Equipment,West,Online,4,27403,0.12,96458.56,20556.24
2026-03-09,ORD-13395,CUST-1324,Headphones,Accessories,South,Retail,5,3361,0.11,14956.45,3717.49
2026-03-09,ORD-13396,CUST-1306,Mouse,Accessories,North,Retail,6,2060,0.03,11989.2,2622.17
2026-03-09,ORD-13397,CUST-1134,Monitor,Electronics,North,Distributor,5,10371,0.03,50299.35,11041.32
2026-03-09,ORD-13398,CUST-1367,Desktop,Electronics,East,Distributor,3,82076,0.06,231454.32,54363.38
2026-03-10,ORD-13399,CUST-1013,Tablet,Electronics,West,Distributor,2,55659,0.06,104638.92,25974.27
2026-03-10,ORD-13400,CUST-1016,Webcam,Accessories,North,Retail,4,5079,0.05,19300.2,3512.91
2026-03-10,ORD-13401,CUST-1058,Desktop,Electronics,West,Distributor,3,62931,0.12,166137.84,29424.22
2026-03-10,ORD-13402,CUST-1115,Keyboard,Accessories,South,Retail,5,1077,0.11,4792.65,449.65
2026-03-10,ORD-13403,CUST-1246,Mouse,Accessories,South,Distributor,4,2350,0.14,8084.0,1222.9
2026-03-10,ORD-13404,CUST-1279,Mouse,Accessories,East,Online,9,811,0.04,7007.04,1543.93
2026-03-10,ORD-13405,CUST-1037,Laptop,Electronics,East,Distributor,2,106906,0.07,198845.16,23226.45
2026-03-11,ORD-13406,CUST-1335,Desktop,Electronics,North,Online,2,66244,0.0,132488.0,16971.37
2026-03-11,ORD-13407,CUST-1271,Laptop,Electronics,West,Retail,5,71174,0.13,309606.9,26802.96
2026-03-11,ORD-13408,CUST-1037,Desktop,Electronics,North,Online,7,75670,0.15,450236.5,93270.21
2026-03-11,ORD-13409,CUST-1132,Mouse,Accessories,East,Retail,3,899,0.14,2319.42,489.05
2026-03-11,ORD-13410,CUST-1101,Webcam,Accessories,North,Retail,5,4054,0.15,17229.5,1992.08
2026-03-11,ORD-13411,CUST-1302,Laptop,Electronics,North,Online,8,62604,0.07,465773.76,111630.11
2026-03-11,ORD-13412,CUST-1050,Webcam,Accessories,North,Retail,7,2462,0.01,17061.66,3648.21
2026-03-11,ORD-13413,CUST-1349,Desktop,Electronics,East,Online,4,48862,0.12,171994.24,16617.98
2026-03-12,ORD-13414,CUST-1082,Monitor,Electronics,North,Retail,5,39694,0.07,184577.1,41984.53
2026-03-12,ORD-13415,CUST-1323,Desktop,Electronics,East,Retail,2,48684,0.13,84710.16,13392.17
2026-03-12,ORD-13416,CUST-1109,Monitor,Electronics,West,Retail,8,32845,0.01,260132.4,61912.59
2026-03-12,ORD-13417,CUST-1096,Webcam,Accessories,North,Online,6,9542,0.06,53816.88,12175.08
2026-03-12,ORD-13418,CUST-1314,Webcam,Accessories,North,Distributor,2,2114,0.14,3636.08,599.53
2026-03-12,ORD-13419,CUST-1127,Printer,Office Equipment,South,Online,2,33639,0.09,61222.98,7877.29
2026-03-12,ORD-13420,CUST-1471,Headphones,Accessories,East,Online,5,1784,0.01,8830.8,1062.96
2026-03-12,ORD-13421,CUST-1338,Headphones,Accessories,South,Retail,1,7733,0.09,7037.03,1081.37
2026-03-13,ORD-13422,CUST-1085,Desktop,Electronics,East,Online,7,75905,0.04,510081.6,70670.26
2026-03-13,ORD-13423,CUST-1144,Tablet,Electronics,West,Distributor,5,19918,0.0,99590.0,18684.02
2026-03-13,ORD-13424,CUST-1141,Desktop,Electronics,East,Retail,8,78256,0.08,575964.16,115085.55
2026-03-13,ORD-13425,CUST-1113,Printer,Office Equipment,North,Online,5,24603,0.09,111943.65,27027.51
2026-03-13,ORD-13426,CUST-1339,Headphones,Accessories,West,Online,2,6582,0.06,12374.16,1721.71
2026-03-13,ORD-13427,CUST-1094,Headphones,Accessories,West,Distributor,6,9271,0.04,53400.96,5594.26
2026-03-13,ORD-13428,CUST-1334,Desktop,Electronics,East,Retail,8,50227,0.06,377707.04,38773.79
2026-03-13,ORD-13429,CUST-1011,Headphones,Accessories,North,Online,1,5243,0.06,4928.42,400.97
2026-03-14,ORD-13430,CUST-1419,Mouse,Accessories,West,Distributor,5,855,0.13,3719.25,300.76
2026-03-14,ORD-13431,CUST-1227,Printer,Office Equipment,North,Online,3,16541,0.01,49126.77,9779.85
2026-03-14,ORD-13432,CUST-1139,Laptop,Electronics,North,Retail,7,103631,0.08,667383.64,60083.92
2026-03-14,ORD-13433,CUST-1098,Monitor,Electronics,North,Online,9,14611,0.0,131499.0,19632.73
2026-03-14,ORD-13434,CUST-1092,Headphones,Accessories,South,Distributor,3,3293,0.03,9582.63,1666.19
2026-03-14,ORD-13435,CUST-1443,Monitor,Electronics,South,Distributor,5,10431,0.08,47982.6,7680.92
2026-03-14,ORD-13436,CUST-1019,Keyboard,Accessories,East,Retail,6,3234,0.0,19404.0,2452.59
2026-03-14,ORD-13437,CUST-1360,Smartphone,Electronics,North,Online,2,44907,0.06,84425.16,17973.98
2026-03-15,ORD-13438,CUST-1483,Headphones,Accessories,West,Online,1,6151,0.03,5966.47,1458.33
2026-03-15,ORD-13439,CUST-1405,Monitor,Electronics,West,Retail,9,29400,0.02,259308.0,57140.89
2026-03-15,ORD-13440,CUST-1388,Desktop,Electronics,West,Distributor,6,72071,0.08,397831.92,34595.04
2026-03-15,ORD-13441,CUST-1037,Keyboard,Accessories,North,Retail,1,1845,0.14,1586.7,131.57
2026-03-15,ORD-13442,CUST-1039,Desktop,Electronics,East,Online,5,86680,0.14,372724.0,45188.84
2026-03-15,ORD-13443,CUST-1409,Webcam,Accessories,West,Retail,2,5803,0.04,11141.76,1943.84
2026-03-15,ORD-13444,CUST-1345,Monitor,Electronics,South,Online,9,11193,0.03,97714.89,18474.48
2026-03-15,ORD-13445,CUST-1286,Printer,Office Equipment,North,Distributor,4,32772,0.05,124533.6,30738.33
2026-03-16,ORD-13446,CUST-1421,Keyboard,Accessories,West,Retail,8,1745,0.1,12564.0,1213.04
2026-03-16,ORD-13447,CUST-1165,Keyboard,Accessories,East,Retail,7,912,0.05,6064.8,827.41
2026-03-16,ORD-13448,CUST-1294,Headphones,Accessories,North,Retail,5,1341,0.08,6168.6,785.29
2026-03-16,ORD-13449,CUST-1183,Smartphone,Electronics,South,Distributor,7,89244,0.1,562237.2,110878.78
2026-03-16,ORD-13450,CUST-1024,Smartphone,Electronics,West,Retail,9,71249,0.0,641241.0,58567.87
2026-03-16,ORD-13451,CUST-1190,Printer,Office Equipment,West,Online,8,15883,0.04,121981.44,25438.6
2026-03-16,ORD-13452,CUST-1474,Desktop,Electronics,South,Retail,7,60863,0.02,417520.18,62813.27
2026-03-17,ORD-13453,CUST-1071,Webcam,Accessories,East,Online,2,6396,0.09,11640.72,2023.3
2026-03-17,ORD-13454,CUST-1315,Laptop,Electronics,South,Distributor,9,86746,0.03,757292.58,153647.56
2026-03-17,ORD-13455,CUST-1428,Smartphone,Electronics,West,Online,7,53765,0.04,361300.8,57147.47
2026-03-17,ORD-13456,CUST-1380,Headphones,Accessories,South,Retail,1,9708,0.04,9319.68,1037.39
2026-03-17,ORD-13457,CUST-1140,Monitor,Electronics,North,Retail,4,19878,0.08,73151.04,15387.67
2026-03-17,ORD-13458,CUST-1482,Monitor,Electronics,West,Distributor,5,13624,0.11,60626.8,8375.07
2026-03-17,ORD-13459,CUST-1433,Desktop,Electronics,North,Retail,6,75034,0.05,427693.8,67554.71
2026-03-17,ORD-13460,CUST-1142,Monitor,Electronics,South,Retail,8,28451,0.12,200295.04,16532.53
2026-03-18,ORD-13461,CUST-1336,Tablet,Electronics,South,Distributor,1,30673,0.15,26072.05,3029.37
2026-03-18,ORD-13462,CUST-1042,Headphones,Accessories,East,Distributor,5,6879,0.03,33363.15,3929.55
2026-03-18,ORD-13463,CUST-1010,Webcam,Accessories,South,Distributor,3,10107,0.06,28501.74,2503.46
2026-03-18,ORD-13464,CUST-1307,Printer,Office Equipment,North,Retail,7,14023,0.14,84418.46,16658.04
2026-03-18,ORD-13465,CUST-1071,Monitor,Electronics,South,Online,2,25904,0.04,49735.68,5306.08
2026-03-18,ORD-13466,CUST-1090,Mouse,Accessories,North,Retail,2,2068,0.07,3846.48,914.28
2026-03-18,ORD-13467,CUST-1439,Keyboard,Accessories,North,Retail,3,4126,0.06,11635.32,1346.04
2026-03-18,ORD-13468,CUST-1062,Keyboard,Accessories,South,Distributor,3,3707,0.11,9897.69,2425.92
2026-03-19,ORD-13469,CUST-1420,Monitor,Electronics,East,Online,9,11479,0.05,98145.45,20869.64
2026-03-19,ORD-13470,CUST-1024,Monitor,Electronics,North,Distributor,3,11477,0.06,32365.14,6283.44
2026-03-19,ORD-13471,CUST-1309,Keyboard,Accessories,West,Online,4,2533,0.06,9524.08,1127.34
2026-03-19,ORD-13472,CUST-1362,Smartphone,Electronics,East,Retail,1,15270,0.01,15117.3,1265.1
2026-03-19,ORD-13473,CUST-1366,Desktop,Electronics,East,Distributor,7,49582,0.03,336661.78,46421.3
2026-03-19,ORD-13474,CUST-1307,Tablet,Electronics,East,Online,2,48693,0.11,86673.54,12148.38
2026-03-19,ORD-13475,CUST-1176,Tablet,Electronics,South,Online,3,29870,0.0,89610.0,19263.17
2026-03-19,ORD-13476,CUST-1469,Keyboard,Accessories,North,Retail,2,3954,0.1,7117.2,1136.5
2026-03-20,ORD-13477,CUST-1125,Headphones,Accessories,West,Online,7,5745,0.07,37399.95,4822.72
2026-03-20,ORD-13478,CUST-1358,Desktop,Electronics,North,Online,5,89606,0.05,425628.5,83085.01
2026-03-20,ORD-13479,CUST-1174,Tablet,Electronics,North,Retail,8,43043,0.15,292692.4,58817.92
2026-03-20,ORD-13480,CUST-1064,Monitor,Electronics,North,Distributor,8,31237,0.13,217409.52,32845.23
2026-03-20,ORD-13481,CUST-1244,Monitor,Electronics,North,Retail,9,12835,0.12,101653.2,19330.42
2026-03-20,ORD-13482,CUST-1058,Desktop,Electronics,West,Retail,1,50215,0.02,49210.7,4516.17
2026-03-20,ORD-13483,CUST-1323,Webcam,Accessories,West,Online,8,1893,0.06,14235.36,3137.53
2026-03-20,ORD-13484,CUST-1063,Headphones,Accessories,East,Distributor,4,3219,0.02,12618.48,2476.66
2026-03-21,ORD-13485,CUST-1264,Monitor,Electronics,East,Distributor,2,38475,0.02,75411.0,16528.96
2026-03-21,ORD-13486,CUST-1042,Webcam,Accessories,East,Online,6,8284,0.03,48212.88,7938.57
2026-03-21,ORD-13487,CUST-1382,Smartphone,Electronics,South,Retail,5,40239,0.0,201195.0,17084.69
2026-03-21,ORD-13488,CUST-1447,Headphones,Accessories,South,Distributor,4,9812,0.08,36108.16,7166.44
2026-03-21,ORD-13489,CUST-1337,Desktop,Electronics,West,Retail,4,49384,0.04,189634.56,26279.28
2026-03-21,ORD-13490,CUST-1274,Smartphone,Electronics,East,Online,4,31621,0.15,107511.4,22399.37
2026-03-21,ORD-13491,CUST-1175,Tablet,Electronics,North,Retail,9,28218,0.12,223486.56,36758.73
2026-03-21,ORD-13492,CUST-1140,Keyboard,Accessories,North,Retail,9,1942,0.01,17303.22,1673.59
2026-03-22,ORD-13493,CUST-1227,Headphones,Accessories,South,Retail,3,8011,0.06,22591.02,2513.89
2026-03-22,ORD-13494,CUST-1482,Desktop,Electronics,East,Online,3,71971,0.03,209435.61,26711.52
2026-03-22,ORD-13495,CUST-1384,Keyboard,Accessories,West,Distributor,8,3793,0.1,27309.6,3642.63
2026-03-22,ORD-13496,CUST-1301,Tablet,Electronics,West,Online,7,32051,0.08,206408.44,34454.23
2026-03-22,ORD-13497,CUST-1188,Monitor,Electronics,North,Online,5,36677,0.12,161378.8,20810.84
2026-03-22,ORD-13498,CUST-1211,Mouse,Accessories,South,Distributor,7,2961,0.02,20312.46,1645.07
2026-03-22,ORD-13499,CUST-1056,Printer,Office Equipment,South,Distributor,6,20552,0.08,113447.04,15513.48
2026-03-22,ORD-13500,CUST-1364,Laptop,Electronics,West,Online,7,66564,0.11,414693.72,94918.72
2026-03-23,ORD-13501,CUST-1299,Smartphone,Electronics,South,Retail,4,56887,0.11,202517.72,37336.39
2026-03-23,ORD-13502,CUST-1223,Mouse,Accessories,East,Online,3,698,0.02,2052.12,202.63
2026-03-23,ORD-13503,CUST-1236,Monitor,Electronics,North,Retail,3,35802,0.03,104183.82,24150.49
2026-03-23,ORD-13504,CUST-1059,Headphones,Accessories,East,Distributor,8,8596,0.13,59828.16,6179.04
2026-03-23,ORD-13505,CUST-1271,Laptop,Electronics,South,Online,8,53175,0.03,412638.0,78588.6
2026-03-23,ORD-13506,CUST-1485,Mouse,Accessories,South,Online,8,2675,0.1,19260.0,4640.92
2026-03-23,ORD-13507,CUST-1357,Keyboard,Accessories,East,Retail,8,2078,0.1,14961.6,3553.37
2026-03-24,ORD-13508,CUST-1006,Desktop,Electronics,West,Online,7,71997,0.06,473740.26,96677.81
2026-03-24,ORD-13509,CUST-1413,Printer,Office Equipment,West,Online,4,29984,0.02,117537.28,26644.73
2026-03-24,ORD-13510,CUST-1422,Laptop,Electronics,South,Online,2,58829,0.15,100009.3,23017.91
2026-03-24,ORD-13511,CUST-1198,Laptop,Electronics,East,Distributor,9,88296,0.08,731090.88,91848.19
2026-03-24,ORD-13512,CUST-1295,Keyboard,Accessories,West,Online,4,2540,0.06,9550.4,1496.84
2026-03-24,ORD-13513,CUST-1378,Webcam,Accessories,North,Distributor,3,10351,0.09,28258.23,4656.68
2026-03-24,ORD-13514,CUST-1129,Keyboard,Accessories,East,Retail,7,871,0.13,5304.39,1001.57
2026-03-24,ORD-13515,CUST-1214,Smartphone,Electronics,East,Distributor,3,18149,0.08,50091.24,7162.05
2026-03-25,ORD-13516,CUST-1390,Laptop,Electronics,North,Distributor,2,74614,0.02,146243.44,27154.1
2026-03-25,ORD-13517,CUST-1447,Keyboard,Accessories,North,Online,6,1208,0.12,6378.24,1561.08
2026-03-25,ORD-13518,CUST-1402,Desktop,Electronics,North,Distributor,6,59121,0.06,333442.44,53611.84
2026-03-25,ORD-13519,CUST-1387,Laptop,Electronics,North,Retail,4,118671,0.11,422468.76,75243.0
2026-03-25,ORD-13520,CUST-1032,Mouse,Accessories,East,Retail,2,650,0.04,1248.0,157.53
2026-03-25,ORD-13521,CUST-1169,Printer,Office Equipment,South,Distributor,9,19138,0.01,170519.58,19832.8
2026-03-25,ORD-13522,CUST-1234,Desktop,Electronics,East,Retail,5,73754,0.1,331893.0,53482.24
2026-03-25,ORD-13523,CUST-1052,Webcam,Accessories,West,Distributor,1,4729,0.01,4681.71,883.24
2026-03-26,ORD-13524,CUST-1417,Headphones,Accessories,West,Distributor,7,5617,0.07,36566.67,5953.05
2026-03-26,ORD-13525,CUST-1079,Mouse,Accessories,West,Distributor,1,773,0.14,664.78,121.92
2026-03-26,ORD-13526,CUST-1360,Desktop,Electronics,South,Retail,7,79735,0.08,513493.4,89855.32
2026-03-26,ORD-13527,CUST-1199,Desktop,Electronics,West,Distributor,7,46121,0.02,316390.06,53062.62
2026-03-26,ORD-13528,CUST-1425,Printer,Office Equipment,West,Retail,2,10791,0.09,19639.62,3140.45
2026-03-26,ORD-13529,CUST-1033,Headphones,Accessories,West,Online,9,4308,0.1,34894.8,3739.72
2026-03-26,ORD-13530,CUST-1191,Headphones,Accessories,South,Retail,1,6453,0.15,5485.05,938.89
2026-03-26,ORD-13531,CUST-1225,Headphones,Accessories,South,Distributor,9,2097,0.09,17174.43,2606.0
2026-03-27,ORD-13532,CUST-1296,Headphones,Accessories,South,Retail,4,6975,0.14,23994.0,5947.06
2026-03-27,ORD-13533,CUST-1463,Monitor,Electronics,West,Retail,7,23113,0.1,145611.9,13982.37
2026-03-27,ORD-13534,CUST-1137,Webcam,Accessories,West,Retail,1,2590,0.1,2331.0,400.24
2026-03-27,ORD-13535,CUST-1447,Webcam,Accessories,South,Online,8,11408,0.13,79399.68,6410.02
2026-03-27,ORD-13536,CUST-1236,Monitor,Electronics,South,Retail,9,21172,0.03,184831.56,43095.61
2026-03-27,ORD-13537,CUST-1130,Printer,Office Equipment,East,Online,7,27415,0.08,176552.6,33553.7
2026-03-27,ORD-13538,CUST-1189,Headphones,Accessories,East,Retail,1,3696,0.05,3511.2,803.06
2026-03-27,ORD-13539,CUST-1097,Desktop,Electronics,North,Distributor,4,40289,0.12,141817.28,22607.05
2026-03-28,ORD-13540,CUST-1327,Smartphone,Electronics,West,Online,8,31392,0.13,218488.32,48767.23
2026-03-28,ORD-13541,CUST-1470,Webcam,Accessories,North,Online,3,9426,0.12,24884.64,3975.43
2026-03-28,ORD-13542,CUST-1246,Webcam,Accessories,West,Online,5,3797,0.05,18035.75,3568.55
2026-03-28,ORD-13543,CUST-1037,Laptop,Electronics,North,Online,1,51129,0.07,47549.97,4474.48
2026-03-28,ORD-13544,CUST-1110,Mouse,Accessories,North,Retail,3,1192,0.04,3432.96,444.04
2026-03-28,ORD-13545,CUST-1475,Tablet,Electronics,West,Online,8,45779,0.01,362569.68,67161.47
2026-03-28,ORD-13546,CUST-1222,Smartphone,Electronics,East,Retail,8,29199,0.06,219576.48,44060.66
2026-03-28,ORD-13547,CUST-1370,Printer,Office Equipment,West,Distributor,8,21327,0.04,163791.36,30012.06
2026-03-29,ORD-13548,CUST-1314,Keyboard,Accessories,East,Online,4,3155,0.12,11105.6,918.8
2026-03-29,ORD-13549,CUST-1364,Monitor,Electronics,East,Online,5,14535,0.15,61773.75,8931.03
2026-03-29,ORD-13550,CUST-1038,Tablet,Electronics,East,Online,4,26947,0.02,105632.24,10035.21
2026-03-29,ORD-13551,CUST-1244,Smartphone,Electronics,South,Retail,1,75116,0.0,75116.0,14862.26
2026-03-29,ORD-13552,CUST-1058,Laptop,Electronics,North,Retail,2,93853,0.07,174566.58,32974.19
2026-03-29,ORD-13553,CUST-1465,Laptop,Electronics,South,Retail,2,55748,0.01,110381.04,22131.69
2026-03-29,ORD-13554,CUST-1286,Laptop,Electronics,South,Distributor,1,116049,0.0,116049.0,17201.41
2026-03-29,ORD-13555,CUST-1470,Mouse,Accessories,South,Online,8,1777,0.09,12936.56,2933.98
2026-03-30,ORD-13556,CUST-1251,Headphones,Accessories,North,Distributor,5,9316,0.08,42853.6,4936.42
2026-03-30,ORD-13557,CUST-1046,Monitor,Electronics,East,Retail,2,19295,0.09,35116.9,5627.09
2026-03-30,ORD-13558,CUST-1145,Keyboard,Accessories,South,Online,9,4184,0.15,32007.6,4668.23
2026-03-30,ORD-13559,CUST-1354,Laptop,Electronics,South,Distributor,4,62008,0.14,213307.52,51503.2
2026-03-30,ORD-13560,CUST-1158,Printer,Office Equipment,West,Distributor,7,19955,0.02,136891.3,23016.37
2026-03-30,ORD-13561,CUST-1065,Headphones,Accessories,East,Online,5,3727,0.15,15839.75,2608.33
2026-03-30,ORD-13562,CUST-1025,Laptop,Electronics,North,Retail,1,68513,0.0,68513.0,10036.53
2026-03-31,ORD-13563,CUST-1392,Printer,Office Equipment,East,Retail,1,18473,0.01,18288.27,1537.95
2026-03-31,ORD-13564,CUST-1333,Keyboard,Accessories,South,Distributor,3,4859,0.13,12681.99,1878.32
2026-03-31,ORD-13565,CUST-1335,Laptop,Electronics,South,Retail,4,80732,0.05,306781.6,46488.9
2026-03-31,ORD-13566,CUST-1369,Smartphone,Electronics,North,Distributor,4,16686,0.01,66076.56,5940.03
2026-03-31,ORD-13567,CUST-1058,Laptop,Electronics,North,Retail,9,80775,0.01,719705.25,111822.36
2026-03-31,ORD-13568,CUST-1118,Webcam,Accessories,East,Distributor,1,4342,0.08,3994.64,986.71
2026-03-31,ORD-13569,CUST-1387,Mouse,Accessories,South,Distributor,2,1772,0.08,3260.48,783.71
2026-03-31,ORD-13570,CUST-1324,Laptop,Electronics,West,Retail,4,56470,0.14,194256.8,38864.4
2026-04-01,ORD-13571,CUST-1273,Printer,Office Equipment,North,Distributor,2,15944,0.12,28061.44,4124.03
2026-04-01,ORD-13572,CUST-1034,Desktop,Electronics,East,Distributor,3,48985,0.1,132259.5,20228.45
2026-04-01,ORD-13573,CUST-1446,Mouse,Accessories,East,Distributor,8,1450,0.12,10208.0,2286.15
2026-04-01,ORD-13574,CUST-1280,Keyboard,Accessories,South,Distributor,2,1523,0.01,3015.54,420.08
2026-04-01,ORD-13575,CUST-1229,Keyboard,Accessories,East,Online,1,4344,0.07,4039.92,462.48
2026-04-01,ORD-13576,CUST-1071,Desktop,Electronics,West,Distributor,9,78307,0.15,599048.55,123996.66
2026-04-01,ORD-13577,CUST-1014,Keyboard,Accessories,North,Retail,8,4143,0.11,29498.16,4144.97
2026-04-01,ORD-13578,CUST-1253,Tablet,Electronics,West,Retail,7,46387,0.1,292238.1,28262.32
2026-04-02,ORD-13579,CUST-1474,Monitor,Electronics,South,Retail,9,27782,0.12,220033.44,25710.13
2026-04-02,ORD-13580,CUST-1203,Webcam,Accessories,South,Retail,9,7357,0.0,66213.0,13499.55
2026-04-02,ORD-13581,CUST-1222,Printer,Office Equipment,West,Distributor,3,27402,0.02,80561.88,12267.11
2026-04-02,ORD-13582,CUST-1329,Webcam,Accessories,West,Online,1,10836,0.1,9752.4,1103.01
2026-04-02,ORD-13583,CUST-1308,Printer,Office Equipment,North,Retail,6,13538,0.03,78791.16,18583.06
2026-04-02,ORD-13584,CUST-1165,Mouse,Accessories,East,Distributor,4,1702,0.08,6263.36,614.12
2026-04-02,ORD-13585,CUST-1308,Tablet,Electronics,West,Retail,8,45464,0.02,356437.76,48069.81
2026-04-02,ORD-13586,CUST-1189,Mouse,Accessories,North,Retail,1,2648,0.13,2303.76,541.53
2026-04-03,ORD-13587,CUST-1456,Laptop,Electronics,West,Retail,2,88129,0.02,172732.84,26763.03
2026-04-03,ORD-13588,CUST-1421,Tablet,Electronics,South,Distributor,9,53188,0.03,464331.24,42669.75
2026-04-03,ORD-13589,CUST-1225,Headphones,Accessories,North,Distributor,7,6749,0.12,41573.84,7102.69
2026-04-03,ORD-13590,CUST-1333,Desktop,Electronics,East,Online,5,74444,0.06,349886.8,31326.77
2026-04-03,ORD-13591,CUST-1092,Laptop,Electronics,West,Distributor,3,84326,0.04,242858.88,48494.31
2026-04-03,ORD-13592,CUST-1119,Tablet,Electronics,North,Online,6,56907,0.07,317541.06,28091.02
2026-04-03,ORD-13593,CUST-1076,Smartphone,Electronics,East,Distributor,4,17361,0.02,68055.12,13902.62
2026-04-03,ORD-13594,CUST-1252,Laptop,Electronics,East,Online,2,116476,0.06,218974.88,40805.07
2026-04-04,ORD-13595,CUST-1076,Smartphone,Electronics,South,Online,1,67625,0.1,60862.5,11084.49
2026-04-04,ORD-13596,CUST-1324,Keyboard,Accessories,North,Retail,4,4142,0.09,15076.88,3310.02
2026-04-04,ORD-13597,CUST-1100,Monitor,Electronics,North,Online,1,10446,0.12,9192.48,1514.38
2026-04-04,ORD-13598,CUST-1132,Mouse,Accessories,West,Retail,3,1976,0.1,5335.2,810.9
2026-04-04,ORD-13599,CUST-1167,Keyboard,Accessories,West,Distributor,8,3161,0.15,21494.8,4267.55
2026-04-04,ORD-13600,CUST-1305,Desktop,Electronics,East,Retail,5,59993,0.06,281967.1,54354.43
2026-04-04,ORD-13601,CUST-1252,Tablet,Electronics,South,Retail,5,18257,0.11,81243.65,13995.64
2026-04-04,ORD-13602,CUST-1033,Mouse,Accessories,East,Retail,5,1926,0.03,9341.1,1271.81
2026-04-05,ORD-13603,CUST-1474,Printer,Office Equipment,South,Distributor,9,25578,0.1,207181.8,31326.22
2026-04-05,ORD-13604,CUST-1438,Mouse,Accessories,South,Distributor,9,1212,0.12,9599.04,1684.3
2026-04-05,ORD-13605,CUST-1426,Headphones,Accessories,West,Online,9,8028,0.09,65749.32,14812.99
2026-04-05,ORD-13606,CUST-1015,Printer,Office Equipment,West,Retail,7,17821,0.08,114767.24,13870.47
2026-04-05,ORD-13607,CUST-1311,Headphones,Accessories,East,Online,9,8716,0.0,78444.0,13048.51
2026-04-05,ORD-13608,CUST-1336,Monitor,Electronics,East,Retail,7,35278,0.12,217312.48,38104.65
2026-04-05,ORD-13609,CUST-1012,Keyboard,Accessories,East,Retail,7,3562,0.13,21692.58,1852.21
2026-04-06,ORD-13610,CUST-1205,Laptop,Electronics,West,Online,6,54178,0.09,295811.88,50418.76
2026-04-06,ORD-13611,CUST-1388,Laptop,Electronics,South,Distributor,1,110015,0.03,106714.55,11661.4
2026-04-06,ORD-13612,CUST-1464,Laptop,Electronics,South,Distributor,8,108567,0.03,842479.92,173139.47
2026-04-06,ORD-13613,CUST-1002,Headphones,Accessories,South,Distributor,5,6658,0.1,29961.0,7334.87
2026-04-06,ORD-13614,CUST-1179,Laptop,Electronics,North,Retail,2,105274,0.02,206337.04,36118.49
2026-04-06,ORD-13615,CUST-1336,Laptop,Electronics,South,Distributor,3,50637,0.04,145834.56,20182.69
2026-04-06,ORD-13616,CUST-1071,Desktop,Electronics,West,Distributor,5,53744,0.05,255284.0,58817.97
2026-04-06,ORD-13617,CUST-1426,Mouse,Accessories,East,Online,4,1316,0.11,4684.96,868.94
2026-04-07,ORD-13618,CUST-1294,Desktop,Electronics,North,Retail,2,47318,0.02,92743.28,17775.13
2026-04-07,ORD-13619,CUST-1135,Monitor,Electronics,South,Distributor,7,21729,0.03,147539.91,23358.85
2026-04-07,ORD-13620,CUST-1354,Printer,Office Equipment,North,Distributor,7,14002,0.12,86252.32,11943.43
2026-04-07,ORD-13621,CUST-1346,Headphones,Accessories,East,Retail,8,4660,0.08,34297.6,5974.0
2026-04-07,ORD-13622,CUST-1020,Mouse,Accessories,North,Distributor,6,728,0.04,4193.28,874.81
2026-04-07,ORD-13623,CUST-1472,Keyboard,Accessories,East,Retail,6,1568,0.01,9313.92,1798.94
2026-04-07,ORD-13624,CUST-1472,Headphones,Accessories,West,Online,6,4603,0.1,24856.2,4940.2
2026-04-07,ORD-13625,CUST-1102,Tablet,Electronics,South,Retail,3,50639,0.13,132167.79,19914.33
2026-04-08,ORD-13626,CUST-1044,Mouse,Accessories,East,Retail,7,791,0.15,4706.45,488.85
2026-04-08,ORD-13627,CUST-1051,Headphones,Accessories,South,Retail,7,3732,0.11,23250.36,2877.13
2026-04-08,ORD-13628,CUST-1401,Laptop,Electronics,West,Retail,9,83756,0.08,693499.68,115743.63
2026-04-08,ORD-13629,CUST-1292,Monitor,Electronics,South,Online,1,29305,0.09,26667.55,2401.84
2026-04-08,ORD-13630,CUST-1472,Smartphone,Electronics,East,Online,7,46522,0.0,325654.0,72781.72
2026-04-08,ORD-13631,CUST-1168,Printer,Office Equipment,South,Online,8,9943,0.05,75566.8,6462.67
2026-04-08,ORD-13632,CUST-1088,Printer,Office Equipment,South,Retail,8,15456,0.1,111283.2,10793.68
2026-04-08,ORD-13633,CUST-1479,Keyboard,Accessories,North,Distributor,9,1115,0.05,9533.25,1320.42
2026-04-09,ORD-13634,CUST-1124,Mouse,Accessories,West,Retail,3,634,0.02,1863.96,341.71
2026-04-09,ORD-13635,CUST-1121,Headphones,Accessories,North,Online,1,3371,0.08,3101.32,662.21
2026-04-09,ORD-13636,CUST-1193,Mouse,Accessories,West,Online,3,2330,0.05,6640.5,950.15
2026-04-09,ORD-13637,CUST-1012,Smartphone,Electronics,East,Distributor,2,29444,0.11,52410.32,6801.64
2026-04-09,ORD-13638,CUST-1331,Mouse,Accessories,East,Online,4,748,0.08,2752.64,551.17
2026-04-09,ORD-13639,CUST-1019,Printer,Office Equipment,South,Distributor,6,15373,0.14,79324.68,7486.23
2026-04-09,ORD-13640,CUST-1164,Smartphone,Electronics,North,Retail,8,78392,0.02,614593.28,116298.17
2026-04-09,ORD-13641,CUST-1199,Monitor,Electronics,East,Online,2,32057,0.14,55138.04,10081.58
2026-04-10,ORD-13642,CUST-1072,Tablet,Electronics,North,Distributor,4,25598,0.08,94200.64,21017.58
2026-04-10,ORD-13643,CUST-1080,Laptop,Electronics,North,Distributor,9,114116,0.03,996232.68,184456.5
2026-04-10,ORD-13644,CUST-1164,Webcam,Accessories,West,Online,4,8005,0.09,29138.2,2705.12
2026-04-10,ORD-13645,CUST-1070,Tablet,Electronics,West,Retail,7,46722,0.02,320512.92,27107.01
2026-04-10,ORD-13646,CUST-1316,Laptop,Electronics,North,Retail,8,88275,0.05,670890.0,121515.4
2026-04-10,ORD-13647,CUST-1414,Keyboard,Accessories,South,Online,1,2883,0.04,2767.68,245.47
2026-04-10,ORD-13648,CUST-1253,Monitor,Electronics,North,Online,7,34327,0.12,211454.32,25688.76
2026-04-10,ORD-13649,CUST-1204,Mouse,Accessories,West,Retail,6,626,0.03,3643.32,487.31
2026-04-11,ORD-13650,CUST-1368,Laptop,Electronics,South,Retail,4,56229,0.04,215919.36,39465.69
2026-04-11,ORD-13651,CUST-1274,Printer,Office Equipment,South,Online,8,30263,0.05,229998.8,42854.24
2026-04-11,ORD-13652,CUST-1124,Printer,Office Equipment,South,Retail,9,24547,0.01,218713.77,20304.92
2026-04-11,ORD-13653,CUST-1124,Monitor,Electronics,South,Retail,2,11588,0.13,20163.12,2687.89
2026-04-11,ORD-13654,CUST-1001,Printer,Office Equipment,North,Online,1,11294,0.08,10390.48,1113.3
2026-04-11,ORD-13655,CUST-1016,Webcam,Accessories,South,Distributor,9,4269,0.05,36499.95,4384.66
2026-04-11,ORD-13656,CUST-1210,Desktop,Electronics,South,Retail,7,74273,0.02,509512.78,108299.48
2026-04-11,ORD-13657,CUST-1125,Laptop,Electronics,West,Distributor,4,61266,0.1,220557.6,43943.97
2026-04-12,ORD-13658,CUST-1248,Laptop,Electronics,West,Retail,8,116883,0.09,850908.24,112374.02
2026-04-12,ORD-13659,CUST-1131,Monitor,Electronics,North,Online,1,11400,0.0,11400.0,1162.78
2026-04-12,ORD-13660,CUST-1287,Tablet,Electronics,East,Online,1,44933,0.02,44034.34,5330.16
2026-04-12,ORD-13661,CUST-1270,Webcam,Accessories,East,Online,6,3207,0.03,18664.74,2948.88
2026-04-12,ORD-13662,CUST-1185,Desktop,Electronics,East,Retail,2,80777,0.04,155091.84,29349.42
2026-04-12,ORD-13663,CUST-1199,Printer,Office Equipment,North,Distributor,8,12645,0.09,92055.6,12749.69
2026-04-12,ORD-13664,CUST-1228,Monitor,Electronics,North,Distributor,8,24017,0.07,178686.48,21473.76
2026-04-13,ORD-13665,CUST-1123,Webcam,Accessories,East,Retail,9,8303,0.11,66507.03,14890.77
2026-04-13,ORD-13666,CUST-1472,Desktop,Electronics,West,Distributor,3,88639,0.06,249961.98,55231.8
2026-04-13,ORD-13667,CUST-1050,Keyboard,Accessories,South,Distributor,1,3849,0.05,3656.55,421.49
2026-04-13,ORD-13668,CUST-1373,Webcam,Accessories,South,Online,8,6193,0.12,43598.72,3832.83
2026-04-13,ORD-13669,CUST-1453,Mouse,Accessories,West,Online,7,681,0.05,4528.65,968.53
2026-04-13,ORD-13670,CUST-1487,Tablet,Electronics,North,Online,7,28421,0.11,177062.83,14190.57
2026-04-13,ORD-13671,CUST-1343,Tablet,Electronics,North,Retail,7,21341,0.1,134448.3,14735.49
2026-04-13,ORD-13672,CUST-1272,Monitor,Electronics,West,Online,5,26756,0.03,129766.6,23638.82
2026-04-14,ORD-13673,CUST-1160,Printer,Office Equipment,West,Distributor,5,23702,0.0,118510.0,14522.55
2026-04-14,ORD-13674,CUST-1011,Smartphone,Electronics,South,Retail,7,92746,0.08,597284.24,96829.43
2026-04-14,ORD-13675,CUST-1112,Webcam,Accessories,West,Distributor,9,5290,0.0,47610.0,6061.31
2026-04-14,ORD-13676,CUST-1040,Smartphone,Electronics,East,Distributor,4,67633,0.11,240773.48,47508.51
2026-04-14,ORD-13677,CUST-1304,Monitor,Electronics,North,Distributor,3,35541,0.14,91695.78,22734.26
2026-04-14,ORD-13678,CUST-1143,Monitor,Electronics,North,Online,8,11889,0.06,89405.28,16246.08
2026-04-14,ORD-13679,CUST-1296,Mouse,Accessories,North,Online,1,1944,0.11,1730.16,340.06
2026-04-14,ORD-13680,CUST-1245,Webcam,Accessories,North,Distributor,8,4290,0.02,33633.6,3587.67
2026-04-15,ORD-13681,CUST-1298,Keyboard,Accessories,West,Distributor,1,1516,0.08,1394.72,217.41
2026-04-15,ORD-13682,CUST-1373,Laptop,Electronics,East,Distributor,8,93865,0.1,675828.0,114478.13
2026-04-15,ORD-13683,CUST-1029,Tablet,Electronics,East,Online,5,53118,0.09,241686.9,44984.69
2026-04-15,ORD-13684,CUST-1437,Monitor,Electronics,West,Retail,2,26067,0.02,51091.32,6511.95
2026-04-15,ORD-13685,CUST-1273,Printer,Office Equipment,North,Online,6,24933,0.11,133142.22,23165.63
2026-04-15,ORD-13686,CUST-1437,Printer,Office Equipment,East,Retail,2,24138,0.03,46827.72,10121.07
2026-04-15,ORD-13687,CUST-1305,Keyboard,Accessories,West,Retail,2,4141,0.03,8033.54,771.22
2026-04-15,ORD-13688,CUST-1052,Headphones,Accessories,West,Distributor,8,3916,0.11,27881.92,5801.11
2026-04-16,ORD-13689,CUST-1036,Mouse,Accessories,North,Distributor,7,1292,0.07,8410.92,1474.38
2026-04-16,ORD-13690,CUST-1085,Keyboard,Accessories,North,Online,9,1238,0.06,10473.48,2579.25
2026-04-16,ORD-13691,CUST-1178,Keyboard,Accessories,South,Distributor,1,4892,0.01,4843.08,1203.45
2026-04-16,ORD-13692,CUST-1099,Monitor,Electronics,West,Online,2,22747,0.03,44129.18,10909.79
2026-04-16,ORD-13693,CUST-1137,Keyboard,Accessories,North,Online,2,4651,0.09,8464.82,1435.38
2026-04-16,ORD-13694,CUST-1182,Mouse,Accessories,East,Retail,1,1393,0.07,1295.49,139.61
2026-04-16,ORD-13695,CUST-1462,Webcam,Accessories,South,Distributor,6,9749,0.03,56739.18,11241.37
2026-04-16,ORD-13696,CUST-1375,Smartphone,Electronics,South,Distributor,9,31208,0.02,275254.56,61823.26
2026-04-17,ORD-13697,CUST-1175,Monitor,Electronics,North,Retail,3,39844,0.05,113555.4,27637.41
2026-04-17,ORD-13698,CUST-1285,Mouse,Accessories,North,Distributor,2,2858,0.11,5087.24,566.33
2026-04-17,ORD-13699,CUST-1054,Mouse,Accessories,South,Distributor,8,2124,0.13,14783.04,3456.02
2026-04-17,ORD-13700,CUST-1119,Keyboard,Accessories,East,Retail,7,1105,0.02,7580.3,1304.87
2026-04-17,ORD-13701,CUST-1162,Mouse,Accessories,South,Online,2,1251,0.11,2226.78,388.19
2026-04-17,ORD-13702,CUST-1004,Headphones,Accessories,West,Distributor,7,4565,0.12,28120.4,5132.77
2026-04-17,ORD-13703,CUST-1318,Printer,Office Equipment,North,Distributor,9,29675,0.11,237696.75,50339.16
2026-04-17,ORD-13704,CUST-1275,Smartphone,Electronics,West,Online,7,55088,0.05,366335.2,78397.27
2026-04-18,ORD-13705,CUST-1443,Mouse,Accessories,South,Distributor,1,2703,0.15,2297.55,422.56
2026-04-18,ORD-13706,CUST-1168,Desktop,Electronics,North,Retail,8,71683,0.1,516117.6,119556.58
2026-04-18,ORD-13707,CUST-1493,Printer,Office Equipment,West,Online,9,10109,0.01,90071.19,10362.99
2026-04-18,ORD-13708,CUST-1245,Printer,Office Equipment,South,Distributor,8,8943,0.07,66535.92,6862.15
2026-04-18,ORD-13709,CUST-1330,Mouse,Accessories,South,Distributor,1,1138,0.05,1081.1,206.03
2026-04-18,ORD-13710,CUST-1369,Mouse,Accessories,South,Online,2,2926,0.08,5383.84,1155.51
2026-04-18,ORD-13711,CUST-1157,Printer,Office Equipment,North,Online,4,14056,0.11,50039.36,7694.03
2026-04-19,ORD-13712,CUST-1389,Webcam,Accessories,East,Online,2,6579,0.04,12631.68,1371.72
2026-04-19,ORD-13713,CUST-1188,Laptop,Electronics,North,Distributor,3,86636,0.04,249511.68,55454.79
2026-04-19,ORD-13714,CUST-1480,Smartphone,Electronics,North,Online,5,72569,0.06,341074.3,67963.76
2026-04-19,ORD-13715,CUST-1140,Webcam,Accessories,North,Distributor,7,2567,0.15,15273.65,2303.42
2026-04-19,ORD-13716,CUST-1317,Smartphone,Electronics,North,Online,5,28506,0.05,135403.5,18924.54
2026-04-19,ORD-13717,CUST-1153,Tablet,Electronics,East,Online,1,35966,0.05,34167.7,6429.3
2026-04-19,ORD-13718,CUST-1440,Smartphone,Electronics,North,Distributor,1,81659,0.14,70226.74,7756.13
2026-04-19,ORD-13719,CUST-1315,Desktop,Electronics,East,Online,1,82139,0.03,79674.83,11566.1
2026-04-20,ORD-13720,CUST-1245,Smartphone,Electronics,West,Distributor,3,19618,0.1,52968.6,5808.8
2026-04-20,ORD-13721,CUST-1307,Printer,Office Equipment,South,Online,7,27106,0.1,170767.8,42662.28
2026-04-20,ORD-13722,CUST-1291,Smartphone,Electronics,East,Online,6,45635,0.03,265595.7,38573.25
2026-04-20,ORD-13723,CUST-1427,Desktop,Electronics,South,Retail,9,89446,0.03,780863.58,152313.09
2026-04-20,ORD-13724,CUST-1001,Monitor,Electronics,West,Retail,5,31420,0.09,142961.0,15053.13
2026-04-20,ORD-13725,CUST-1103,Monitor,Electronics,East,Distributor,9,34401,0.03,300320.73,44963.71
2026-04-20,ORD-13726,CUST-1106,Webcam,Accessories,West,Retail,9,11404,0.03,99556.92,11994.83
2026-04-20,ORD-13727,CUST-1374,Desktop,Electronics,North,Distributor,9,64985,0.07,543924.45,100131.05
2026-04-21,ORD-13728,CUST-1372,Printer,Office Equipment,South,Retail,6,34605,0.04,199324.8,25578.83
2026-04-21,ORD-13729,CUST-1137,Smartphone,Electronics,South,Retail,3,87677,0.05,249879.45,20874.93
2026-04-21,ORD-13730,CUST-1324,Laptop,Electronics,East,Distributor,6,71376,0.15,364017.6,81880.67
2026-04-21,ORD-13731,CUST-1218,Mouse,Accessories,West,Retail,8,2986,0.13,20782.56,2541.41
2026-04-21,ORD-13732,CUST-1240,Headphones,Accessories,West,Retail,4,6287,0.09,22884.68,5096.79
2026-04-21,ORD-13733,CUST-1103,Laptop,Electronics,North,Online,5,110018,0.02,539088.2,93481.21
2026-04-21,ORD-13734,CUST-1233,Smartphone,Electronics,South,Retail,6,50909,0.02,299344.92,49832.54
2026-04-21,ORD-13735,CUST-1230,Mouse,Accessories,East,Retail,7,1945,0.08,12525.8,1925.45
2026-04-22,ORD-13736,CUST-1328,Laptop,Electronics,North,Retail,7,63958,0.07,416366.58,93711.6
2026-04-22,ORD-13737,CUST-1464,Smartphone,Electronics,North,Online,1,26141,0.13,22742.67,4221.23
2026-04-22,ORD-13738,CUST-1366,Laptop,Electronics,West,Online,4,118629,0.04,455535.36,110120.04
2026-04-22,ORD-13739,CUST-1372,Headphones,Accessories,East,Online,7,8871,0.12,54645.36,8262.45
2026-04-22,ORD-13740,CUST-1010,Headphones,Accessories,North,Retail,2,9893,0.11,17609.54,2673.2
2026-04-22,ORD-13741,CUST-1092,Tablet,Electronics,South,Retail,5,32089,0.08,147609.4,29956.56
2026-04-22,ORD-13742,CUST-1452,Keyboard,Accessories,East,Retail,6,4363,0.09,23821.98,3232.72
2026-04-22,ORD-13743,CUST-1404,Laptop,Electronics,South,Retail,6,103603,0.06,584320.92,117015.88
2026-04-23,ORD-13744,CUST-1461,Headphones,Accessories,East,Online,5,1746,0.02,8555.4,1719.88
2026-04-23,ORD-13745,CUST-1300,Webcam,Accessories,South,Retail,7,2681,0.07,17453.31,3482.13
2026-04-23,ORD-13746,CUST-1169,Tablet,Electronics,North,Distributor,2,34704,0.14,59690.88,13344.63
2026-04-23,ORD-13747,CUST-1219,Keyboard,Accessories,South,Retail,9,3451,0.13,27021.33,6750.7
2026-04-23,ORD-13748,CUST-1127,Mouse,Accessories,East,Distributor,9,692,0.09,5667.48,1186.21
2026-04-23,ORD-13749,CUST-1262,Keyboard,Accessories,East,Online,7,1224,0.1,7711.2,873.65
2026-04-23,ORD-13750,CUST-1072,Laptop,Electronics,West,Distributor,2,52848,0.12,93012.48,20883.73
2026-04-23,ORD-13751,CUST-1312,Smartphone,Electronics,South,Online,7,93785,0.05,623670.25,152401.6
2026-04-24,ORD-13752,CUST-1362,Mouse,Accessories,West,Retail,9,1910,0.02,16846.2,3834.17
2026-04-24,ORD-13753,CUST-1110,Headphones,Accessories,West,Retail,9,7161,0.11,57359.61,5064.36
2026-04-24,ORD-13754,CUST-1110,Printer,Office Equipment,East,Retail,3,9691,0.14,25002.78,5176.85
2026-04-24,ORD-13755,CUST-1399,Mouse,Accessories,West,Distributor,4,2975,0.09,10829.0,1608.15
2026-04-24,ORD-13756,CUST-1077,Keyboard,Accessories,South,Online,4,1659,0.08,6105.12,1188.21
2026-04-24,ORD-13757,CUST-1380,Headphones,Accessories,North,Retail,8,7908,0.01,62631.36,12613.39
2026-04-24,ORD-13758,CUST-1236,Keyboard,Accessories,West,Retail,2,4457,0.05,8468.3,1924.72
2026-04-24,ORD-13759,CUST-1200,Monitor,Electronics,West,Distributor,7,39169,0.02,268699.34,32687.41
2026-04-25,ORD-13760,CUST-1468,Headphones,Accessories,West,Retail,1,9346,0.09,8504.86,1995.35
2026-04-25,ORD-13761,CUST-1332,Mouse,Accessories,South,Retail,8,1933,0.09,14072.24,2762.43
2026-04-25,ORD-13762,CUST-1228,Webcam,Accessories,West,Retail,6,3766,0.09,20562.36,4610.8
2026-04-25,ORD-13763,CUST-1243,Laptop,Electronics,East,Online,4,112416,0.06,422684.16,63986.59
2026-04-25,ORD-13764,CUST-1239,Mouse,Accessories,East,Online,3,492,0.14,1269.36,205.13
2026-04-25,ORD-13765,CUST-1162,Mouse,Accessories,West,Online,8,1836,0.03,14247.36,1353.58
2026-04-25,ORD-13766,CUST-1023,Keyboard,Accessories,East,Distributor,1,1276,0.12,1122.88,212.64
2026-04-26,ORD-13767,CUST-1076,Laptop,Electronics,South,Distributor,7,98837,0.06,650347.46,132290.64
2026-04-26,ORD-13768,CUST-1409,Mouse,Accessories,East,Distributor,5,1806,0.04,8668.8,2142.43
2026-04-26,ORD-13769,CUST-1102,Printer,Office Equipment,South,Retail,6,16060,0.05,91542.0,10129.11
2026-04-26,ORD-13770,CUST-1390,Printer,Office Equipment,North,Online,1,28686,0.1,25817.4,6083.27
2026-04-26,ORD-13771,CUST-1040,Mouse,Accessories,North,Online,8,518,0.13,3605.28,638.15
2026-04-26,ORD-13772,CUST-1307,Keyboard,Accessories,West,Retail,5,3762,0.12,16552.8,1543.14
2026-04-26,ORD-13773,CUST-1257,Desktop,Electronics,South,Distributor,2,75888,0.02,148740.48,34321.03
2026-04-26,ORD-13774,CUST-1156,Tablet,Electronics,West,Retail,5,41331,0.06,194255.7,25842.42
2026-04-27,ORD-13775,CUST-1261,Printer,Office Equipment,West,Distributor,2,24735,0.1,44523.0,8465.81
2026-04-27,ORD-13776,CUST-1343,Laptop,Electronics,West,Distributor,5,110497,0.11,491711.65,73743.71
2026-04-27,ORD-13777,CUST-1206,Monitor,Electronics,East,Distributor,1,34260,0.06,32204.4,3305.41
2026-04-27,ORD-13778,CUST-1141,Smartphone,Electronics,South,Distributor,6,17198,0.08,94932.96,17581.59
2026-04-27,ORD-13779,CUST-1095,Keyboard,Accessories,West,Retail,4,829,0.11,2951.24,524.21
2026-04-27,ORD-13780,CUST-1123,Mouse,Accessories,West,Online,1,1692,0.04,1624.32,262.82
2026-04-27,ORD-13781,CUST-1448,Monitor,Electronics,North,Distributor,2,18302,0.01,36237.96,3313.22
2026-04-27,ORD-13782,CUST-1444,Printer,Office Equipment,South,Online,7,9056,0.05,60222.4,7966.21
2026-04-28,ORD-13783,CUST-1173,Webcam,Accessories,South,Retail,2,5650,0.07,10509.0,2163.91
2026-04-28,ORD-13784,CUST-1167,Tablet,Electronics,East,Retail,5,34821,0.12,153212.4,12326.35
2026-04-28,ORD-13785,CUST-1369,Desktop,Electronics,South,Distributor,1,88909,0.13,77350.83,8377.26
2026-04-28,ORD-13786,CUST-1382,Tablet,Electronics,West,Retail,4,38419,0.15,130624.6,22380.7
2026-04-28,ORD-13787,CUST-1496,Mouse,Accessories,South,Retail,8,2362,0.05,17951.2,2057.99
2026-04-28,ORD-13788,CUST-1263,Desktop,Electronics,East,Online,9,84191,0.03,734987.43,76460.91
2026-04-28,ORD-13789,CUST-1107,Mouse,Accessories,East,Distributor,7,1703,0.08,10967.32,1023.81
2026-04-28,ORD-13790,CUST-1448,Monitor,Electronics,North,Distributor,2,26022,0.08,47880.48,6499.18
2026-04-29,ORD-13791,CUST-1283,Webcam,Accessories,West,Retail,5,2744,0.14,11799.2,2891.88
2026-04-29,ORD-13792,CUST-1317,Headphones,Accessories,South,Online,9,2812,0.06,23789.52,3299.07
2026-04-29,ORD-13793,CUST-1390,Webcam,Accessories,North,Distributor,4,3090,0.09,11247.6,1494.56
2026-04-29,ORD-13794,CUST-1132,Laptop,Electronics,West,Online,1,75700,0.14,65102.0,5927.88
2026-04-29,ORD-13795,CUST-1468,Mouse,Accessories,South,Online,3,2885,0.15,7356.75,804.96
2026-04-29,ORD-13796,CUST-1390,Smartphone,Electronics,North,Distributor,6,90265,0.07,503678.7,112321.0
2026-04-29,ORD-13797,CUST-1463,Desktop,Electronics,South,Retail,3,44149,0.08,121851.24,12953.44
2026-04-29,ORD-13798,CUST-1127,Desktop,Electronics,North,Retail,2,59380,0.11,105696.4,10039.11
2026-04-30,ORD-13799,CUST-1164,Headphones,Accessories,South,Online,6,4207,0.13,21960.54,5311.94
2026-04-30,ORD-13800,CUST-1272,Keyboard,Accessories,North,Distributor,1,3317,0.04,3184.32,498.23
2026-04-30,ORD-13801,CUST-1184,Desktop,Electronics,East,Distributor,1,80412,0.15,68350.2,14071.14
2026-04-30,ORD-13802,CUST-1221,Headphones,Accessories,South,Distributor,6,8481,0.06,47832.84,10652.36
2026-04-30,ORD-13803,CUST-1498,Mouse,Accessories,South,Distributor,6,1643,0.02,9660.84,1689.89
2026-04-30,ORD-13804,CUST-1463,Smartphone,Electronics,East,Retail,2,33528,0.06,63032.64,11620.61
2026-04-30,ORD-13805,CUST-1316,Monitor,Electronics,North,Online,1,23663,0.05,22479.85,2111.89
2026-04-30,ORD-13806,CUST-1194,Printer,Office Equipment,North,Online,2,30766,0.11,54763.48,13525.18
2026-05-01,ORD-13807,CUST-1409,Laptop,Electronics,North,Retail,9,67355,0.02,594071.1,72779.64
2026-05-01,ORD-13808,CUST-1077,Webcam,Accessories,North,Distributor,3,8338,0.12,22012.32,5222.63
2026-05-01,ORD-13809,CUST-1195,Tablet,Electronics,West,Online,6,56814,0.06,320430.96,61062.99
2026-05-01,ORD-13810,CUST-1409,Laptop,Electronics,North,Distributor,9,75369,0.09,617272.11,101489.9
2026-05-01,ORD-13811,CUST-1409,Laptop,Electronics,East,Retail,1,95254,0.09,86681.14,8985.01
2026-05-01,ORD-13812,CUST-1103,Monitor,Electronics,South,Online,3,28063,0.09,76611.99,6769.17
2026-05-01,ORD-13813,CUST-1173,Laptop,Electronics,West,Distributor,1,110725,0.14,95223.5,11945.44
2026-05-02,ORD-13814,CUST-1062,Monitor,Electronics,South,Distributor,5,36380,0.03,176443.0,28005.69
2026-05-02,ORD-13815,CUST-1415,Headphones,Accessories,North,Retail,2,5837,0.05,11090.3,2585.86
2026-05-02,ORD-13816,CUST-1204,Webcam,Accessories,North,Retail,1,3915,0.14,3366.9,811.8
2026-05-02,ORD-13817,CUST-1093,Laptop,Electronics,East,Online,5,53759,0.03,260731.15,62315.13
2026-05-02,ORD-13818,CUST-1488,Printer,Office Equipment,West,Distributor,6,17844,0.13,93145.68,11623.96
2026-05-02,ORD-13819,CUST-1445,Smartphone,Electronics,North,Distributor,6,20460,0.11,109256.4,9173.16
2026-05-02,ORD-13820,CUST-1132,Webcam,Accessories,South,Online,9,6914,0.07,57870.18,14102.92
2026-05-02,ORD-13821,CUST-1412,Desktop,Electronics,South,Online,7,61576,0.09,392239.12,55012.03
2026-05-03,ORD-13822,CUST-1226,Webcam,Accessories,West,Retail,9,9563,0.08,79181.64,18809.35
2026-05-03,ORD-13823,CUST-1026,Printer,Office Equipment,West,Distributor,4,10427,0.03,40456.76,7768.92
2026-05-03,ORD-13824,CUST-1050,Monitor,Electronics,South,Distributor,3,37634,0.09,102740.82,23671.75
2026-05-03,ORD-13825,CUST-1340,Printer,Office Equipment,West,Online,1,17156,0.07,15955.08,2874.32
2026-05-03,ORD-13826,CUST-1062,Smartphone,Electronics,East,Distributor,1,43091,0.08,39643.72,4568.68
2026-05-03,ORD-13827,CUST-1291,Smartphone,Electronics,East,Retail,6,47229,0.08,260704.08,62992.76
2026-05-03,ORD-13828,CUST-1024,Desktop,Electronics,East,Online,2,57014,0.07,106046.04,18639.8
2026-05-03,ORD-13829,CUST-1451,Mouse,Accessories,North,Distributor,8,924,0.08,6800.64,1224.45
2026-05-04,ORD-13830,CUST-1169,Printer,Office Equipment,South,Online,8,15046,0.1,108331.2,23769.22
2026-05-04,ORD-13831,CUST-1261,Printer,Office Equipment,West,Distributor,8,8256,0.12,58122.24,7177.75
2026-05-04,ORD-13832,CUST-1303,Webcam,Accessories,South,Retail,7,6935,0.06,45632.3,8776.96
2026-05-04,ORD-13833,CUST-1274,Webcam,Accessories,North,Online,3,4102,0.08,11321.52,1222.81
2026-05-04,ORD-13834,CUST-1223,Webcam,Accessories,East,Retail,4,4027,0.04,15463.68,1788.28
2026-05-04,ORD-13835,CUST-1253,Webcam,Accessories,North,Distributor,5,8420,0.07,39153.0,5857.9
2026-05-04,ORD-13836,CUST-1498,Printer,Office Equipment,East,Distributor,5,18615,0.12,81906.0,9599.21
2026-05-04,ORD-13837,CUST-1118,Mouse,Accessories,East,Distributor,6,2754,0.07,15367.32,1612.26
2026-05-05,ORD-13838,CUST-1403,Keyboard,Accessories,East,Distributor,2,4712,0.05,8952.8,1240.72
2026-05-05,ORD-13839,CUST-1362,Monitor,Electronics,West,Retail,9,32938,0.09,269762.22,34171.17
2026-05-05,ORD-13840,CUST-1197,Desktop,Electronics,South,Retail,2,86252,0.1,155253.6,38040.94
2026-05-05,ORD-13841,CUST-1404,Tablet,Electronics,West,Retail,6,22884,0.13,119454.48,22794.94
2026-05-05,ORD-13842,CUST-1403,Mouse,Accessories,East,Online,6,1317,0.04,7585.92,1130.79
2026-05-05,ORD-13843,CUST-1225,Headphones,Accessories,West,Online,7,6090,0.13,37088.1,6821.77
2026-05-05,ORD-13844,CUST-1094,Laptop,Electronics,North,Online,1,77072,0.05,73218.4,12134.77
2026-05-05,ORD-13845,CUST-1294,Printer,Office Equipment,West,Distributor,4,9233,0.01,36562.68,7502.27
2026-05-06,ORD-13846,CUST-1388,Monitor,Electronics,South,Retail,3,19200,0.02,56448.0,9547.35
2026-05-06,ORD-13847,CUST-1290,Smartphone,Electronics,East,Retail,3,77861,0.06,219568.02,38218.13
2026-05-06,ORD-13848,CUST-1406,Laptop,Electronics,South,Online,2,116342,0.15,197781.4,25055.15
2026-05-06,ORD-13849,CUST-1445,Mouse,Accessories,South,Retail,9,420,0.01,3742.2,842.88
2026-05-06,ORD-13850,CUST-1053,Keyboard,Accessories,East,Retail,6,4069,0.06,22949.16,4749.74
2026-05-06,ORD-13851,CUST-1299,Mouse,Accessories,South,Retail,5,2107,0.13,9165.45,1270.87
2026-05-06,ORD-13852,CUST-1422,Laptop,Electronics,West,Distributor,7,113511,0.13,691281.99,164758.18
2026-05-06,ORD-13853,CUST-1105,Monitor,Electronics,West,Distributor,8,14457,0.01,114499.44,15637.06
2026-05-07,ORD-13854,CUST-1271,Mouse,Accessories,East,Retail,2,838,0.09,1525.16,161.72
2026-05-07,ORD-13855,CUST-1043,Tablet,Electronics,East,Retail,3,47853,0.05,136381.05,11897.55
2026-05-07,ORD-13856,CUST-1232,Keyboard,Accessories,East,Retail,9,2814,0.13,22033.62,4285.72
2026-05-07,ORD-13857,CUST-1213,Webcam,Accessories,East,Online,3,2963,0.14,7644.54,1113.56
2026-05-07,ORD-13858,CUST-1147,Smartphone,Electronics,West,Online,6,67122,0.07,374540.76,62563.19
2026-05-07,ORD-13859,CUST-1246,Tablet,Electronics,East,Online,9,54944,0.12,435156.48,36467.81
2026-05-07,ORD-13860,CUST-1191,Smartphone,Electronics,East,Online,2,94580,0.08,174027.2,27415.27
2026-05-07,ORD-13861,CUST-1399,Monitor,Electronics,South,Retail,5,19795,0.01,97985.25,12949.65
2026-05-08,ORD-13862,CUST-1091,Keyboard,Accessories,South,Distributor,2,4318,0.14,7426.96,1376.85
2026-05-08,ORD-13863,CUST-1194,Headphones,Accessories,East,Distributor,8,5458,0.07,40607.52,6247.2
2026-05-08,ORD-13864,CUST-1313,Laptop,Electronics,East,Distributor,8,52456,0.05,398665.6,52428.0
2026-05-08,ORD-13865,CUST-1241,Keyboard,Accessories,West,Online,5,2623,0.15,11147.75,1710.34
2026-05-08,ORD-13866,CUST-1424,Headphones,Accessories,East,Distributor,7,3862,0.14,23249.24,4729.06
2026-05-08,ORD-13867,CUST-1152,Laptop,Electronics,North,Retail,8,103073,0.14,709142.24,140387.98
2026-05-08,ORD-13868,CUST-1339,Keyboard,Accessories,North,Online,6,4599,0.07,25662.42,6389.91
2026-05-09,ORD-13869,CUST-1117,Desktop,Electronics,East,Distributor,6,82169,0.04,473293.44,74460.99
2026-05-09,ORD-13870,CUST-1355,Mouse,Accessories,West,Online,4,693,0.12,2439.36,468.54
2026-05-09,ORD-13871,CUST-1205,Monitor,Electronics,East,Online,6,21969,0.07,122587.02,20236.89
2026-05-09,ORD-13872,CUST-1249,Keyboard,Accessories,East,Online,6,3014,0.1,16275.6,3325.25
2026-05-09,ORD-13873,CUST-1109,Printer,Office Equipment,East,Online,9,18774,0.13,147000.42,21108.63
2026-05-09,ORD-13874,CUST-1009,Keyboard,Accessories,East,Retail,3,3804,0.15,9700.2,1352.38
2026-05-09,ORD-13875,CUST-1334,Smartphone,Electronics,West,Retail,5,78936,0.05,374946.0,61967.13
2026-05-09,ORD-13876,CUST-1327,Laptop,Electronics,North,Online,3,119586,0.12,315707.04,39344.53
2026-05-10,ORD-13877,CUST-1402,Printer,Office Equipment,East,Retail,3,15809,0.03,46004.19,9436.86
2026-05-10,ORD-13878,CUST-1413,Laptop,Electronics,West,Distributor,5,52391,0.07,243618.15,29910.43
2026-05-10,ORD-13879,CUST-1250,Desktop,Electronics,South,Retail,5,87810,0.15,373192.5,72326.56
2026-05-10,ORD-13880,CUST-1021,Desktop,Electronics,South,Retail,9,62891,0.11,503756.91,89277.79
2026-05-10,ORD-13881,CUST-1097,Mouse,Accessories,West,Online,6,2048,0.01,12165.12,1927.58
2026-05-10,ORD-13882,CUST-1337,Laptop,Electronics,North,Online,2,110308,0.05,209585.2,40916.64
2026-05-10,ORD-13883,CUST-1138,Tablet,Electronics,North,Retail,1,40114,0.07,37306.02,7998.34
2026-05-10,ORD-13884,CUST-1160,Webcam,Accessories,North,Retail,7,11287,0.03,76638.73,13023.25
2026-05-11,ORD-13885,CUST-1399,Monitor,Electronics,South,Distributor,2,34551,0.12,60809.76,10843.06
2026-05-11,ORD-13886,CUST-1101,Webcam,Accessories,West,Retail,7,8793,0.06,57857.94,7087.47
2026-05-11,ORD-13887,CUST-1023,Keyboard,Accessories,West,Online,6,3716,0.11,19843.44,3592.43
2026-05-11,ORD-13888,CUST-1398,Tablet,Electronics,North,Online,3,23705,0.08,65425.8,7618.69
2026-05-11,ORD-13889,CUST-1038,Keyboard,Accessories,East,Online,6,1672,0.11,8928.48,1643.34
2026-05-11,ORD-13890,CUST-1499,Laptop,Electronics,South,Retail,8,90617,0.02,710437.28,133557.23
2026-05-11,ORD-13891,CUST-1290,Printer,Office Equipment,West,Retail,4,18277,0.07,67990.44,14361.04
2026-05-11,ORD-13892,CUST-1393,Desktop,Electronics,North,Distributor,5,74089,0.14,318582.7,36102.72
2026-05-12,ORD-13893,CUST-1223,Laptop,Electronics,East,Distributor,8,79927,0.12,562686.08,119070.28
2026-05-12,ORD-13894,CUST-1435,Monitor,Electronics,East,Online,7,37012,0.0,259084.0,28395.11
2026-05-12,ORD-13895,CUST-1135,Printer,Office Equipment,North,Online,4,31902,0.07,118675.44,21423.36
2026-05-12,ORD-13896,CUST-1045,Webcam,Accessories,South,Distributor,9,7895,0.06,66791.7,11966.17
2026-05-12,ORD-13897,CUST-1320,Monitor,Electronics,South,Retail,4,36108,0.12,127100.16,11800.61
2026-05-12,ORD-13898,CUST-1404,Monitor,Electronics,South,Retail,7,12706,0.14,76490.12,13733.71
2026-05-12,ORD-13899,CUST-1231,Smartphone,Electronics,East,Distributor,5,66683,0.15,283402.75,59229.03
2026-05-12,ORD-13900,CUST-1351,Mouse,Accessories,East,Retail,7,1924,0.11,11986.52,1327.47
2026-05-13,ORD-13901,CUST-1352,Mouse,Accessories,East,Online,2,848,0.08,1560.32,336.31
2026-05-13,ORD-13902,CUST-1351,Keyboard,Accessories,East,Online,7,4487,0.03,30466.73,7442.51
2026-05-13,ORD-13903,CUST-1428,Laptop,Electronics,West,Distributor,4,63142,0.1,227311.2,26546.75
2026-05-13,ORD-13904,CUST-1254,Mouse,Accessories,North,Retail,2,2599,0.12,4574.24,583.25
2026-05-13,ORD-13905,CUST-1338,Printer,Office Equipment,South,Online,3,13433,0.0,40299.0,3734.31
2026-05-13,ORD-13906,CUST-1056,Keyboard,Accessories,South,Retail,6,2986,0.15,15228.6,3546.71
2026-05-13,ORD-13907,CUST-1000,Monitor,Electronics,West,Retail,9,16784,0.14,129908.16,10644.81
2026-05-13,ORD-13908,CUST-1215,Mouse,Accessories,West,Retail,8,2377,0.01,18825.84,3339.92
2026-05-14,ORD-13909,CUST-1379,Desktop,Electronics,East,Online,9,55547,0.12,439932.24,63406.02
2026-05-14,ORD-13910,CUST-1325,Tablet,Electronics,West,Online,7,57874,0.07,376759.74,83835.6
2026-05-14,ORD-13911,CUST-1432,Desktop,Electronics,West,Distributor,8,49652,0.01,393243.84,67933.67
2026-05-14,ORD-13912,CUST-1113,Laptop,Electronics,North,Online,5,63497,0.08,292086.2,63781.93
2026-05-14,ORD-13913,CUST-1205,Monitor,Electronics,East,Distributor,7,37687,0.04,253256.64,34403.93
2026-05-14,ORD-13914,CUST-1205,Printer,Office Equipment,North,Retail,8,17781,0.02,139403.04,25676.46
2026-05-14,ORD-13915,CUST-1408,Keyboard,Accessories,North,Distributor,1,3969,0.12,3492.72,427.96
2026-05-14,ORD-13916,CUST-1338,Tablet,Electronics,North,Distributor,1,30038,0.04,28836.48,3955.49
2026-05-15,ORD-13917,CUST-1442,Smartphone,Electronics,East,Distributor,8,21957,0.02,172142.88,15795.09
2026-05-15,ORD-13918,CUST-1296,Smartphone,Electronics,West,Retail,2,39619,0.06,74483.72,12857.45
2026-05-15,ORD-13919,CUST-1472,Laptop,Electronics,South,Online,8,86342,0.03,670013.92,163030.02
2026-05-15,ORD-13920,CUST-1399,Smartphone,Electronics,East,Online,4,98573,0.14,339091.12,69129.26
2026-05-15,ORD-13921,CUST-1376,Printer,Office Equipment,North,Distributor,1,12607,0.03,12228.79,1858.6
2026-05-15,ORD-13922,CUST-1072,Webcam,Accessories,South,Online,8,7510,0.12,52870.4,8853.03
2026-05-15,ORD-13923,CUST-1098,Headphones,Accessories,North,Online,9,4781,0.11,38295.81,8451.29
2026-05-16,ORD-13924,CUST-1435,Printer,Office Equipment,North,Retail,6,22700,0.04,130752.0,28318.83
2026-05-16,ORD-13925,CUST-1353,Mouse,Accessories,East,Online,6,1439,0.06,8115.96,949.6
2026-05-16,ORD-13926,CUST-1391,Laptop,Electronics,North,Online,3,60680,0.05,172938.0,40510.53
2026-05-16,ORD-13927,CUST-1262,Webcam,Accessories,West,Distributor,4,4603,0.01,18227.88,2482.11
2026-05-16,ORD-13928,CUST-1308,Smartphone,Electronics,West,Online,1,43907,0.05,41711.65,8714.5
2026-05-16,ORD-13929,CUST-1098,Tablet,Electronics,North,Retail,8,20337,0.13,141545.52,28149.72
2026-05-16,ORD-13930,CUST-1155,Printer,Office Equipment,North,Online,9,22807,0.14,176526.18,40928.09
2026-05-16,ORD-13931,CUST-1129,Mouse,Accessories,South,Distributor,7,419,0.05,2786.35,679.14
2026-05-17,ORD-13932,CUST-1132,Webcam,Accessories,North,Distributor,6,4921,0.04,28344.96,4123.67
2026-05-17,ORD-13933,CUST-1439,Tablet,Electronics,North,Online,7,44983,0.07,292839.33,56643.71
2026-05-17,ORD-13934,CUST-1335,Printer,Office Equipment,West,Distributor,5,15354,0.05,72931.5,17510.58
2026-05-17,ORD-13935,CUST-1115,Keyboard,Accessories,South,Retail,2,4670,0.11,8312.6,728.04
2026-05-17,ORD-13936,CUST-1255,Smartphone,Electronics,East,Retail,7,74138,0.05,493017.7,102714.38
2026-05-17,ORD-13937,CUST-1439,Desktop,Electronics,North,Distributor,1,59804,0.08,55019.68,12790.64
2026-05-17,ORD-13938,CUST-1176,Mouse,Accessories,West,Online,8,1289,0.13,8971.44,1543.43
2026-05-17,ORD-13939,CUST-1399,Headphones,Accessories,East,Distributor,5,3657,0.07,17005.05,2675.79
2026-05-18,ORD-13940,CUST-1026,Mouse,Accessories,West,Distributor,8,2093,0.12,14734.72,1442.26
2026-05-18,ORD-13941,CUST-1344,Tablet,Electronics,East,Retail,7,35098,0.13,213746.82,30255.81
2026-05-18,ORD-13942,CUST-1077,Headphones,Accessories,South,Retail,8,3455,0.08,25428.8,5450.47
2026-05-18,ORD-13943,CUST-1348,Smartphone,Electronics,North,Online,4,53802,0.08,197991.36,24872.02
2026-05-18,ORD-13944,CUST-1194,Smartphone,Electronics,East,Distributor,1,94803,0.08,87218.76,21161.76
2026-05-18,ORD-13945,CUST-1305,Printer,Office Equipment,South,Distributor,1,22217,0.06,20883.98,3765.85
2026-05-18,ORD-13946,CUST-1400,Printer,Office Equipment,West,Online,2,15159,0.08,27892.56,6648.27
2026-05-18,ORD-13947,CUST-1191,Smartphone,Electronics,West,Online,8,72764,0.13,506437.44,78313.25
2026-05-19,ORD-13948,CUST-1301,Keyboard,Accessories,South,Distributor,7,1982,0.06,13041.56,2145.21
2026-05-19,ORD-13949,CUST-1224,Tablet,Electronics,South,Retail,2,58914,0.12,103688.64,9267.65
2026-05-19,ORD-13950,CUST-1338,Desktop,Electronics,North,Retail,3,76300,0.09,208299.0,22768.44
2026-05-19,ORD-13951,CUST-1350,Webcam,Accessories,South,Online,3,6209,0.03,18068.19,2157.54
2026-05-19,ORD-13952,CUST-1143,Monitor,Electronics,West,Online,4,30210,0.09,109964.4,13092.75
2026-05-19,ORD-13953,CUST-1362,Printer,Office Equipment,South,Distributor,1,20381,0.08,18750.52,4605.75
2026-05-19,ORD-13954,CUST-1224,Laptop,Electronics,West,Retail,7,95061,0.1,598884.3,67328.95
2026-05-19,ORD-13955,CUST-1246,Monitor,Electronics,North,Online,5,12960,0.02,63504.0,8790.09
2026-05-20,ORD-13956,CUST-1172,Printer,Office Equipment,East,Distributor,5,16316,0.08,75053.6,16569.19
2026-05-20,ORD-13957,CUST-1323,Tablet,Electronics,North,Retail,6,31083,0.02,182768.04,44506.56
2026-05-20,ORD-13958,CUST-1271,Monitor,Electronics,North,Retail,6,21470,0.14,110785.2,25897.97
2026-05-20,ORD-13959,CUST-1067,Keyboard,Accessories,East,Retail,8,4160,0.11,29619.2,3893.63
2026-05-20,ORD-13960,CUST-1228,Laptop,Electronics,West,Online,8,105610,0.08,777289.6,146427.43
2026-05-20,ORD-13961,CUST-1086,Monitor,Electronics,North,Online,1,17493,0.11,15568.77,3762.39
2026-05-20,ORD-13962,CUST-1496,Desktop,Electronics,East,Distributor,8,42240,0.14,290611.2,27844.94
2026-05-20,ORD-13963,CUST-1338,Printer,Office Equipment,South,Distributor,7,14843,0.14,89354.86,18931.31
2026-05-21,ORD-13964,CUST-1254,Tablet,Electronics,South,Distributor,9,46721,0.02,412079.22,95002.04
2026-05-21,ORD-13965,CUST-1408,Desktop,Electronics,West,Online,5,50322,0.12,221416.8,39070.16
2026-05-21,ORD-13966,CUST-1158,Smartphone,Electronics,East,Online,2,77113,0.14,132634.36,23630.72
2026-05-21,ORD-13967,CUST-1285,Printer,Office Equipment,North,Retail,1,15682,0.03,15211.54,1689.51
2026-05-21,ORD-13968,CUST-1269,Laptop,Electronics,West,Retail,1,92491,0.01,91566.09,7968.6
2026-05-21,ORD-13969,CUST-1081,Headphones,Accessories,North,Online,2,3458,0.14,5947.76,624.6
2026-05-21,ORD-13970,CUST-1203,Tablet,Electronics,East,Distributor,6,34500,0.05,196650.0,24811.42
2026-05-22,ORD-13971,CUST-1444,Tablet,Electronics,East,Retail,3,58158,0.13,151792.38,13902.0
2026-05-22,ORD-13972,CUST-1399,Printer,Office Equipment,North,Retail,3,23285,0.05,66362.25,13654.21
2026-05-22,ORD-13973,CUST-1141,Monitor,Electronics,South,Online,7,32313,0.1,203571.9,31766.13
2026-05-22,ORD-13974,CUST-1174,Keyboard,Accessories,East,Distributor,7,1253,0.07,8157.03,1912.44
2026-05-22,ORD-13975,CUST-1259,Webcam,Accessories,West,Online,4,4804,0.0,19216.0,4698.14
2026-05-22,ORD-13976,CUST-1005,Keyboard,Accessories,West,Online,9,2570,0.06,21742.2,4353.38
2026-05-22,ORD-13977,CUST-1117,Desktop,Electronics,South,Retail,5,61992,0.07,288262.8,52190.32
2026-05-22,ORD-13978,CUST-1256,Tablet,Electronics,North,Distributor,2,32556,0.11,57949.68,9872.26
2026-05-23,ORD-13979,CUST-1289,Tablet,Electronics,West,Retail,1,21268,0.05,20204.6,4097.54
2026-05-23,ORD-13980,CUST-1037,Smartphone,Electronics,South,Online,8,32332,0.0,258656.0,26370.37
2026-05-23,ORD-13981,CUST-1064,Desktop,Electronics,South,Online,9,50140,0.08,415159.2,84089.66
2026-05-23,ORD-13982,CUST-1331,Monitor,Electronics,South,Retail,8,37583,0.0,300664.0,37784.72
2026-05-23,ORD-13983,CUST-1175,Smartphone,Electronics,East,Retail,6,81259,0.02,477802.92,112099.02
2026-05-23,ORD-13984,CUST-1330,Desktop,Electronics,West,Online,2,68138,0.13,118560.12,25650.75
2026-05-23,ORD-13985,CUST-1425,Mouse,Accessories,West,Retail,3,479,0.14,1235.82,196.9
2026-05-23,ORD-13986,CUST-1423,Desktop,Electronics,South,Distributor,5,52027,0.04,249729.6,54395.97
2026-05-24,ORD-13987,CUST-1264,Printer,Office Equipment,South,Distributor,3,20631,0.02,60655.14,11052.54
2026-05-24,ORD-13988,CUST-1495,Desktop,Electronics,West,Distributor,3,59685,0.1,161149.5,38985.26
2026-05-24,ORD-13989,CUST-1245,Tablet,Electronics,South,Retail,4,57320,0.07,213230.4,45673.66
2026-05-24,ORD-13990,CUST-1440,Mouse,Accessories,East,Distributor,4,1652,0.03,6409.76,1475.32
2026-05-24,ORD-13991,CUST-1192,Tablet,Electronics,East,Retail,9,47467,0.02,418658.94,102848.87
2026-05-24,ORD-13992,CUST-1114,Desktop,Electronics,North,Online,6,66614,0.11,355718.76,79944.1
2026-05-24,ORD-13993,CUST-1009,Smartphone,Electronics,East,Online,1,44673,0.04,42886.08,7323.65
2026-05-24,ORD-13994,CUST-1320,Mouse,Accessories,North,Distributor,8,2780,0.13,19348.8,4708.95
2026-05-25,ORD-13995,CUST-1181,Laptop,Electronics,West,Online,5,51243,0.09,233155.65,35258.16
2026-05-25,ORD-13996,CUST-1195,Tablet,Electronics,South,Online,7,23352,0.04,156925.44,17030.29
2026-05-25,ORD-13997,CUST-1400,Headphones,Accessories,South,Online,5,3519,0.14,15131.7,1778.58
2026-05-25,ORD-13998,CUST-1030,Smartphone,Electronics,North,Distributor,2,50183,0.14,86314.76,16142.58
2026-05-25,ORD-13999,CUST-1058,Headphones,Accessories,West,Online,3,8647,0.04,24903.36,5989.7
2026-05-25,ORD-14000,CUST-1491,Monitor,Electronics,East,Retail,7,20182,0.14,121495.64,15061.35
2026-05-25,ORD-14001,CUST-1064,Smartphone,Electronics,South,Online,1,16510,0.1,14859.0,2506.56
2026-05-25,ORD-14002,CUST-1080,Headphones,Accessories,South,Distributor,9,5471,0.07,45792.27,6046.86
2026-05-26,ORD-14003,CUST-1244,Headphones,Accessories,North,Retail,7,7806,0.14,46992.12,7604.31
2026-05-26,ORD-14004,CUST-1083,Keyboard,Accessories,East,Retail,1,2182,0.02,2138.36,450.67
2026-05-26,ORD-14005,CUST-1073,Keyboard,Accessories,North,Distributor,7,3457,0.0,24199.0,4896.66
2026-05-26,ORD-14006,CUST-1034,Laptop,Electronics,East,Retail,1,106665,0.05,101331.75,15914.97
2026-05-26,ORD-14007,CUST-1361,Monitor,Electronics,East,Retail,8,26490,0.07,197085.6,43978.84
2026-05-26,ORD-14008,CUST-1205,Mouse,Accessories,West,Distributor,1,1563,0.03,1516.11,185.36
2026-05-26,ORD-14009,CUST-1415,Monitor,Electronics,East,Distributor,1,34074,0.06,32029.56,7737.12
2026-05-26,ORD-14010,CUST-1204,Keyboard,Accessories,North,Retail,4,3304,0.14,11365.76,2230.7
2026-05-27,ORD-14011,CUST-1089,Headphones,Accessories,West,Distributor,4,4001,0.12,14083.52,2776.02
2026-05-27,ORD-14012,CUST-1422,Keyboard,Accessories,North,Online,6,4541,0.03,26428.62,5830.95
2026-05-27,ORD-14013,CUST-1322,Keyboard,Accessories,South,Online,1,4743,0.03,4600.71,634.28
2026-05-27,ORD-14014,CUST-1078,Monitor,Electronics,East,Retail,4,23864,0.05,90683.2,20283.36
2026-05-27,ORD-14015,CUST-1365,Mouse,Accessories,West,Online,1,2994,0.09,2724.54,391.33
2026-05-27,ORD-14016,CUST-1037,Laptop,Electronics,West,Online,4,80166,0.05,304630.8,41159.71
2026-05-27,ORD-14017,CUST-1014,Monitor,Electronics,West,Distributor,4,36918,0.02,144718.56,13935.3
2026-05-27,ORD-14018,CUST-1027,Desktop,Electronics,East,Distributor,6,63363,0.05,361169.1,81647.3
2026-05-28,ORD-14019,CUST-1351,Laptop,Electronics,East,Retail,5,69907,0.02,342544.3,65116.69
2026-05-28,ORD-14020,CUST-1190,Printer,Office Equipment,East,Online,5,10333,0.01,51148.35,9488.55
2026-05-28,ORD-14021,CUST-1481,Monitor,Electronics,West,Distributor,6,17620,0.08,97262.4,21218.03
2026-05-28,ORD-14022,CUST-1453,Desktop,Electronics,East,Online,2,56349,0.12,99174.24,20288.0
2026-05-28,ORD-14023,CUST-1390,Headphones,Accessories,North,Distributor,4,6080,0.09,22131.2,2725.85
2026-05-28,ORD-14024,CUST-1160,Tablet,Electronics,East,Retail,2,36835,0.1,66303.0,14978.82
2026-05-28,ORD-14025,CUST-1263,Desktop,Electronics,South,Retail,7,68327,0.12,420894.32,46098.53
2026-05-29,ORD-14026,CUST-1381,Printer,Office Equipment,West,Online,4,8571,0.13,29827.08,4569.48
2026-05-29,ORD-14027,CUST-1221,Desktop,Electronics,South,Retail,9,83065,0.05,710205.75,171331.78
2026-05-29,ORD-14028,CUST-1481,Monitor,Electronics,North,Retail,1,38639,0.12,34002.32,5368.77
2026-05-29,ORD-14029,CUST-1337,Laptop,Electronics,West,Distributor,5,70164,0.01,347311.8,63630.74
2026-05-29,ORD-14030,CUST-1097,Headphones,Accessories,South,Distributor,7,8297,0.07,54013.47,5031.3
2026-05-29,ORD-14031,CUST-1019,Printer,Office Equipment,North,Online,1,24553,0.01,24307.47,5107.69
2026-05-29,ORD-14032,CUST-1025,Desktop,Electronics,South,Distributor,5,89434,0.06,420339.8,40490.49
2026-05-29,ORD-14033,CUST-1050,Monitor,Electronics,South,Online,8,37232,0.08,274027.52,45253.51
2026-05-30,ORD-14034,CUST-1267,Mouse,Accessories,North,Retail,7,869,0.06,5718.02,693.72
2026-05-30,ORD-14035,CUST-1418,Webcam,Accessories,East,Retail,8,10276,0.11,73165.12,6955.16
2026-05-30,ORD-14036,CUST-1195,Smartphone,Electronics,East,Retail,1,60943,0.09,55458.13,10666.96
2026-05-30,ORD-14037,CUST-1017,Webcam,Accessories,North,Retail,9,4126,0.06,34905.96,3837.44
2026-05-30,ORD-14038,CUST-1283,Monitor,Electronics,North,Distributor,8,15131,0.12,106522.24,21632.58
2026-05-30,ORD-14039,CUST-1180,Mouse,Accessories,West,Retail,8,1032,0.09,7512.96,1186.13
2026-05-30,ORD-14040,CUST-1399,Laptop,Electronics,North,Distributor,8,117602,0.03,912591.52,185395.81
2026-05-30,ORD-14041,CUST-1266,Keyboard,Accessories,East,Online,1,4079,0.09,3711.89,897.87
2026-05-31,ORD-14042,CUST-1236,Mouse,Accessories,North,Retail,6,1563,0.09,8533.98,979.29
2026-05-31,ORD-14043,CUST-1194,Printer,Office Equipment,West,Retail,8,16632,0.08,122411.52,29433.76
2026-05-31,ORD-14044,CUST-1043,Headphones,Accessories,West,Retail,2,6531,0.11,11625.18,2695.26
2026-05-31,ORD-14045,CUST-1187,Headphones,Accessories,West,Online,7,1744,0.05,11597.6,2125.79
2026-05-31,ORD-14046,CUST-1335,Mouse,Accessories,West,Online,4,766,0.08,2818.88,664.52
2026-05-31,ORD-14047,CUST-1270,Smartphone,Electronics,East,Retail,3,17130,0.11,45737.1,4706.32
2026-05-31,ORD-14048,CUST-1246,Headphones,Accessories,South,Online,4,4935,0.12,17371.2,3467.22
2026-05-31,ORD-14049,CUST-1055,Keyboard,Accessories,South,Retail,2,3900,0.07,7254.0,1267.46
2026-06-01,ORD-14050,CUST-1006,Desktop,Electronics,North,Online,6,58557,0.08,323234.64,62856.4
2026-06-01,ORD-14051,CUST-1148,Mouse,Accessories,East,Retail,1,967,0.14,831.62,201.59
2026-06-01,ORD-14052,CUST-1259,Laptop,Electronics,North,Distributor,1,94839,0.04,91045.44,22646.09
2026-06-01,ORD-14053,CUST-1323,Smartphone,Electronics,West,Online,9,42365,0.09,346969.35,57012.56
2026-06-01,ORD-14054,CUST-1200,Webcam,Accessories,South,Online,9,9336,0.02,82343.52,11871.97
2026-06-01,ORD-14055,CUST-1030,Keyboard,Accessories,North,Online,5,2837,0.08,13050.2,2757.72
2026-06-01,ORD-14056,CUST-1157,Smartphone,Electronics,South,Online,2,53148,0.03,103107.12,11007.31
2026-06-01,ORD-14057,CUST-1492,Tablet,Electronics,West,Retail,5,21970,0.07,102160.5,18039.87
2026-06-02,ORD-14058,CUST-1354,Mouse,Accessories,South,Retail,7,1987,0.02,13630.82,2525.29
2026-06-02,ORD-14059,CUST-1172,Desktop,Electronics,South,Retail,9,79690,0.12,631144.8,67311.33
2026-06-02,ORD-14060,CUST-1019,Headphones,Accessories,South,Online,7,1912,0.0,13384.0,1360.58
2026-06-02,ORD-14061,CUST-1436,Mouse,Accessories,North,Online,1,1924,0.06,1808.56,288.6
2026-06-02,ORD-14062,CUST-1422,Headphones,Accessories,East,Online,2,7045,0.08,12962.8,2660.21
2026-06-02,ORD-14063,CUST-1035,Webcam,Accessories,West,Retail,3,9804,0.13,25588.44,2099.16
2026-06-02,ORD-14064,CUST-1092,Printer,Office Equipment,South,Distributor,1,31253,0.08,28752.76,2861.16
2026-06-02,ORD-14065,CUST-1248,Monitor,Electronics,North,Distributor,8,27275,0.08,200744.0,42382.1
2026-06-03,ORD-14066,CUST-1242,Webcam,Accessories,West,Distributor,7,4673,0.06,30748.34,4165.95
2026-06-03,ORD-14067,CUST-1074,Headphones,Accessories,South,Retail,9,5617,0.05,48025.35,5109.89
2026-06-03,ORD-14068,CUST-1097,Webcam,Accessories,North,Online,3,5613,0.08,15491.88,3442.09
2026-06-03,ORD-14069,CUST-1115,Tablet,Electronics,North,Online,4,45279,0.01,179304.84,25530.95
2026-06-03,ORD-14070,CUST-1300,Webcam,Accessories,North,Retail,1,3998,0.06,3758.12,543.84
2026-06-03,ORD-14071,CUST-1043,Desktop,Electronics,North,Retail,4,83878,0.09,305315.92,24757.52
2026-06-03,ORD-14072,CUST-1425,Tablet,Electronics,North,Distributor,2,47857,0.09,87099.74,17989.64
2026-06-04,ORD-14073,CUST-1336,Smartphone,Electronics,South,Retail,3,56330,0.13,147021.3,21218.42
2026-06-04,ORD-14074,CUST-1148,Tablet,Electronics,North,Online,7,51713,0.08,333031.72,70636.24
2026-06-04,ORD-14075,CUST-1035,Keyboard,Accessories,North,Online,5,1443,0.04,6926.4,787.26
2026-06-04,ORD-14076,CUST-1471,Webcam,Accessories,North,Distributor,2,6612,0.0,13224.0,3268.4
2026-06-04,ORD-14077,CUST-1300,Keyboard,Accessories,North,Retail,3,3379,0.1,9123.3,1419.94
2026-06-04,ORD-14078,CUST-1293,Mouse,Accessories,East,Online,8,557,0.08,4099.52,616.53
2026-06-04,ORD-14079,CUST-1234,Printer,Office Equipment,South,Online,8,11279,0.04,86622.72,18968.63
2026-06-04,ORD-14080,CUST-1390,Laptop,Electronics,West,Retail,4,63705,0.04,244627.2,53140.57
2026-06-05,ORD-14081,CUST-1167,Headphones,Accessories,West,Distributor,8,3050,0.14,20984.0,2222.61
2026-06-05,ORD-14082,CUST-1109,Mouse,Accessories,West,Retail,1,2263,0.11,2014.07,170.48
2026-06-05,ORD-14083,CUST-1126,Mouse,Accessories,North,Distributor,9,2242,0.0,20178.0,4847.49
2026-06-05,ORD-14084,CUST-1207,Keyboard,Accessories,East,Online,7,3166,0.01,21940.38,4798.13
2026-06-05,ORD-14085,CUST-1414,Laptop,Electronics,West,Retail,7,52217,0.03,354553.43,54078.84
2026-06-05,ORD-14086,CUST-1203,Keyboard,Accessories,South,Online,2,1172,0.05,2226.8,528.48
2026-06-05,ORD-14087,CUST-1329,Laptop,Electronics,East,Retail,2,53507,0.15,90961.9,16594.66
2026-06-05,ORD-14088,CUST-1198,Printer,Office Equipment,East,Online,2,13431,0.05,25518.9,3760.16
2026-06-06,ORD-14089,CUST-1237,Laptop,Electronics,East,Distributor,5,107778,0.04,517334.4,87211.78
2026-06-06,ORD-14090,CUST-1035,Printer,Office Equipment,West,Online,9,27363,0.04,236416.32,29054.47
2026-06-06,ORD-14091,CUST-1456,Keyboard,Accessories,West,Retail,7,1672,0.0,11704.0,1042.88
2026-06-06,ORD-14092,CUST-1441,Laptop,Electronics,South,Distributor,2,108263,0.07,201369.18,48827.68
2026-06-06,ORD-14093,CUST-1414,Tablet,Electronics,South,Online,6,52625,0.14,271545.0,49214.3
2026-06-06,ORD-14094,CUST-1226,Tablet,Electronics,North,Distributor,9,21767,0.02,191984.94,44241.86
2026-06-06,ORD-14095,CUST-1472,Printer,Office Equipment,North,Retail,1,9196,0.04,8828.16,741.71
2026-06-06,ORD-14096,CUST-1171,Mouse,Accessories,West,Retail,5,752,0.14,3233.6,704.04
2026-06-07,ORD-14097,CUST-1155,Mouse,Accessories,West,Distributor,4,1351,0.03,5241.88,1009.25
2026-06-07,ORD-14098,CUST-1245,Headphones,Accessories,North,Online,6,3650,0.03,21243.0,5258.89
2026-06-07,ORD-14099,CUST-1387,Keyboard,Accessories,North,Retail,6,2797,0.14,14432.52,3304.96
2026-06-07,ORD-14100,CUST-1109,Smartphone,Electronics,West,Distributor,3,65426,0.09,178612.98,44044.34
2026-06-07,ORD-14101,CUST-1232,Desktop,Electronics,South,Distributor,8,82440,0.12,580377.6,69651.62
2026-06-07,ORD-14102,CUST-1370,Mouse,Accessories,South,Online,7,1033,0.04,6941.76,1139.86
2026-06-07,ORD-14103,CUST-1338,Webcam,Accessories,South,Distributor,6,10118,0.06,57065.52,7762.44
2026-06-07,ORD-14104,CUST-1339,Monitor,Electronics,North,Retail,8,31589,0.12,222386.56,38712.91
2026-06-08,ORD-14105,CUST-1458,Desktop,Electronics,West,Distributor,4,57922,0.09,210836.08,45219.12
2026-06-08,ORD-14106,CUST-1286,Printer,Office Equipment,North,Retail,8,9093,0.06,68379.36,9716.67
2026-06-08,ORD-14107,CUST-1367,Keyboard,Accessories,North,Retail,6,4588,0.09,25050.48,2508.43
2026-06-08,ORD-14108,CUST-1285,Monitor,Electronics,South,Retail,6,10802,0.06,60923.28,13278.19
2026-06-08,ORD-14109,CUST-1273,Mouse,Accessories,West,Online,7,1638,0.06,10778.04,2363.99
2026-06-08,ORD-14110,CUST-1184,Desktop,Electronics,West,Online,5,83425,0.15,354556.25,67295.13
2026-06-08,ORD-14111,CUST-1430,Keyboard,Accessories,North,Distributor,4,2852,0.1,10267.2,1651.21
2026-06-08,ORD-14112,CUST-1077,Webcam,Accessories,East,Retail,7,8013,0.14,48238.26,8641.52
2026-06-09,ORD-14113,CUST-1199,Monitor,Electronics,North,Online,1,20789,0.0,20789.0,4928.36
2026-06-09,ORD-14114,CUST-1042,Laptop,Electronics,East,Retail,2,64560,0.1,116208.0,24110.12
2026-06-09,ORD-14115,CUST-1287,Desktop,Electronics,East,Retail,7,44614,0.13,271699.26,42967.72
2026-06-09,ORD-14116,CUST-1118,Smartphone,Electronics,North,Online,9,25734,0.02,226973.88,21542.64
2026-06-09,ORD-14117,CUST-1437,Webcam,Accessories,East,Distributor,9,3792,0.1,30715.2,3466.12
2026-06-09,ORD-14118,CUST-1467,Printer,Office Equipment,West,Retail,1,33040,0.1,29736.0,7181.81
2026-06-09,ORD-14119,CUST-1135,Monitor,Electronics,East,Distributor,4,32080,0.14,110355.2,10208.74
2026-06-09,ORD-14120,CUST-1485,Desktop,Electronics,South,Distributor,8,84319,0.13,586860.24,144622.21
2026-06-10,ORD-14121,CUST-1070,Printer,Office Equipment,South,Online,6,18387,0.11,98186.58,9026.81
2026-06-10,ORD-14122,CUST-1109,Webcam,Accessories,North,Distributor,9,3731,0.13,29213.73,2441.35
2026-06-10,ORD-14123,CUST-1322,Printer,Office Equipment,South,Online,5,11983,0.07,55720.95,5055.68
2026-06-10,ORD-14124,CUST-1321,Monitor,Electronics,West,Distributor,4,23548,0.04,90424.32,9022.78
2026-06-10,ORD-14125,CUST-1312,Keyboard,Accessories,North,Retail,7,4951,0.03,33617.29,7907.47
2026-06-10,ORD-14126,CUST-1115,Tablet,Electronics,North,Distributor,7,32951,0.0,230657.0,28013.08
2026-06-10,ORD-14127,CUST-1460,Smartphone,Electronics,South,Distributor,4,38551,0.15,131073.4,13603.46
2026-06-11,ORD-14128,CUST-1123,Printer,Office Equipment,West,Distributor,8,11332,0.03,87936.32,20310.72
2026-06-11,ORD-14129,CUST-1464,Mouse,Accessories,West,Retail,6,1077,0.14,5557.32,740.31
2026-06-11,ORD-14130,CUST-1410,Mouse,Accessories,West,Distributor,5,2530,0.04,12144.0,2956.38
2026-06-11,ORD-14131,CUST-1059,Webcam,Accessories,North,Retail,7,9811,0.02,67303.46,16505.44
2026-06-11,ORD-14132,CUST-1362,Keyboard,Accessories,North,Retail,4,1179,0.06,4433.04,372.96
2026-06-11,ORD-14133,CUST-1359,Webcam,Accessories,East,Distributor,8,9346,0.01,74020.32,10123.79
2026-06-11,ORD-14134,CUST-1475,Laptop,Electronics,North,Online,7,71875,0.12,442750.0,75360.45
2026-06-11,ORD-14135,CUST-1488,Headphones,Accessories,West,Online,2,3489,0.0,6978.0,1423.9
2026-06-12,ORD-14136,CUST-1494,Tablet,Electronics,West,Retail,3,22617,0.06,63779.94,14712.45
2026-06-12,ORD-14137,CUST-1037,Laptop,Electronics,North,Online,4,69104,0.03,268123.52,44637.84
2026-06-12,ORD-14138,CUST-1487,Smartphone,Electronics,West,Retail,6,60180,0.1,324972.0,58561.36
2026-06-12,ORD-14139,CUST-1250,Keyboard,Accessories,East,Retail,8,2402,0.09,17486.56,2466.14
2026-06-12,ORD-14140,CUST-1043,Desktop,Electronics,North,Online,3,56702,0.11,151394.34,19045.94
2026-06-12,ORD-14141,CUST-1111,Tablet,Electronics,West,Online,4,40658,0.14,139863.52,22032.48
2026-06-12,ORD-14142,CUST-1082,Headphones,Accessories,East,Distributor,7,8586,0.13,52288.74,5108.21
2026-06-12,ORD-14143,CUST-1278,Mouse,Accessories,North,Retail,3,1240,0.03,3608.4,777.26
2026-06-13,ORD-14144,CUST-1074,Printer,Office Equipment,South,Distributor,4,9050,0.11,32218.0,5360.68
2026-06-13,ORD-14145,CUST-1465,Mouse,Accessories,South,Online,9,970,0.08,8031.6,947.24
2026-06-13,ORD-14146,CUST-1325,Laptop,Electronics,West,Online,8,118380,0.08,871276.8,82029.12
2026-06-13,ORD-14147,CUST-1076,Printer,Office Equipment,South,Online,6,32985,0.14,170202.6,29378.78
2026-06-13,ORD-14148,CUST-1011,Tablet,Electronics,East,Online,3,15431,0.01,45830.07,7166.09
2026-06-13,ORD-14149,CUST-1349,Webcam,Accessories,South,Retail,8,5651,0.12,39783.04,3651.7
2026-06-13,ORD-14150,CUST-1080,Smartphone,Electronics,East,Retail,7,42438,0.09,270330.06,36619.45
2026-06-13,ORD-14151,CUST-1041,Headphones,Accessories,North,Distributor,2,1319,0.0,2638.0,374.02
2026-06-14,ORD-14152,CUST-1065,Desktop,Electronics,South,Retail,5,85130,0.08,391598.0,48365.71
2026-06-14,ORD-14153,CUST-1005,Monitor,Electronics,West,Online,4,32612,0.01,129143.52,14937.6
2026-06-14,ORD-14154,CUST-1270,Monitor,Electronics,South,Online,4,20559,0.01,81413.64,16835.51
2026-06-14,ORD-14155,CUST-1101,Keyboard,Accessories,West,Retail,5,1966,0.13,8552.1,1614.27
2026-06-14,ORD-14156,CUST-1489,Keyboard,Accessories,North,Distributor,2,4361,0.12,7675.36,798.72
2026-06-14,ORD-14157,CUST-1430,Desktop,Electronics,West,Distributor,7,86495,0.06,569137.1,57525.27
2026-06-14,ORD-14158,CUST-1127,Printer,Office Equipment,South,Online,9,23441,0.11,187762.41,24773.99
2026-06-14,ORD-14159,CUST-1009,Mouse,Accessories,West,Online,6,1540,0.14,7946.4,722.54
2026-06-15,ORD-14160,CUST-1351,Printer,Office Equipment,East,Retail,7,16647,0.09,106041.39,8560.54
2026-06-15,ORD-14161,CUST-1048,Headphones,Accessories,West,Retail,9,1450,0.01,12919.5,2634.38
2026-06-15,ORD-14162,CUST-1087,Mouse,Accessories,North,Distributor,3,2776,0.14,7162.08,1583.7
2026-06-15,ORD-14163,CUST-1418,Monitor,Electronics,North,Distributor,5,13142,0.02,64395.8,5218.13
2026-06-15,ORD-14164,CUST-1050,Smartphone,Electronics,South,Online,7,95645,0.09,609258.65,121768.54
2026-06-15,ORD-14165,CUST-1356,Headphones,Accessories,South,Online,3,6429,0.06,18129.78,3602.07
2026-06-15,ORD-14166,CUST-1233,Webcam,Accessories,West,Distributor,1,6814,0.08,6268.88,1085.78
2026-06-15,ORD-14167,CUST-1488,Mouse,Accessories,East,Retail,4,1832,0.14,6302.08,1297.15
2026-06-16,ORD-14168,CUST-1305,Printer,Office Equipment,East,Online,3,19136,0.11,51093.12,9962.22
2026-06-16,ORD-14169,CUST-1418,Desktop,Electronics,East,Retail,2,47589,0.14,81853.08,17350.39
2026-06-16,ORD-14170,CUST-1282,Webcam,Accessories,South,Retail,7,4474,0.07,29125.74,5816.44
2026-06-16,ORD-14171,CUST-1300,Laptop,Electronics,North,Online,4,60807,0.15,206743.8,26252.59
2026-06-16,ORD-14172,CUST-1408,Laptop,Electronics,North,Distributor,5,97021,0.12,426892.4,72879.05
2026-06-16,ORD-14173,CUST-1409,Smartphone,Electronics,East,Online,8,30431,0.13,211799.76,32490.15
2026-06-16,ORD-14174,CUST-1354,Monitor,Electronics,East,Distributor,4,22057,0.14,75876.08,10307.09
2026-06-17,ORD-14175,CUST-1288,Headphones,Accessories,West,Retail,3,1740,0.05,4959.0,1065.62
2026-06-17,ORD-14176,CUST-1045,Headphones,Accessories,North,Distributor,8,9125,0.09,66430.0,16410.49
2026-06-17,ORD-14177,CUST-1169,Keyboard,Accessories,West,Retail,8,2630,0.0,21040.0,2775.73
2026-06-17,ORD-14178,CUST-1349,Monitor,Electronics,North,Online,8,38640,0.04,296755.2,62437.07
2026-06-17,ORD-14179,CUST-1182,Printer,Office Equipment,West,Online,1,26005,0.09,23664.55,5482.47
2026-06-17,ORD-14180,CUST-1059,Desktop,Electronics,South,Online,6,83207,0.14,429348.12,46601.76
2026-06-17,ORD-14181,CUST-1468,Printer,Office Equipment,South,Retail,9,27500,0.12,217800.0,19674.73
2026-06-17,ORD-14182,CUST-1259,Tablet,Electronics,South,Online,7,59614,0.11,371395.22,37913.44
2026-06-18,ORD-14183,CUST-1382,Tablet,Electronics,South,Distributor,5,40586,0.14,174519.8,35930.23
2026-06-18,ORD-14184,CUST-1064,Smartphone,Electronics,West,Online,8,90669,0.13,631056.24,141204.47
2026-06-18,ORD-14185,CUST-1112,Headphones,Accessories,South,Distributor,7,1796,0.14,10811.92,2438.86
2026-06-18,ORD-14186,CUST-1074,Tablet,Electronics,East,Distributor,9,49016,0.1,397029.6,91327.73
2026-06-18,ORD-14187,CUST-1395,Webcam,Accessories,East,Online,9,7997,0.08,66215.16,6478.18
2026-06-18,ORD-14188,CUST-1465,Smartphone,Electronics,North,Distributor,8,66894,0.1,481636.8,42718.98
2026-06-18,ORD-14189,CUST-1298,Laptop,Electronics,East,Retail,8,81091,0.07,603317.04,77451.68
2026-06-18,ORD-14190,CUST-1056,Headphones,Accessories,North,Retail,8,5139,0.13,35767.44,4744.56
2026-06-19,ORD-14191,CUST-1394,Printer,Office Equipment,East,Retail,3,32373,0.06,91291.86,13287.73
2026-06-19,ORD-14192,CUST-1055,Keyboard,Accessories,West,Online,5,4502,0.12,19808.8,4930.36
2026-06-19,ORD-14193,CUST-1107,Mouse,Accessories,East,Distributor,4,1796,0.09,6537.44,1545.01
2026-06-19,ORD-14194,CUST-1293,Smartphone,Electronics,West,Retail,1,75563,0.12,66495.44,13278.29
2026-06-19,ORD-14195,CUST-1344,Webcam,Accessories,West,Retail,6,8880,0.08,49017.6,5779.4
2026-06-19,ORD-14196,CUST-1421,Printer,Office Equipment,South,Retail,9,10360,0.06,87645.6,14852.61
2026-06-19,ORD-14197,CUST-1343,Laptop,Electronics,North,Distributor,8,77592,0.01,614528.64,95427.48
2026-06-19,ORD-14198,CUST-1326,Tablet,Electronics,South,Retail,8,40423,0.01,320150.16,75749.13
2026-06-20,ORD-14199,CUST-1298,Laptop,Electronics,South,Online,1,114478,0.08,105319.76,12327.16
2026-06-20,ORD-14200,CUST-1462,Keyboard,Accessories,South,Retail,4,4904,0.05,18635.2,1534.07
2026-06-20,ORD-14201,CUST-1392,Smartphone,Electronics,North,Distributor,6,32025,0.14,165249.0,22575.53
2026-06-20,ORD-14202,CUST-1476,Monitor,Electronics,West,Retail,4,12850,0.11,45746.0,11141.02
2026-06-20,ORD-14203,CUST-1363,Keyboard,Accessories,East,Online,3,4556,0.04,13121.28,2598.54
2026-06-20,ORD-14204,CUST-1096,Mouse,Accessories,South,Online,8,1038,0.04,7971.84,1572.81
2026-06-20,ORD-14205,CUST-1405,Keyboard,Accessories,East,Online,5,4749,0.07,22082.85,2862.89
2026-06-20,ORD-14206,CUST-1231,Smartphone,Electronics,North,Online,4,61784,0.05,234779.2,32539.22
2026-06-21,ORD-14207,CUST-1099,Laptop,Electronics,West,Retail,1,103880,0.02,101802.4,12496.35
2026-06-21,ORD-14208,CUST-1200,Mouse,Accessories,North,Online,6,2708,0.04,15598.08,2494.42
2026-06-21,ORD-14209,CUST-1047,Desktop,Electronics,South,Retail,9,76943,0.04,664787.52,128074.13
2026-06-21,ORD-14210,CUST-1052,Laptop,Electronics,South,Online,7,92588,0.0,648116.0,132825.08
2026-06-21,ORD-14211,CUST-1013,Monitor,Electronics,East,Retail,9,31269,0.04,270164.16,54225.84
2026-06-21,ORD-14212,CUST-1343,Mouse,Accessories,North,Retail,5,2117,0.08,9738.2,1362.95
2026-06-21,ORD-14213,CUST-1170,Headphones,Accessories,North,Online,6,6305,0.12,33290.4,4588.04
2026-06-21,ORD-14214,CUST-1255,Printer,Office Equipment,West,Distributor,4,31124,0.05,118271.2,9594.74
2026-06-22,ORD-14215,CUST-1209,Smartphone,Electronics,South,Distributor,5,43362,0.03,210305.7,21718.85
2026-06-22,ORD-14216,CUST-1014,Smartphone,Electronics,South,Distributor,1,49452,0.1,44506.8,6670.69
2026-06-22,ORD-14217,CUST-1427,Keyboard,Accessories,South,Retail,7,3888,0.11,24222.24,5985.77
2026-06-22,ORD-14218,CUST-1031,Smartphone,Electronics,West,Retail,1,39083,0.14,33611.38,3738.91
2026-06-22,ORD-14219,CUST-1019,Headphones,Accessories,West,Distributor,1,7560,0.02,7408.8,1566.62
2026-06-22,ORD-14220,CUST-1088,Tablet,Electronics,North,Online,1,19399,0.14,16683.14,3258.16
2026-06-22,ORD-14221,CUST-1223,Keyboard,Accessories,West,Online,4,2871,0.05,10909.8,934.29
2026-06-22,ORD-14222,CUST-1099,Desktop,Electronics,South,Distributor,7,51948,0.11,323636.04,56218.69
2026-06-23,ORD-14223,CUST-1332,Keyboard,Accessories,South,Online,2,2090,0.09,3803.8,548.69
2026-06-23,ORD-14224,CUST-1088,Laptop,Electronics,West,Online,6,79403,0.0,476418.0,45000.89
2026-06-23,ORD-14225,CUST-1334,Laptop,Electronics,West,Retail,9,66505,0.13,520734.15,86886.75
2026-06-23,ORD-14226,CUST-1317,Mouse,Accessories,East,Retail,3,2259,0.12,5963.76,797.02
2026-06-23,ORD-14227,CUST-1477,Webcam,Accessories,South,Online,9,8789,0.12,69608.88,16108.39
2026-06-23,ORD-14228,CUST-1425,Printer,Office Equipment,North,Online,4,12938,0.02,50716.96,9749.82
2026-06-23,ORD-14229,CUST-1132,Monitor,Electronics,West,Distributor,7,28904,0.08,186141.76,43419.66
2026-06-24,ORD-14230,CUST-1451,Printer,Office Equipment,East,Retail,6,24491,0.09,133720.86,13820.08
2026-06-24,ORD-14231,CUST-1009,Printer,Office Equipment,West,Retail,1,26607,0.06,25010.58,4945.69
2026-06-24,ORD-14232,CUST-1175,Tablet,Electronics,South,Retail,3,56132,0.04,161660.16,35373.96
2026-06-24,ORD-14233,CUST-1240,Tablet,Electronics,West,Distributor,4,44690,0.08,164459.2,32584.15
2026-06-24,ORD-14234,CUST-1357,Webcam,Accessories,East,Retail,5,1730,0.07,8044.5,1751.92
2026-06-24,ORD-14235,CUST-1222,Headphones,Accessories,North,Online,8,8669,0.07,64497.36,14671.84
2026-06-24,ORD-14236,CUST-1078,Smartphone,Electronics,East,Online,9,80552,0.09,659720.88,159714.65
2026-06-24,ORD-14237,CUST-1407,Printer,Office Equipment,South,Retail,9,10008,0.12,79263.36,8178.1
2026-06-25,ORD-14238,CUST-1174,Desktop,Electronics,South,Retail,7,56853,0.02,390011.58,32980.86
2026-06-25,ORD-14239,CUST-1367,Desktop,Electronics,West,Distributor,9,67803,0.0,610227.0,88984.97
2026-06-25,ORD-14240,CUST-1328,Webcam,Accessories,West,Retail,1,4797,0.01,4749.03,1057.54
2026-06-25,ORD-14241,CUST-1073,Mouse,Accessories,West,Distributor,8,2764,0.13,19237.44,3618.87
2026-06-25,ORD-14242,CUST-1134,Webcam,Accessories,South,Distributor,4,3518,0.13,12242.64,2563.18
2026-06-25,ORD-14243,CUST-1429,Headphones,Accessories,West,Online,4,7112,0.1,25603.2,3223.69
2026-06-25,ORD-14244,CUST-1010,Desktop,Electronics,West,Online,2,80422,0.08,147976.48,18421.22
2026-06-25,ORD-14245,CUST-1350,Desktop,Electronics,West,Retail,8,40076,0.1,288547.2,61317.88
2026-06-26,ORD-14246,CUST-1052,Desktop,Electronics,North,Retail,6,51177,0.01,303991.38,48470.72
2026-06-26,ORD-14247,CUST-1280,Mouse,Accessories,East,Distributor,1,1567,0.03,1519.99,231.33
2026-06-26,ORD-14248,CUST-1150,Tablet,Electronics,West,Online,7,44688,0.1,281534.4,53542.17
2026-06-26,ORD-14249,CUST-1292,Laptop,Electronics,North,Online,6,58830,0.01,349450.2,82988.62
2026-06-26,ORD-14250,CUST-1014,Tablet,Electronics,South,Online,1,21955,0.07,20418.15,4191.33
2026-06-26,ORD-14251,CUST-1242,Headphones,Accessories,South,Distributor,1,3434,0.05,3262.3,421.29
2026-06-26,ORD-14252,CUST-1088,Keyboard,Accessories,West,Retail,3,1068,0.01,3171.96,787.47
2026-06-26,ORD-14253,CUST-1334,Smartphone,Electronics,East,Distributor,8,50262,0.1,361886.4,70442.86
2026-06-27,ORD-14254,CUST-1231,Keyboard,Accessories,East,Retail,7,3432,0.09,21861.84,4530.65
2026-06-27,ORD-14255,CUST-1315,Monitor,Electronics,East,Distributor,6,14959,0.06,84368.76,16476.73
2026-06-27,ORD-14256,CUST-1178,Monitor,Electronics,South,Retail,1,19217,0.01,19024.83,2441.2
2026-06-27,ORD-14257,CUST-1096,Mouse,Accessories,South,Retail,1,1900,0.01,1881.0,437.66
2026-06-27,ORD-14258,CUST-1202,Smartphone,Electronics,West,Retail,4,73214,0.12,257713.28,55500.52
2026-06-27,ORD-14259,CUST-1271,Webcam,Accessories,East,Retail,2,7672,0.12,13502.72,1091.23
2026-06-27,ORD-14260,CUST-1409,Tablet,Electronics,East,Distributor,2,45002,0.05,85503.8,16394.57
2026-06-27,ORD-14261,CUST-1301,Mouse,Accessories,North,Distributor,7,2514,0.08,16190.16,2052.19
2026-06-28,ORD-14262,CUST-1376,Laptop,Electronics,North,Distributor,4,94224,0.08,346744.32,37814.42
2026-06-28,ORD-14263,CUST-1316,Headphones,Accessories,West,Online,8,5185,0.04,39820.8,3367.15
2026-06-28,ORD-14264,CUST-1498,Monitor,Electronics,West,Distributor,5,22251,0.11,99016.95,13263.07
2026-06-28,ORD-14265,CUST-1492,Smartphone,Electronics,North,Distributor,2,27736,0.14,47705.92,4550.67
2026-06-28,ORD-14266,CUST-1346,Webcam,Accessories,West,Distributor,6,2660,0.14,13725.6,1682.05
2026-06-28,ORD-14267,CUST-1039,Smartphone,Electronics,South,Retail,9,57140,0.09,467976.6,102555.24
2026-06-28,ORD-14268,CUST-1419,Smartphone,Electronics,West,Distributor,7,30438,0.08,196020.72,22667.76
2026-06-28,ORD-14269,CUST-1079,Keyboard,Accessories,South,Distributor,5,868,0.13,3775.8,327.66
2026-06-29,ORD-14270,CUST-1253,Printer,Office Equipment,South,Online,5,13074,0.05,62101.5,15185.49
2026-06-29,ORD-14271,CUST-1294,Headphones,Accessories,West,Distributor,6,5857,0.08,32330.64,3487.64
2026-06-29,ORD-14272,CUST-1240,Desktop,Electronics,East,Distributor,3,44209,0.13,115385.49,25008.9
2026-06-29,ORD-14273,CUST-1089,Webcam,Accessories,South,Retail,5,8821,0.05,41899.75,3387.02
2026-06-29,ORD-14274,CUST-1242,Desktop,Electronics,South,Online,8,87255,0.08,642196.8,78895.09
2026-06-29,ORD-14275,CUST-1274,Mouse,Accessories,North,Retail,7,721,0.07,4693.71,773.69
2026-06-29,ORD-14276,CUST-1429,Headphones,Accessories,West,Distributor,3,3964,0.06,11178.48,2536.69
2026-06-29,ORD-14277,CUST-1268,Webcam,Accessories,West,Retail,9,11636,0.07,97393.32,24234.93
2026-06-30,ORD-14278,CUST-1231,Headphones,Accessories,East,Online,5,5567,0.05,26443.25,3275.18
2026-06-30,ORD-14279,CUST-1069,Keyboard,Accessories,South,Retail,5,834,0.02,4086.6,750.97
2026-06-30,ORD-14280,CUST-1339,Laptop,Electronics,North,Distributor,6,107011,0.03,622804.02,97858.29
2026-06-30,ORD-14281,CUST-1308,Smartphone,Electronics,North,Online,4,47921,0.06,180182.96,22047.78
2026-06-30,ORD-14282,CUST-1150,Monitor,Electronics,West,Distributor,5,37573,0.15,159685.25,20548.02
2026-06-30,ORD-14283,CUST-1035,Keyboard,Accessories,East,Retail,7,3662,0.06,24095.96,5700.88
2026-06-30,ORD-14284,CUST-1122,Webcam,Accessories,North,Retail,7,3729,0.11,23231.67,4627.96
2026-07-01,ORD-14285,CUST-1443,Laptop,Electronics,East,Online,7,93946,0.09,598436.02,100619.96
2026-07-01,ORD-14286,CUST-1325,Desktop,Electronics,East,Online,7,42301,0.02,290184.86,29654.33
2026-07-01,ORD-14287,CUST-1090,Keyboard,Accessories,West,Online,1,2546,0.13,2215.02,538.78
2026-07-01,ORD-14288,CUST-1233,Webcam,Accessories,East,Retail,7,11915,0.1,75064.5,9632.7
2026-07-01,ORD-14289,CUST-1278,Keyboard,Accessories,North,Retail,2,1661,0.02,3255.56,302.78
2026-07-01,ORD-14290,CUST-1408,Webcam,Accessories,North,Retail,3,10635,0.14,27438.3,4711.97
2026-07-01,ORD-14291,CUST-1318,Printer,Office Equipment,East,Distributor,2,18451,0.1,33211.8,4344.01
2026-07-01,ORD-14292,CUST-1426,Printer,Office Equipment,East,Online,7,15590,0.05,103673.5,14041.29
2026-07-02,ORD-14293,CUST-1267,Webcam,Accessories,South,Retail,1,4207,0.09,3828.37,664.86
2026-07-02,ORD-14294,CUST-1276,Monitor,Electronics,West,Retail,2,15614,0.14,26856.08,4537.68
2026-07-02,ORD-14295,CUST-1199,Smartphone,Electronics,East,Online,1,56431,0.13,49094.97,9047.56
2026-07-02,ORD-14296,CUST-1146,Webcam,Accessories,West,Online,9,4061,0.15,31066.65,6925.34
2026-07-02,ORD-14297,CUST-1429,Headphones,Accessories,South,Distributor,3,1728,0.04,4976.64,964.84
2026-07-02,ORD-14298,CUST-1442,Webcam,Accessories,South,Online,9,9041,0.01,80555.31,16490.46
2026-07-02,ORD-14299,CUST-1267,Monitor,Electronics,West,Retail,1,16815,0.13,14629.05,3519.6
2026-07-02,ORD-14300,CUST-1069,Monitor,Electronics,West,Distributor,8,38596,0.11,274803.52,47451.37
2026-07-03,ORD-14301,CUST-1193,Headphones,Accessories,North,Distributor,3,8720,0.02,25636.8,4067.81
2026-07-03,ORD-14302,CUST-1229,Keyboard,Accessories,South,Retail,3,851,0.08,2348.76,552.36
2026-07-03,ORD-14303,CUST-1116,Tablet,Electronics,South,Retail,2,15475,0.06,29093.0,5620.55
2026-07-03,ORD-14304,CUST-1088,Headphones,Accessories,South,Distributor,6,8869,0.04,51085.44,11822.21
2026-07-03,ORD-14305,CUST-1028,Monitor,Electronics,East,Retail,8,26374,0.1,189892.8,39954.89
2026-07-03,ORD-14306,CUST-1031,Keyboard,Accessories,South,Retail,6,3720,0.11,19864.8,3175.76
2026-07-03,ORD-14307,CUST-1414,Keyboard,Accessories,West,Online,3,2194,0.08,6055.44,1324.26
2026-07-03,ORD-14308,CUST-1078,Mouse,Accessories,East,Retail,3,1442,0.01,4282.74,871.79
2026-07-04,ORD-14309,CUST-1358,Headphones,Accessories,South,Distributor,5,7726,0.08,35539.6,7232.16
2026-07-04,ORD-14310,CUST-1212,Tablet,Electronics,West,Distributor,8,57548,0.01,455780.16,44540.84
2026-07-04,ORD-14311,CUST-1401,Webcam,Accessories,East,Retail,2,7393,0.12,13011.68,1972.9
2026-07-04,ORD-14312,CUST-1447,Tablet,Electronics,East,Retail,4,49579,0.06,186417.04,39846.84
2026-07-04,ORD-14313,CUST-1343,Smartphone,Electronics,East,Distributor,1,53931,0.14,46380.66,5906.64
2026-07-04,ORD-14314,CUST-1091,Printer,Office Equipment,North,Distributor,8,32448,0.03,251796.48,28165.98
2026-07-04,ORD-14315,CUST-1238,Monitor,Electronics,West,Online,5,27837,0.09,126658.35,17717.27
2026-07-04,ORD-14316,CUST-1481,Laptop,Electronics,East,Distributor,7,71191,0.04,478403.52,88286.13
2026-07-05,ORD-14317,CUST-1211,Smartphone,Electronics,North,Distributor,5,35926,0.06,168852.2,14420.24
2026-07-05,ORD-14318,CUST-1367,Webcam,Accessories,North,Online,6,4880,0.01,28987.2,2953.55
2026-07-05,ORD-14319,CUST-1484,Keyboard,Accessories,West,Online,9,1037,0.1,8399.7,1016.57
2026-07-05,ORD-14320,CUST-1281,Printer,Office Equipment,North,Retail,3,25835,0.03,75179.85,10562.4
2026-07-05,ORD-14321,CUST-1059,Webcam,Accessories,East,Online,2,2125,0.08,3910.0,324.04
2026-07-05,ORD-14322,CUST-1206,Keyboard,Accessories,West,Online,8,3095,0.13,21541.2,2447.37
2026-07-05,ORD-14323,CUST-1036,Monitor,Electronics,East,Retail,8,26089,0.02,204537.76,43030.84
2026-07-05,ORD-14324,CUST-1341,Headphones,Accessories,East,Retail,7,7030,0.07,45765.3,10791.83
2026-07-06,ORD-14325,CUST-1499,Tablet,Electronics,East,Online,6,52247,0.05,297807.9,52684.36
2026-07-06,ORD-14326,CUST-1288,Headphones,Accessories,North,Retail,6,4932,0.1,26632.8,3881.54
2026-07-06,ORD-14327,CUST-1429,Desktop,Electronics,East,Online,5,73681,0.05,349984.75,80956.92
2026-07-06,ORD-14328,CUST-1160,Webcam,Accessories,South,Distributor,4,11727,0.05,44562.6,4780.55
2026-07-06,ORD-14329,CUST-1396,Headphones,Accessories,South,Online,3,2010,0.14,5185.8,1203.2
2026-07-06,ORD-14330,CUST-1363,Printer,Office Equipment,South,Online,6,11154,0.13,58223.88,10698.28
2026-07-06,ORD-14331,CUST-1076,Mouse,Accessories,North,Online,6,2412,0.04,13893.12,1810.2
2026-07-07,ORD-14332,CUST-1451,Laptop,Electronics,East,Retail,3,112073,0.09,305959.29,64268.53
2026-07-07,ORD-14333,CUST-1421,Keyboard,Accessories,East,Distributor,1,1959,0.05,1861.05,166.82
2026-07-07,ORD-14334,CUST-1145,Keyboard,Accessories,East,Online,3,1550,0.12,4092.0,840.62
2026-07-07,ORD-14335,CUST-1427,Monitor,Electronics,North,Distributor,4,35326,0.07,131412.72,16981.87
2026-07-07,ORD-14336,CUST-1282,Mouse,Accessories,North,Retail,2,1121,0.12,1972.96,187.54
2026-07-07,ORD-14337,CUST-1031,Monitor,Electronics,North,Retail,6,25669,0.09,140152.74,25102.63
2026-07-07,ORD-14338,CUST-1121,Tablet,Electronics,South,Retail,5,20802,0.02,101929.8,23938.47
2026-07-07,ORD-14339,CUST-1044,Mouse,Accessories,North,Online,7,433,0.01,3000.69,699.18
2026-07-08,ORD-14340,CUST-1242,Mouse,Accessories,North,Online,4,1473,0.12,5184.96,1040.67
2026-07-08,ORD-14341,CUST-1212,Keyboard,Accessories,North,Online,7,2240,0.13,13641.6,2082.78
2026-07-08,ORD-14342,CUST-1059,Tablet,Electronics,South,Online,4,34028,0.12,119778.56,11943.8
2026-07-08,ORD-14343,CUST-1042,Monitor,Electronics,South,Online,2,38929,0.1,70072.2,8033.69
2026-07-08,ORD-14344,CUST-1083,Desktop,Electronics,North,Distributor,5,78801,0.13,342784.35,60083.99
2026-07-08,ORD-14345,CUST-1154,Webcam,Accessories,East,Online,9,2650,0.09,21703.5,4235.71
2026-07-08,ORD-14346,CUST-1018,Keyboard,Accessories,South,Online,2,1682,0.1,3027.6,689.4
2026-07-08,ORD-14347,CUST-1418,Keyboard,Accessories,South,Online,4,3429,0.06,12893.04,2262.34
2026-07-09,ORD-14348,CUST-1320,Tablet,Electronics,West,Retail,3,30302,0.11,80906.34,18589.87
2026-07-09,ORD-14349,CUST-1439,Laptop,Electronics,South,Distributor,5,59070,0.14,254001.0,23993.68
2026-07-09,ORD-14350,CUST-1390,Webcam,Accessories,West,Retail,2,11631,0.02,22796.76,3785.41
2026-07-09,ORD-14351,CUST-1400,Laptop,Electronics,South,Online,6,53954,0.02,317249.52,64328.71
2026-07-09,ORD-14352,CUST-1490,Keyboard,Accessories,West,Online,5,2958,0.09,13458.9,2060.23
2026-07-09,ORD-14353,CUST-1423,Mouse,Accessories,West,Retail,9,2344,0.12,18564.48,2573.78
2026-07-09,ORD-14354,CUST-1077,Headphones,Accessories,South,Online,3,6867,0.11,18334.89,3502.21
2026-07-09,ORD-14355,CUST-1339,Printer,Office Equipment,West,Distributor,4,11855,0.06,44574.8,9895.26
2026-07-10,ORD-14356,CUST-1381,Webcam,Accessories,North,Retail,2,3020,0.1,5436.0,1222.95
2026-07-10,ORD-14357,CUST-1194,Tablet,Electronics,South,Online,1,27318,0.11,24313.02,4314.74
2026-07-10,ORD-14358,CUST-1311,Printer,Office Equipment,East,Retail,7,23127,0.0,161889.0,22456.09
2026-07-10,ORD-14359,CUST-1366,Smartphone,Electronics,South,Online,7,67063,0.1,422496.9,51437.29
2026-07-10,ORD-14360,CUST-1348,Keyboard,Accessories,East,Distributor,8,1285,0.0,10280.0,1011.31
2026-07-10,ORD-14361,CUST-1335,Laptop,Electronics,North,Distributor,1,114943,0.13,100000.41,9116.96
2026-07-10,ORD-14362,CUST-1432,Printer,Office Equipment,North,Retail,4,16180,0.03,62778.4,8205.24
2026-07-10,ORD-14363,CUST-1277,Headphones,Accessories,South,Distributor,9,9043,0.04,78131.52,17961.38
2026-07-11,ORD-14364,CUST-1430,Monitor,Electronics,West,Online,4,25339,0.05,96288.2,19688.57
2026-07-11,ORD-14365,CUST-1429,Monitor,Electronics,South,Distributor,9,37882,0.13,296616.06,69783.92
2026-07-11,ORD-14366,CUST-1445,Headphones,Accessories,North,Online,9,6532,0.11,52321.32,7352.82
2026-07-11,ORD-14367,CUST-1493,Smartphone,Electronics,South,Retail,2,90511,0.14,155678.92,33142.94
2026-07-11,ORD-14368,CUST-1465,Webcam,Accessories,South,Distributor,3,5353,0.06,15095.46,2600.23
2026-07-11,ORD-14369,CUST-1098,Tablet,Electronics,South,Online,4,40977,0.13,142599.96,31800.07
2026-07-11,ORD-14370,CUST-1130,Webcam,Accessories,West,Retail,1,2033,0.04,1951.68,234.23
2026-07-11,ORD-14371,CUST-1264,Webcam,Accessories,West,Distributor,5,8271,0.06,38873.7,8393.83
2026-07-12,ORD-14372,CUST-1045,Tablet,Electronics,South,Online,5,21439,0.06,100763.3,16473.38
2026-07-12,ORD-14373,CUST-1086,Printer,Office Equipment,West,Retail,4,11461,0.07,42634.92,5912.83
2026-07-12,ORD-14374,CUST-1002,Printer,Office Equipment,North,Online,1,11992,0.04,11512.32,1925.73
2026-07-12,ORD-14375,CUST-1057,Mouse,Accessories,East,Distributor,5,725,0.06,3407.5,375.86
2026-07-12,ORD-14376,CUST-1060,Keyboard,Accessories,North,Retail,7,1360,0.01,9424.8,1617.6
2026-07-12,ORD-14377,CUST-1264,Printer,Office Equipment,South,Retail,1,14496,0.13,12611.52,1172.14
2026-07-12,ORD-14378,CUST-1194,Laptop,Electronics,East,Retail,6,94786,0.05,540280.2,101140.85
2026-07-12,ORD-14379,CUST-1385,Monitor,Electronics,East,Online,7,26409,0.15,157133.55,22715.5
2026-07-13,ORD-14380,CUST-1101,Tablet,Electronics,East,Distributor,8,20865,0.15,141882.0,30814.26
2026-07-13,ORD-14381,CUST-1181,Mouse,Accessories,West,Retail,6,1550,0.15,7905.0,1771.45
2026-07-13,ORD-14382,CUST-1047,Laptop,Electronics,West,Distributor,1,80260,0.15,68221.0,15329.84
2026-07-13,ORD-14383,CUST-1495,Monitor,Electronics,West,Distributor,3,26270,0.12,69352.8,16824.88
2026-07-13,ORD-14384,CUST-1372,Tablet,Electronics,West,Distributor,5,23238,0.1,104571.0,19949.81
2026-07-13,ORD-14385,CUST-1447,Keyboard,Accessories,North,Distributor,7,2698,0.08,17375.12,3333.95
2026-07-13,ORD-14386,CUST-1132,Headphones,Accessories,North,Distributor,8,1351,0.15,9186.8,1649.32
2026-07-14,ORD-14387,CUST-1016,Smartphone,Electronics,North,Online,2,68266,0.1,122878.8,28774.56
2026-07-14,ORD-14388,CUST-1484,Keyboard,Accessories,North,Online,7,2926,0.13,17819.34,3708.47
2026-07-14,ORD-14389,CUST-1446,Mouse,Accessories,West,Retail,9,2973,0.04,25686.72,3242.74
2026-07-14,ORD-14390,CUST-1292,Laptop,Electronics,East,Distributor,1,105046,0.03,101894.62,16587.67
2026-07-14,ORD-14391,CUST-1488,Smartphone,Electronics,East,Retail,6,31267,0.05,178221.9,19748.98
2026-07-14,ORD-14392,CUST-1427,Mouse,Accessories,North,Distributor,7,2152,0.09,13708.24,1781.06
2026-07-14,ORD-14393,CUST-1256,Tablet,Electronics,North,Online,6,43516,0.02,255874.08,35381.02
2026-07-14,ORD-14394,CUST-1367,Desktop,Electronics,North,Distributor,7,88659,0.13,539933.31,124696.81
2026-07-15,ORD-14395,CUST-1400,Tablet,Electronics,East,Distributor,4,32753,0.05,124461.4,22227.92
2026-07-15,ORD-14396,CUST-1209,Headphones,Accessories,South,Distributor,3,4837,0.05,13785.45,1378.3
2026-07-15,ORD-14397,CUST-1310,Keyboard,Accessories,West,Distributor,3,4261,0.04,12271.68,2509.41
2026-07-15,ORD-14398,CUST-1284,Desktop,Electronics,North,Online,1,43474,0.01,43039.26,3536.5
2026-07-15,ORD-14399,CUST-1487,Smartphone,Electronics,North,Distributor,5,98395,0.1,442777.5,69179.63
2026-07-15,ORD-14400,CUST-1481,Keyboard,Accessories,East,Distributor,1,3016,0.13,2623.92,557.04
2026-07-15,ORD-14401,CUST-1326,Mouse,Accessories,South,Retail,2,1581,0.03,3067.14,613.29
2026-07-15,ORD-14402,CUST-1086,Headphones,Accessories,West,Distributor,3,9877,0.03,28742.07,3341.42
2026-07-16,ORD-14403,CUST-1337,Headphones,Accessories,South,Online,7,9059,0.09,57705.83,10059.0
2026-07-16,ORD-14404,CUST-1233,Monitor,Electronics,West,Online,7,39008,0.05,259403.2,32831.68
2026-07-16,ORD-14405,CUST-1373,Desktop,Electronics,North,Distributor,6,73924,0.08,408060.48,93935.66
2026-07-16,ORD-14406,CUST-1142,Tablet,Electronics,North,Distributor,1,59245,0.13,51543.15,11049.17
2026-07-16,ORD-14407,CUST-1038,Laptop,Electronics,East,Retail,8,65836,0.02,516154.24,77840.56
2026-07-16,ORD-14408,CUST-1052,Mouse,Accessories,South,Online,5,1963,0.11,8735.35,820.19
2026-07-16,ORD-14409,CUST-1392,Smartphone,Electronics,East,Retail,8,62610,0.12,440774.4,48184.81
2026-07-16,ORD-14410,CUST-1254,Keyboard,Accessories,West,Retail,9,3556,0.15,27203.4,3030.55
2026-07-17,ORD-14411,CUST-1286,Webcam,Accessories,North,Distributor,8,9011,0.0,72088.0,11511.63
2026-07-17,ORD-14412,CUST-1080,Monitor,Electronics,North,Distributor,6,17938,0.03,104399.16,24882.67
2026-07-17,ORD-14413,CUST-1207,Webcam,Accessories,West,Distributor,1,10521,0.15,8942.85,1863.17
2026-07-17,ORD-14414,CUST-1372,Smartphone,Electronics,North,Online,1,95544,0.06,89811.36,13381.65
2026-07-17,ORD-14415,CUST-1281,Webcam,Accessories,South,Distributor,7,7407,0.14,44590.14,9961.88
2026-07-17,ORD-14416,CUST-1422,Headphones,Accessories,South,Online,8,2035,0.06,15303.2,2271.41
2026-07-17,ORD-14417,CUST-1004,Laptop,Electronics,North,Retail,1,74761,0.1,67284.9,13904.7
2026-07-17,ORD-14418,CUST-1323,Laptop,Electronics,West,Distributor,4,113886,0.08,419100.48,37857.78
2026-07-18,ORD-14419,CUST-1406,Printer,Office Equipment,North,Distributor,4,13381,0.01,52988.76,11450.51
2026-07-18,ORD-14420,CUST-1344,Webcam,Accessories,West,Retail,4,5972,0.08,21976.96,3976.9
2026-07-18,ORD-14421,CUST-1090,Mouse,Accessories,West,Retail,9,2203,0.13,17249.49,4118.45
2026-07-18,ORD-14422,CUST-1174,Laptop,Electronics,West,Retail,8,87538,0.1,630273.6,79246.6
2026-07-18,ORD-14423,CUST-1141,Tablet,Electronics,North,Distributor,3,42988,0.07,119936.52,16944.22
2026-07-18,ORD-14424,CUST-1138,Webcam,Accessories,West,Retail,3,9727,0.02,28597.38,7139.31
2026-07-18,ORD-14425,CUST-1099,Smartphone,Electronics,East,Retail,6,15457,0.13,80685.54,17516.76
2026-07-18,ORD-14426,CUST-1203,Monitor,Electronics,South,Online,3,11999,0.03,34917.09,8580.69
2026-07-19,ORD-14427,CUST-1176,Keyboard,Accessories,South,Retail,3,3986,0.1,10762.2,2514.96
2026-07-19,ORD-14428,CUST-1388,Tablet,Electronics,North,Retail,4,30828,0.0,123312.0,28952.24
2026-07-19,ORD-14429,CUST-1263,Mouse,Accessories,East,Online,1,1960,0.03,1901.2,180.07
2026-07-19,ORD-14430,CUST-1062,Monitor,Electronics,South,Retail,5,25236,0.06,118609.2,19139.74
2026-07-19,ORD-14431,CUST-1012,Webcam,Accessories,North,Distributor,4,9400,0.11,33464.0,5946.84
2026-07-19,ORD-14432,CUST-1307,Headphones,Accessories,South,Online,4,7544,0.11,26856.64,5650.68
2026-07-19,ORD-14433,CUST-1066,Monitor,Electronics,South,Distributor,8,24236,0.03,188071.36,46791.14
2026-07-20,ORD-14434,CUST-1118,Headphones,Accessories,West,Online,7,3610,0.12,22237.6,4692.85
2026-07-20,ORD-14435,CUST-1106,Keyboard,Accessories,North,Online,8,2247,0.03,17436.72,3620.83
2026-07-20,ORD-14436,CUST-1365,Keyboard,Accessories,North,Online,4,4662,0.12,16410.24,3358.67
2026-07-20,ORD-14437,CUST-1458,Webcam,Accessories,North,Online,5,3835,0.1,17257.5,2116.93
2026-07-20,ORD-14438,CUST-1389,Tablet,Electronics,South,Distributor,1,32504,0.03,31528.88,3772.36
2026-07-20,ORD-14439,CUST-1204,Desktop,Electronics,North,Online,9,73727,0.03,643636.71,82229.89
2026-07-20,ORD-14440,CUST-1237,Headphones,Accessories,South,Retail,8,9969,0.09,72574.32,5961.91
2026-07-20,ORD-14441,CUST-1478,Desktop,Electronics,North,Retail,9,86587,0.1,701354.7,100424.43
2026-07-21,ORD-14442,CUST-1321,Printer,Office Equipment,West,Retail,7,25706,0.0,179942.0,44289.37
2026-07-21,ORD-14443,CUST-1073,Headphones,Accessories,North,Retail,6,6032,0.05,34382.4,7613.63
2026-07-21,ORD-14444,CUST-1222,Tablet,Electronics,East,Online,9,29578,0.07,247567.86,47949.42
2026-07-21,ORD-14445,CUST-1331,Headphones,Accessories,West,Distributor,4,3383,0.09,12314.12,1927.79
2026-07-21,ORD-14446,CUST-1067,Webcam,Accessories,South,Distributor,6,11604,0.03,67535.28,13736.05
2026-07-21,ORD-14447,CUST-1310,Smartphone,Electronics,West,Distributor,1,43960,0.09,40003.6,7373.21
2026-07-21,ORD-14448,CUST-1121,Webcam,Accessories,South,Online,4,4960,0.01,19641.6,2814.45
2026-07-21,ORD-14449,CUST-1215,Smartphone,Electronics,East,Retail,9,64038,0.11,512944.38,112912.77
2026-07-22,ORD-14450,CUST-1222,Desktop,Electronics,West,Distributor,1,48373,0.05,45954.35,6770.95
2026-07-22,ORD-14451,CUST-1213,Laptop,Electronics,West,Online,7,109997,0.03,746879.63,97544.67
2026-07-22,ORD-14452,CUST-1183,Mouse,Accessories,North,Distributor,9,2155,0.04,18619.2,3260.55
2026-07-22,ORD-14453,CUST-1438,Laptop,Electronics,West,Retail,4,119171,0.05,452849.8,60125.47
2026-07-22,ORD-14454,CUST-1205,Monitor,Electronics,South,Distributor,3,13380,0.05,38133.0,6719.66
2026-07-22,ORD-14455,CUST-1116,Tablet,Electronics,East,Distributor,5,28493,0.09,129643.15,32097.56
2026-07-22,ORD-14456,CUST-1164,Headphones,Accessories,East,Retail,5,1118,0.03,5422.3,952.64
2026-07-22,ORD-14457,CUST-1262,Headphones,Accessories,West,Online,7,7029,0.03,47726.91,7630.97
2026-07-23,ORD-14458,CUST-1339,Laptop,Electronics,South,Distributor,1,69610,0.11,61952.9,5915.06
2026-07-23,ORD-14459,CUST-1380,Tablet,Electronics,South,Retail,4,39914,0.1,143690.4,16904.61
2026-07-23,ORD-14460,CUST-1087,Printer,Office Equipment,South,Retail,8,14713,0.11,104756.56,23105.22
2026-07-23,ORD-14461,CUST-1033,Webcam,Accessories,West,Distributor,8,5889,0.08,43343.04,7876.57
2026-07-23,ORD-14462,CUST-1308,Printer,Office Equipment,North,Retail,1,34114,0.01,33772.86,3412.86
2026-07-23,ORD-14463,CUST-1011,Webcam,Accessories,West,Online,9,8558,0.06,72400.68,17733.22
2026-07-23,ORD-14464,CUST-1396,Monitor,Electronics,South,Distributor,7,20143,0.05,133950.95,27919.04
2026-07-23,ORD-14465,CUST-1143,Tablet,Electronics,North,Retail,9,38422,0.09,314676.18,58881.31
2026-07-24,ORD-14466,CUST-1306,Printer,Office Equipment,South,Retail,1,33784,0.12,29729.92,5769.16
2026-07-24,ORD-14467,CUST-1336,Desktop,Electronics,East,Distributor,7,59178,0.14,356251.56,75203.93
2026-07-24,ORD-14468,CUST-1417,Webcam,Accessories,South,Distributor,2,1737,0.04,3335.04,692.72
2026-07-24,ORD-14469,CUST-1130,Mouse,Accessories,West,Online,7,2183,0.14,13141.66,2917.67
2026-07-24,ORD-14470,CUST-1381,Keyboard,Accessories,East,Online,9,4408,0.12,34911.36,8028.6
2026-07-24,ORD-14471,CUST-1044,Webcam,Accessories,South,Retail,1,6935,0.06,6518.9,903.59
2026-07-24,ORD-14472,CUST-1472,Webcam,Accessories,South,Retail,5,8862,0.07,41208.3,7453.78
2026-07-24,ORD-14473,CUST-1206,Mouse,Accessories,East,Distributor,4,1481,0.05,5627.8,1030.22
2026-07-25,ORD-14474,CUST-1029,Keyboard,Accessories,South,Online,9,1132,0.06,9576.72,1982.13
2026-07-25,ORD-14475,CUST-1487,Laptop,Electronics,South,Retail,9,101109,0.04,873581.76,189022.62
2026-07-25,ORD-14476,CUST-1304,Keyboard,Accessories,East,Online,5,2702,0.05,12834.5,2179.63
2026-07-25,ORD-14477,CUST-1421,Desktop,Electronics,South,Distributor,3,46692,0.1,126068.4,18419.72
2026-07-25,ORD-14478,CUST-1169,Tablet,Electronics,East,Retail,2,15334,0.08,28214.56,2473.04
2026-07-25,ORD-14479,CUST-1300,Smartphone,Electronics,North,Online,5,65038,0.06,305678.6,71467.89
2026-07-25,ORD-14480,CUST-1376,Tablet,Electronics,North,Distributor,7,32010,0.07,208385.1,32950.79
2026-07-25,ORD-14481,CUST-1173,Desktop,Electronics,North,Online,7,45312,0.03,307668.48,30669.84
2026-07-26,ORD-14482,CUST-1209,Smartphone,Electronics,North,Distributor,7,56026,0.15,333354.7,57907.83
2026-07-26,ORD-14483,CUST-1160,Smartphone,Electronics,South,Online,1,20558,0.12,18091.04,2378.22
2026-07-26,ORD-14484,CUST-1366,Keyboard,Accessories,West,Online,6,1873,0.13,9777.06,1473.57
2026-07-26,ORD-14485,CUST-1392,Desktop,Electronics,North,Online,4,73791,0.05,280405.8,58146.46
2026-07-26,ORD-14486,CUST-1054,Smartphone,Electronics,North,Online,6,78166,0.03,454926.12,76505.79
2026-07-26,ORD-14487,CUST-1493,Monitor,Electronics,North,Retail,5,36563,0.05,173674.25,27643.49
2026-07-26,ORD-14488,CUST-1046,Webcam,Accessories,East,Distributor,1,7804,0.11,6945.56,1327.94
2026-07-27,ORD-14489,CUST-1370,Smartphone,Electronics,East,Online,2,39863,0.14,68564.36,12775.62
2026-07-27,ORD-14490,CUST-1378,Headphones,Accessories,South,Distributor,6,2979,0.09,16265.34,3158.95
2026-07-27,ORD-14491,CUST-1338,Printer,Office Equipment,West,Online,9,22353,0.01,199165.23,30597.14
2026-07-27,ORD-14492,CUST-1485,Tablet,Electronics,South,Distributor,1,50144,0.0,50144.0,6664.24
2026-07-27,ORD-14493,CUST-1359,Keyboard,Accessories,North,Distributor,3,3795,0.0,11385.0,2688.33
2026-07-27,ORD-14494,CUST-1416,Printer,Office Equipment,South,Online,2,13036,0.14,22421.92,2632.35
2026-07-27,ORD-14495,CUST-1288,Keyboard,Accessories,East,Online,5,3691,0.02,18085.9,1861.23
2026-07-27,ORD-14496,CUST-1475,Laptop,Electronics,West,Retail,4,112652,0.13,392028.96,36230.18
2026-07-28,ORD-14497,CUST-1130,Headphones,Accessories,North,Retail,9,6714,0.06,56800.44,11461.15
2026-07-28,ORD-14498,CUST-1092,Printer,Office Equipment,West,Distributor,2,10237,0.1,18426.6,4281.8
2026-07-28,ORD-14499,CUST-1198,Monitor,Electronics,East,Online,1,31288,0.03,30349.36,2735.17
2026-07-28,ORD-14500,CUST-1060,Printer,Office Equipment,West,Online,6,24068,0.1,129967.2,14109.64
2026-07-28,ORD-14501,CUST-1067,Desktop,Electronics,South,Distributor,9,45365,0.13,355207.95,68707.28
2026-07-28,ORD-14502,CUST-1298,Smartphone,Electronics,West,Distributor,4,40646,0.01,160958.16,21757.17
2026-07-28,ORD-14503,CUST-1404,Monitor,Electronics,East,Distributor,1,24063,0.12,21175.44,2490.18
2026-07-28,ORD-14504,CUST-1417,Headphones,Accessories,North,Online,7,9272,0.11,57764.56,14406.21
2026-07-29,ORD-14505,CUST-1440,Smartphone,Electronics,North,Retail,7,98003,0.02,672300.58,140966.44
2026-07-29,ORD-14506,CUST-1386,Headphones,Accessories,North,Online,1,6632,0.02,6499.36,591.88
2026-07-29,ORD-14507,CUST-1397,Printer,Office Equipment,North,Distributor,1,25002,0.02,24501.96,5234.21
2026-07-29,ORD-14508,CUST-1208,Webcam,Accessories,North,Distributor,1,5647,0.04,5421.12,1167.5
2026-07-29,ORD-14509,CUST-1282,Desktop,Electronics,South,Retail,8,46698,0.04,358640.64,77737.22
2026-07-29,ORD-14510,CUST-1015,Printer,Office Equipment,West,Online,6,16638,0.04,95834.88,21926.82
2026-07-29,ORD-14511,CUST-1354,Smartphone,Electronics,West,Retail,6,80732,0.01,479548.08,105840.23
2026-07-29,ORD-14512,CUST-1316,Headphones,Accessories,East,Distributor,7,8081,0.09,51475.97,6047.12
2026-07-30,ORD-14513,CUST-1040,Laptop,Electronics,East,Online,8,83802,0.02,657007.68,162331.05
2026-07-30,ORD-14514,CUST-1440,Smartphone,Electronics,West,Retail,1,53057,0.09,48281.87,7591.41
2026-07-30,ORD-14515,CUST-1273,Monitor,Electronics,East,Retail,6,37786,0.03,219914.52,46047.08
2026-07-30,ORD-14516,CUST-1176,Printer,Office Equipment,South,Online,7,27818,0.01,192778.74,35104.42
2026-07-30,ORD-14517,CUST-1322,Desktop,Electronics,West,Online,7,58723,0.07,382286.73,64665.4
2026-07-30,ORD-14518,CUST-1163,Tablet,Electronics,North,Online,5,59059,0.11,262812.55,60794.66
2026-07-30,ORD-14519,CUST-1043,Printer,Office Equipment,North,Retail,3,27947,0.12,73780.08,17909.64
2026-07-30,ORD-14520,CUST-1004,Printer,Office Equipment,South,Retail,3,33189,0.11,88614.63,13100.16
2026-07-31,ORD-14521,CUST-1448,Smartphone,Electronics,West,Retail,9,31708,0.04,273957.12,65752.16
2026-07-31,ORD-14522,CUST-1254,Laptop,Electronics,West,Distributor,2,101882,0.06,191538.16,20448.27
2026-07-31,ORD-14523,CUST-1478,Mouse,Accessories,West,Online,1,1047,0.01,1036.53,147.05
2026-07-31,ORD-14524,CUST-1492,Keyboard,Accessories,South,Retail,2,2008,0.05,3815.2,482.61
2026-07-31,ORD-14525,CUST-1000,Monitor,Electronics,East,Distributor,6,37125,0.11,198247.5,43871.02
2026-07-31,ORD-14526,CUST-1092,Webcam,Accessories,North,Retail,5,11333,0.06,53265.1,4827.32
2026-07-31,ORD-14527,CUST-1374,Laptop,Electronics,South,Retail,6,69686,0.0,418116.0,59036.6
2026-07-31,ORD-14528,CUST-1190,Keyboard,Accessories,West,Online,2,2343,0.11,4170.54,698.8
2026-08-01,ORD-14529,CUST-1064,Headphones,Accessories,North,Online,4,5721,0.1,20595.6,2495.65
2026-08-01,ORD-14530,CUST-1469,Smartphone,Electronics,East,Distributor,2,34252,0.14,58913.44,10508.44
2026-08-01,ORD-14531,CUST-1038,Keyboard,Accessories,East,Online,2,3070,0.14,5280.4,997.55
2026-08-01,ORD-14532,CUST-1409,Webcam,Accessories,South,Distributor,8,9888,0.03,76730.88,15199.88
2026-08-01,ORD-14533,CUST-1447,Tablet,Electronics,East,Online,8,53780,0.11,382913.6,40470.97
2026-08-01,ORD-14534,CUST-1116,Monitor,Electronics,North,Online,2,13760,0.06,25868.8,4404.26
2026-08-01,ORD-14535,CUST-1491,Tablet,Electronics,North,Distributor,9,20295,0.08,168042.6,32101.92
2026-08-02,ORD-14536,CUST-1209,Smartphone,Electronics,East,Retail,7,34739,0.13,211560.51,22773.69
2026-08-02,ORD-14537,CUST-1242,Webcam,Accessories,West,Retail,7,5056,0.1,31852.8,4506.4
2026-08-02,ORD-14538,CUST-1257,Headphones,Accessories,South,Online,3,7832,0.03,22791.12,4544.23
2026-08-02,ORD-14539,CUST-1065,Tablet,Electronics,East,Online,3,35615,0.05,101502.75,21024.76
2026-08-02,ORD-14540,CUST-1347,Headphones,Accessories,South,Distributor,2,2107,0.13,3666.18,897.85
2026-08-02,ORD-14541,CUST-1187,Laptop,Electronics,South,Distributor,6,56037,0.15,285788.7,35094.88
2026-08-02,ORD-14542,CUST-1134,Webcam,Accessories,West,Retail,3,9868,0.14,25459.44,2724.22
2026-08-02,ORD-14543,CUST-1272,Tablet,Electronics,South,Distributor,7,39883,0.14,240095.66,48129.7
2026-08-03,ORD-14544,CUST-1256,Webcam,Accessories,West,Online,8,6402,0.05,48655.2,9651.75
2026-08-03,ORD-14545,CUST-1350,Monitor,Electronics,South,Distributor,1,30505,0.07,28369.65,3270.83
2026-08-03,ORD-14546,CUST-1397,Printer,Office Equipment,South,Retail,9,19793,0.09,162104.67,15799.19
2026-08-03,ORD-14547,CUST-1151,Monitor,Electronics,North,Retail,2,31517,0.1,56730.6,9175.04
2026-08-03,ORD-14548,CUST-1412,Mouse,Accessories,West,Online,4,415,0.1,1494.0,150.45
2026-08-03,ORD-14549,CUST-1305,Mouse,Accessories,West,Retail,5,1856,0.02,9094.4,1946.54
2026-08-03,ORD-14550,CUST-1035,Headphones,Accessories,West,Online,8,6109,0.04,46917.12,5386.37
2026-08-03,ORD-14551,CUST-1141,Desktop,Electronics,West,Online,6,54862,0.03,319296.84,38736.01
2026-08-04,ORD-14552,CUST-1384,Smartphone,Electronics,North,Distributor,7,95643,0.07,622635.93,59573.76
2026-08-04,ORD-14553,CUST-1254,Keyboard,Accessories,East,Distributor,5,2653,0.04,12734.4,2317.13
2026-08-04,ORD-14554,CUST-1375,Webcam,Accessories,North,Retail,6,10536,0.11,56262.24,10497.0
2026-08-04,ORD-14555,CUST-1414,Webcam,Accessories,South,Online,7,2379,0.14,14321.58,3570.6
2026-08-04,ORD-14556,CUST-1223,Headphones,Accessories,South,Distributor,3,9177,0.09,25053.21,2929.96
2026-08-04,ORD-14557,CUST-1487,Monitor,Electronics,South,Online,8,39590,0.04,304051.2,69163.29
2026-08-04,ORD-14558,CUST-1164,Desktop,Electronics,East,Distributor,3,50969,0.03,148319.79,33825.88
2026-08-04,ORD-14559,CUST-1060,Laptop,Electronics,East,Distributor,8,51806,0.04,397870.08,45813.04
2026-08-05,ORD-14560,CUST-1241,Webcam,Accessories,West,Retail,4,7993,0.08,29414.24,3901.54
2026-08-05,ORD-14561,CUST-1440,Laptop,Electronics,East,Retail,8,52359,0.03,406305.84,59096.9
2026-08-05,ORD-14562,CUST-1082,Laptop,Electronics,South,Online,1,108888,0.06,102354.72,20665.24
2026-08-05,ORD-14563,CUST-1108,Monitor,Electronics,West,Distributor,9,14163,0.02,124917.66,27597.92
2026-08-05,ORD-14564,CUST-1068,Monitor,Electronics,West,Retail,8,28205,0.12,198563.2,41625.75
2026-08-05,ORD-14565,CUST-1369,Keyboard,Accessories,East,Distributor,4,2418,0.13,8414.64,1969.64
2026-08-05,ORD-14566,CUST-1460,Smartphone,Electronics,West,Retail,7,89700,0.02,615342.0,128780.82
2026-08-05,ORD-14567,CUST-1048,Printer,Office Equipment,South,Online,1,16951,0.08,15594.92,3868.34
2026-08-06,ORD-14568,CUST-1372,Mouse,Accessories,East,Distributor,5,1242,0.15,5278.5,889.84
2026-08-06,ORD-14569,CUST-1440,Webcam,Accessories,West,Retail,2,3342,0.14,5748.24,1102.69
2026-08-06,ORD-14570,CUST-1199,Desktop,Electronics,South,Retail,3,57130,0.03,166248.3,14121.99
2026-08-06,ORD-14571,CUST-1286,Webcam,Accessories,South,Retail,2,9263,0.11,16488.14,1372.24
2026-08-06,ORD-14572,CUST-1173,Mouse,Accessories,East,Retail,9,788,0.01,7021.08,1051.97
2026-08-06,ORD-14573,CUST-1318,Webcam,Accessories,South,Retail,6,10883,0.14,56156.28,6086.01
2026-08-06,ORD-14574,CUST-1099,Smartphone,Electronics,West,Retail,4,28684,0.03,111293.92,25045.51
2026-08-06,ORD-14575,CUST-1266,Smartphone,Electronics,West,Retail,8,38234,0.07,284460.96,45060.53
2026-08-07,ORD-14576,CUST-1217,Tablet,Electronics,North,Online,6,52221,0.03,303926.22,65044.23
2026-08-07,ORD-14577,CUST-1299,Mouse,Accessories,East,Online,2,2388,0.04,4584.96,831.05
2026-08-07,ORD-14578,CUST-1091,Webcam,Accessories,West,Retail,1,10473,0.1,9425.7,2035.07
2026-08-07,ORD-14579,CUST-1415,Monitor,Electronics,West,Retail,4,16569,0.09,60311.16,4958.04
2026-08-07,ORD-14580,CUST-1114,Desktop,Electronics,North,Retail,6,41806,0.0,250836.0,23264.86
2026-08-07,ORD-14581,CUST-1101,Mouse,Accessories,West,Retail,9,400,0.05,3420.0,380.25
2026-08-07,ORD-14582,CUST-1006,Tablet,Electronics,North,Online,3,19888,0.04,57277.44,10278.69
2026-08-07,ORD-14583,CUST-1419,Webcam,Accessories,East,Retail,7,3093,0.12,19052.88,2769.54
2026-08-08,ORD-14584,CUST-1337,Smartphone,Electronics,North,Retail,1,55876,0.13,48612.12,11994.12
2026-08-08,ORD-14585,CUST-1232,Tablet,Electronics,West,Retail,4,49754,0.1,179114.4,15144.02
2026-08-08,ORD-14586,CUST-1345,Keyboard,Accessories,West,Online,7,4503,0.03,30575.37,2636.11
2026-08-08,ORD-14587,CUST-1114,Laptop,Electronics,South,Online,3,75384,0.07,210321.36,32284.17
2026-08-08,ORD-14588,CUST-1081,Headphones,Accessories,East,Retail,9,7339,0.09,60106.41,9292.53
2026-08-08,ORD-14589,CUST-1186,Smartphone,Electronics,East,Distributor,8,28573,0.1,205725.6,42790.24
2026-08-08,ORD-14590,CUST-1003,Tablet,Electronics,North,Online,4,25286,0.12,89006.72,14518.04
2026-08-09,ORD-14591,CUST-1255,Headphones,Accessories,South,Distributor,5,2570,0.13,11179.5,1781.04
2026-08-09,ORD-14592,CUST-1260,Monitor,Electronics,East,Retail,7,10150,0.12,62524.0,11233.1
2026-08-09,ORD-14593,CUST-1215,Webcam,Accessories,North,Online,9,10282,0.13,80508.06,15838.63
2026-08-09,ORD-14594,CUST-1256,Webcam,Accessories,West,Retail,6,11411,0.07,63673.38,15287.97
2026-08-09,ORD-14595,CUST-1437,Smartphone,Electronics,West,Retail,5,42857,0.14,184285.1,43433.6
2026-08-09,ORD-14596,CUST-1250,Mouse,Accessories,West,Retail,8,609,0.03,4725.84,539.36
2026-08-09,ORD-14597,CUST-1135,Printer,Office Equipment,East,Distributor,6,27481,0.06,154992.84,35372.34
2026-08-09,ORD-14598,CUST-1324,Tablet,Electronics,East,Retail,7,40232,0.09,256277.84,56195.33
2026-08-10,ORD-14599,CUST-1122,Desktop,Electronics,East,Retail,6,63172,0.13,329757.84,71740.55
2026-08-10,ORD-14600,CUST-1012,Mouse,Accessories,East,Online,6,547,0.11,2920.98,298.09
2026-08-10,ORD-14601,CUST-1371,Tablet,Electronics,East,Distributor,8,26118,0.09,190139.04,15390.85
2026-08-10,ORD-14602,CUST-1132,Webcam,Accessories,East,Online,7,6658,0.13,40547.22,7666.91
2026-08-10,ORD-14603,CUST-1016,Keyboard,Accessories,West,Distributor,8,3662,0.04,28124.16,6394.67
2026-08-10,ORD-14604,CUST-1273,Laptop,Electronics,East,Retail,6,80090,0.08,442096.8,50302.96
2026-08-10,ORD-14605,CUST-1208,Smartphone,Electronics,West,Retail,4,39448,0.11,140434.88,14120.33
2026-08-10,ORD-14606,CUST-1113,Webcam,Accessories,West,Online,1,6033,0.12,5309.04,451.06
2026-08-11,ORD-14607,CUST-1197,Laptop,Electronics,South,Online,5,61450,0.05,291887.5,59162.92
2026-08-11,ORD-14608,CUST-1450,Mouse,Accessories,South,Retail,1,1687,0.02,1653.26,357.71
2026-08-11,ORD-14609,CUST-1297,Headphones,Accessories,West,Online,9,4775,0.13,37388.25,5863.69
2026-08-11,ORD-14610,CUST-1136,Keyboard,Accessories,West,Retail,5,4032,0.07,18748.8,3564.38
2026-08-11,ORD-14611,CUST-1462,Laptop,Electronics,West,Online,4,78627,0.13,273621.96,66156.15
2026-08-11,ORD-14612,CUST-1400,Smartphone,Electronics,North,Distributor,8,49662,0.02,389350.08,70506.63
2026-08-11,ORD-14613,CUST-1091,Smartphone,Electronics,West,Retail,5,24150,0.01,119542.5,11367.77
2026-08-11,ORD-14614,CUST-1167,Laptop,Electronics,North,Retail,8,119903,0.02,940039.52,214850.65
2026-08-12,ORD-14615,CUST-1289,Mouse,Accessories,West,Online,9,1474,0.09,12072.06,1912.85
2026-08-12,ORD-14616,CUST-1044,Webcam,Accessories,East,Retail,4,5367,0.13,18677.16,1563.16
2026-08-12,ORD-14617,CUST-1361,Keyboard,Accessories,West,Distributor,6,4463,0.13,23296.86,3333.89
2026-08-12,ORD-14618,CUST-1176,Smartphone,Electronics,South,Retail,4,59747,0.0,238988.0,51969.26
2026-08-12,ORD-14619,CUST-1270,Laptop,Electronics,West,Retail,3,111255,0.0,333765.0,49595.11
2026-08-12,ORD-14620,CUST-1468,Printer,Office Equipment,North,Online,8,9981,0.07,74258.64,13975.96
2026-08-12,ORD-14621,CUST-1048,Smartphone,Electronics,South,Distributor,3,46346,0.13,120963.06,17884.58
2026-08-12,ORD-14622,CUST-1306,Desktop,Electronics,East,Distributor,3,52294,0.07,145900.26,17960.92
2026-08-13,ORD-14623,CUST-1228,Desktop,Electronics,North,Retail,4,56283,0.07,209372.76,50035.82
2026-08-13,ORD-14624,CUST-1321,Webcam,Accessories,West,Distributor,1,9516,0.09,8659.56,1809.36
2026-08-13,ORD-14625,CUST-1253,Headphones,Accessories,North,Retail,2,1490,0.12,2622.4,328.97
2026-08-13,ORD-14626,CUST-1271,Webcam,Accessories,East,Distributor,4,10312,0.1,37123.2,4871.92
2026-08-13,ORD-14627,CUST-1179,Keyboard,Accessories,West,Online,1,2667,0.04,2560.32,571.06
2026-08-13,ORD-14628,CUST-1444,Printer,Office Equipment,East,Retail,6,29624,0.04,170634.24,33329.45
2026-08-13,ORD-14629,CUST-1005,Smartphone,Electronics,South,Online,3,77810,0.03,226427.1,20337.34
2026-08-13,ORD-14630,CUST-1199,Tablet,Electronics,East,Online,9,48164,0.04,416136.96,80209.34
2026-08-14,ORD-14631,CUST-1319,Desktop,Electronics,East,Retail,7,72273,0.11,450260.79,60945.38
2026-08-14,ORD-14632,CUST-1161,Mouse,Accessories,South,Online,1,2656,0.08,2443.52,433.31
2026-08-14,ORD-14633,CUST-1223,Keyboard,Accessories,North,Distributor,3,1075,0.07,2999.25,692.43
2026-08-14,ORD-14634,CUST-1063,Headphones,Accessories,East,Online,3,7935,0.09,21662.55,4610.02
2026-08-14,ORD-14635,CUST-1318,Keyboard,Accessories,West,Retail,1,1867,0.09,1698.97,308.67
2026-08-14,ORD-14636,CUST-1084,Keyboard,Accessories,South,Retail,4,974,0.14,3350.56,736.55
2026-08-14,ORD-14637,CUST-1015,Printer,Office Equipment,West,Distributor,6,16674,0.15,85037.4,20948.13
2026-08-14,ORD-14638,CUST-1030,Smartphone,Electronics,South,Distributor,2,61297,0.04,117690.24,25318.06
2026-08-15,ORD-14639,CUST-1499,Tablet,Electronics,East,Online,4,25705,0.0,102820.0,10777.06
2026-08-15,ORD-14640,CUST-1102,Desktop,Electronics,North,Distributor,9,61388,0.0,552492.0,71644.43
2026-08-15,ORD-14641,CUST-1196,Webcam,Accessories,South,Online,3,2138,0.11,5708.46,1129.06
2026-08-15,ORD-14642,CUST-1121,Mouse,Accessories,North,Retail,9,909,0.12,7199.28,615.76
2026-08-15,ORD-14643,CUST-1264,Mouse,Accessories,East,Retail,9,1579,0.11,12647.79,1479.51
2026-08-15,ORD-14644,CUST-1383,Tablet,Electronics,South,Retail,8,28406,0.09,206795.68,35015.47
2026-08-15,ORD-14645,CUST-1439,Headphones,Accessories,North,Distributor,6,4878,0.08,26926.56,2634.66
2026-08-16,ORD-14646,CUST-1263,Monitor,Electronics,South,Retail,8,14762,0.13,102743.52,11499.56
2026-08-16,ORD-14647,CUST-1258,Mouse,Accessories,East,Online,3,2803,0.05,7988.55,1938.32
2026-08-16,ORD-14648,CUST-1401,Headphones,Accessories,North,Retail,6,8651,0.1,46715.4,9884.09
2026-08-16,ORD-14649,CUST-1294,Headphones,Accessories,West,Distributor,1,4992,0.01,4942.08,826.62
2026-08-16,ORD-14650,CUST-1198,Smartphone,Electronics,North,Distributor,6,54758,0.04,315406.08,52138.94
2026-08-16,ORD-14651,CUST-1378,Headphones,Accessories,North,Distributor,1,5819,0.08,5353.48,684.67
2026-08-16,ORD-14652,CUST-1147,Headphones,Accessories,West,Distributor,1,9362,0.09,8519.42,1629.33
2026-08-16,ORD-14653,CUST-1477,Mouse,Accessories,West,Distributor,1,1372,0.14,1179.92,99.76
2026-08-17,ORD-14654,CUST-1478,Headphones,Accessories,South,Retail,6,6772,0.09,36975.12,7986.14
2026-08-17,ORD-14655,CUST-1387,Headphones,Accessories,South,Distributor,9,9368,0.01,83468.88,7557.32
2026-08-17,ORD-14656,CUST-1393,Monitor,Electronics,West,Distributor,8,24373,0.12,171585.92,22478.49
2026-08-17,ORD-14657,CUST-1189,Tablet,Electronics,East,Distributor,8,32793,0.06,246603.36,56363.56
2026-08-17,ORD-14658,CUST-1147,Desktop,Electronics,South,Retail,3,54209,0.08,149616.84,15743.49
2026-08-17,ORD-14659,CUST-1363,Smartphone,Electronics,East,Retail,8,95700,0.01,757944.0,124218.05
2026-08-17,ORD-14660,CUST-1377,Headphones,Accessories,West,Retail,5,9968,0.12,43859.2,7752.66
2026-08-17,ORD-14661,CUST-1288,Mouse,Accessories,East,Retail,2,2187,0.06,4111.56,466.96
2026-08-18,ORD-14662,CUST-1175,Tablet,Electronics,North,Online,2,25095,0.05,47680.5,8565.37
2026-08-18,ORD-14663,CUST-1010,Tablet,Electronics,West,Retail,7,44278,0.04,297548.16,60943.93
2026-08-18,ORD-14664,CUST-1203,Desktop,Electronics,East,Online,3,50029,0.07,139580.91,27291.11
2026-08-18,ORD-14665,CUST-1103,Desktop,Electronics,East,Online,5,64105,0.14,275651.5,54546.81
2026-08-18,ORD-14666,CUST-1172,Tablet,Electronics,South,Retail,1,18662,0.05,17728.9,4312.82
2026-08-18,ORD-14667,CUST-1222,Headphones,Accessories,South,Online,6,6508,0.13,33971.76,4817.2
2026-08-18,ORD-14668,CUST-1496,Printer,Office Equipment,West,Distributor,9,29743,0.03,259656.39,37237.84
2026-08-18,ORD-14669,CUST-1313,Printer,Office Equipment,East,Online,7,24678,0.01,171018.54,37532.29
2026-08-19,ORD-14670,CUST-1026,Mouse,Accessories,East,Online,2,522,0.08,960.48,200.79
2026-08-19,ORD-14671,CUST-1241,Desktop,Electronics,East,Online,8,45819,0.06,344558.88,46872.73
2026-08-19,ORD-14672,CUST-1196,Desktop,Electronics,North,Distributor,8,78212,0.03,606925.12,88893.13
2026-08-19,ORD-14673,CUST-1493,Keyboard,Accessories,East,Distributor,2,4242,0.01,8399.16,1494.03
2026-08-19,ORD-14674,CUST-1282,Laptop,Electronics,South,Distributor,2,54379,0.06,102232.52,21909.39
2026-08-19,ORD-14675,CUST-1022,Desktop,Electronics,South,Retail,2,47079,0.06,88508.52,10159.32
2026-08-19,ORD-14676,CUST-1347,Mouse,Accessories,South,Distributor,1,535,0.09,486.85,54.66
2026-08-19,ORD-14677,CUST-1465,Keyboard,Accessories,North,Distributor,7,2790,0.07,18162.9,1584.46
2026-08-20,ORD-14678,CUST-1487,Keyboard,Accessories,North,Distributor,9,4466,0.08,36978.48,8890.3
2026-08-20,ORD-14679,CUST-1230,Webcam,Accessories,North,Retail,4,10154,0.04,38991.36,9433.59
2026-08-20,ORD-14680,CUST-1450,Tablet,Electronics,South,Distributor,7,41488,0.04,278799.36,64105.71
2026-08-20,ORD-14681,CUST-1095,Laptop,Electronics,East,Online,9,80485,0.04,695390.4,138306.97
2026-08-20,ORD-14682,CUST-1417,Printer,Office Equipment,West,Retail,7,17571,0.07,114387.21,12046.45
2026-08-20,ORD-14683,CUST-1392,Mouse,Accessories,South,Retail,1,1455,0.07,1353.15,236.8
2026-08-20,ORD-14684,CUST-1333,Smartphone,Electronics,East,Distributor,7,68276,0.04,458814.72,83027.18
2026-08-20,ORD-14685,CUST-1139,Desktop,Electronics,South,Retail,9,71088,0.07,595006.56,134058.18
2026-08-21,ORD-14686,CUST-1486,Printer,Office Equipment,East,Retail,9,22610,0.1,183141.0,24176.89
2026-08-21,ORD-14687,CUST-1047,Smartphone,Electronics,East,Retail,4,89584,0.09,326085.76,44655.2
2026-08-21,ORD-14688,CUST-1142,Printer,Office Equipment,North,Online,7,18189,0.1,114590.7,12985.11
2026-08-21,ORD-14689,CUST-1137,Printer,Office Equipment,West,Retail,1,26203,0.14,22534.58,4887.4
2026-08-21,ORD-14690,CUST-1275,Printer,Office Equipment,South,Online,9,10093,0.14,78119.82,7866.27
2026-08-21,ORD-14691,CUST-1499,Smartphone,Electronics,South,Retail,3,46849,0.1,126492.3,24095.2
2026-08-21,ORD-14692,CUST-1115,Printer,Office Equipment,West,Online,9,24077,0.02,212359.14,49599.39
2026-08-22,ORD-14693,CUST-1364,Keyboard,Accessories,North,Online,8,3010,0.01,23839.2,3474.73
2026-08-22,ORD-14694,CUST-1266,Webcam,Accessories,East,Retail,7,9559,0.14,57545.18,11518.44
2026-08-22,ORD-14695,CUST-1167,Webcam,Accessories,West,Distributor,4,2343,0.14,8059.92,1723.44
2026-08-22,ORD-14696,CUST-1404,Headphones,Accessories,East,Retail,8,7543,0.1,54309.6,10494.48
2026-08-22,ORD-14697,CUST-1180,Webcam,Accessories,East,Online,7,10701,0.1,67416.3,6013.47
2026-08-22,ORD-14698,CUST-1133,Monitor,Electronics,East,Distributor,7,30879,0.11,192376.17,36701.9
2026-08-22,ORD-14699,CUST-1018,Mouse,Accessories,East,Retail,4,2096,0.14,7210.24,779.81
2026-08-22,ORD-14700,CUST-1409,Desktop,Electronics,East,Online,5,68468,0.05,325223.0,74826.58
2026-08-23,ORD-14701,CUST-1261,Laptop,Electronics,West,Retail,1,88251,0.02,86485.98,21337.52
2026-08-23,ORD-14702,CUST-1127,Mouse,Accessories,East,Online,8,808,0.13,5623.68,581.15
2026-08-23,ORD-14703,CUST-1483,Smartphone,Electronics,North,Retail,2,89927,0.15,152875.9,21263.85
2026-08-23,ORD-14704,CUST-1450,Printer,Office Equipment,East,Online,6,28556,0.02,167909.28,19820.96
2026-08-23,ORD-14705,CUST-1095,Webcam,Accessories,South,Distributor,2,11754,0.04,22567.68,2524.9
2026-08-23,ORD-14706,CUST-1104,Smartphone,Electronics,South,Retail,9,77363,0.13,605752.29,90759.03
2026-08-23,ORD-14707,CUST-1049,Smartphone,Electronics,North,Retail,1,51588,0.02,50556.24,5801.7
2026-08-23,ORD-14708,CUST-1019,Laptop,Electronics,East,Online,9,60147,0.11,481777.47,78761.53
2026-08-24,ORD-14709,CUST-1429,Monitor,Electronics,East,Distributor,2,27325,0.04,52464.0,8292.03
2026-08-24,ORD-14710,CUST-1067,Printer,Office Equipment,West,Online,6,28255,0.09,154272.3,21094.87
2026-08-24,ORD-14711,CUST-1057,Monitor,Electronics,East,Online,6,30198,0.09,164881.08,15872.45
2026-08-24,ORD-14712,CUST-1003,Headphones,Accessories,West,Retail,9,4174,0.01,37190.34,8932.0
2026-08-24,ORD-14713,CUST-1304,Headphones,Accessories,South,Online,2,4618,0.01,9143.64,850.89
2026-08-24,ORD-14714,CUST-1411,Desktop,Electronics,South,Retail,7,76029,0.09,484304.73,62414.83
2026-08-24,ORD-14715,CUST-1022,Desktop,Electronics,East,Online,5,69295,0.04,332616.0,73788.66
2026-08-24,ORD-14716,CUST-1091,Desktop,Electronics,West,Retail,3,69063,0.04,198901.44,42957.64
2026-08-25,ORD-14717,CUST-1103,Printer,Office Equipment,West,Online,6,21046,0.13,109860.12,12067.12
2026-08-25,ORD-14718,CUST-1074,Printer,Office Equipment,East,Retail,6,19133,0.08,105614.16,15963.41
2026-08-25,ORD-14719,CUST-1071,Headphones,Accessories,North,Distributor,6,6543,0.02,38472.84,6066.15
2026-08-25,ORD-14720,CUST-1370,Keyboard,Accessories,East,Online,7,4675,0.11,29125.25,3042.87
2026-08-25,ORD-14721,CUST-1469,Laptop,Electronics,West,Distributor,1,96693,0.14,83155.98,18604.32
2026-08-25,ORD-14722,CUST-1489,Tablet,Electronics,North,Online,1,42935,0.09,39070.85,5245.85
2026-08-25,ORD-14723,CUST-1232,Monitor,Electronics,South,Online,2,32866,0.08,60473.44,13570.04
2026-08-25,ORD-14724,CUST-1356,Keyboard,Accessories,South,Online,6,2337,0.09,12760.02,1518.93
2026-08-26,ORD-14725,CUST-1163,Headphones,Accessories,North,Retail,5,9679,0.04,46459.2,8319.42
2026-08-26,ORD-14726,CUST-1096,Headphones,Accessories,South,Online,8,1918,0.13,13349.28,2388.0
2026-08-26,ORD-14727,CUST-1349,Webcam,Accessories,East,Retail,4,2025,0.02,7938.0,873.41
2026-08-26,ORD-14728,CUST-1056,Webcam,Accessories,North,Online,6,11790,0.14,60836.4,8289.32
2026-08-26,ORD-14729,CUST-1033,Laptop,Electronics,East,Distributor,5,59020,0.13,256737.0,49015.14
2026-08-26,ORD-14730,CUST-1025,Mouse,Accessories,South,Online,9,2466,0.0,22194.0,2968.02
2026-08-26,ORD-14731,CUST-1213,Mouse,Accessories,South,Online,7,1895,0.11,11805.85,1394.58
2026-08-26,ORD-14732,CUST-1154,Laptop,Electronics,South,Retail,6,113175,0.11,604354.5,86188.06
2026-08-27,ORD-14733,CUST-1134,Laptop,Electronics,South,Retail,1,86937,0.02,85198.26,17983.79
2026-08-27,ORD-14734,CUST-1236,Tablet,Electronics,North,Distributor,1,56929,0.1,51236.1,4934.12
2026-08-27,ORD-14735,CUST-1360,Mouse,Accessories,South,Distributor,8,651,0.02,5103.84,567.9
2026-08-27,ORD-14736,CUST-1433,Keyboard,Accessories,East,Retail,4,4655,0.01,18433.8,3486.39
2026-08-27,ORD-14737,CUST-1018,Webcam,Accessories,East,Distributor,2,8938,0.06,16803.44,2613.88
2026-08-27,ORD-14738,CUST-1288,Desktop,Electronics,South,Online,8,88463,0.04,679395.84,133978.06
2026-08-27,ORD-14739,CUST-1422,Desktop,Electronics,North,Retail,1,84933,0.05,80686.35,11435.21
2026-08-27,ORD-14740,CUST-1249,Smartphone,Electronics,South,Retail,9,39799,0.04,343863.36,65532.86
2026-08-28,ORD-14741,CUST-1131,Mouse,Accessories,East,Online,8,514,0.08,3783.04,761.43
2026-08-28,ORD-14742,CUST-1475,Printer,Office Equipment,East,Online,6,31075,0.11,165940.5,31032.81
2026-08-28,ORD-14743,CUST-1436,Headphones,Accessories,West,Retail,4,7039,0.07,26185.08,5050.34
2026-08-28,ORD-14744,CUST-1275,Laptop,Electronics,East,Retail,5,101374,0.03,491663.9,40365.36
2026-08-28,ORD-14745,CUST-1081,Monitor,Electronics,West,Online,3,24751,0.02,72767.94,14006.26
2026-08-28,ORD-14746,CUST-1062,Monitor,Electronics,West,Distributor,7,35809,0.11,223090.07,54234.9
2026-08-28,ORD-14747,CUST-1403,Laptop,Electronics,South,Retail,2,53458,0.15,90878.6,20960.76
2026-08-29,ORD-14748,CUST-1284,Laptop,Electronics,North,Distributor,2,86482,0.13,150478.68,12127.53
2026-08-29,ORD-14749,CUST-1255,Tablet,Electronics,West,Distributor,1,18210,0.13,15842.7,3946.3
2026-08-29,ORD-14750,CUST-1342,Monitor,Electronics,West,Retail,9,10790,0.05,92254.5,20617.17
2026-08-29,ORD-14751,CUST-1237,Tablet,Electronics,South,Distributor,8,18260,0.01,144619.2,28066.85
2026-08-29,ORD-14752,CUST-1288,Printer,Office Equipment,East,Retail,9,12241,0.13,95847.03,9306.23
2026-08-29,ORD-14753,CUST-1230,Smartphone,Electronics,South,Distributor,7,55096,0.07,358674.96,87482.21
2026-08-29,ORD-14754,CUST-1057,Headphones,Accessories,South,Online,6,7395,0.1,39933.0,7016.16
2026-08-29,ORD-14755,CUST-1122,Laptop,Electronics,West,Retail,6,65745,0.15,335299.5,47822.81
2026-08-30,ORD-14756,CUST-1054,Webcam,Accessories,West,Retail,3,7262,0.01,21568.14,3544.04
2026-08-30,ORD-14757,CUST-1277,Mouse,Accessories,North,Distributor,9,2104,0.1,17042.4,1911.36
2026-08-30,ORD-14758,CUST-1230,Monitor,Electronics,East,Retail,2,26058,0.11,46383.24,5777.67
2026-08-30,ORD-14759,CUST-1318,Tablet,Electronics,East,Distributor,4,39498,0.13,137453.04,25348.7
2026-08-30,ORD-14760,CUST-1309,Webcam,Accessories,West,Online,5,5041,0.08,23188.6,3324.86
2026-08-30,ORD-14761,CUST-1313,Monitor,Electronics,South,Online,6,14738,0.12,77816.64,17368.68
2026-08-30,ORD-14762,CUST-1195,Printer,Office Equipment,West,Online,5,21952,0.1,98784.0,9969.78
2026-08-30,ORD-14763,CUST-1096,Smartphone,Electronics,South,Retail,2,89527,0.06,168310.76,30211.04
2026-08-31,ORD-14764,CUST-1284,Keyboard,Accessories,West,Distributor,1,2543,0.09,2314.13,281.64
2026-08-31,ORD-14765,CUST-1263,Keyboard,Accessories,West,Retail,1,3429,0.1,3086.1,525.14
2026-08-31,ORD-14766,CUST-1353,Keyboard,Accessories,South,Online,4,3498,0.13,12173.04,1342.07
2026-08-31,ORD-14767,CUST-1245,Monitor,Electronics,North,Online,5,35413,0.08,162899.8,26628.11
2026-08-31,ORD-14768,CUST-1301,Monitor,Electronics,South,Retail,9,15165,0.06,128295.9,28900.44
2026-08-31,ORD-14769,CUST-1409,Headphones,Accessories,South,Online,2,8406,0.03,16307.64,4003.6
2026-08-31,ORD-14770,CUST-1220,Smartphone,Electronics,East,Online,4,25840,0.07,96124.8,15208.41
2026-08-31,ORD-14771,CUST-1331,Keyboard,Accessories,North,Retail,5,4399,0.06,20675.3,4318.37
2026-09-01,ORD-14772,CUST-1288,Headphones,Accessories,North,Retail,8,9109,0.11,64856.08,13799.15
2026-09-01,ORD-14773,CUST-1108,Mouse,Accessories,East,Distributor,4,703,0.14,2418.32,468.63
2026-09-01,ORD-14774,CUST-1039,Headphones,Accessories,North,Distributor,4,6730,0.04,25843.2,6131.27
2026-09-01,ORD-14775,CUST-1460,Headphones,Accessories,West,Online,8,6762,0.0,54096.0,9731.53
2026-09-01,ORD-14776,CUST-1194,Laptop,Electronics,East,Retail,5,117576,0.01,582001.2,124447.57
2026-09-01,ORD-14777,CUST-1102,Headphones,Accessories,North,Retail,7,4054,0.13,24688.86,3052.01
2026-09-01,ORD-14778,CUST-1274,Webcam,Accessories,East,Retail,7,9046,0.15,53823.7,11686.19
2026-09-01,ORD-14779,CUST-1329,Laptop,Electronics,East,Retail,7,85687,0.03,581814.73,137811.89
2026-09-02,ORD-14780,CUST-1439,Desktop,Electronics,West,Distributor,1,86979,0.01,86109.21,11277.99
2026-09-02,ORD-14781,CUST-1430,Smartphone,Electronics,South,Online,8,49136,0.09,357710.08,49828.05
2026-09-02,ORD-14782,CUST-1449,Laptop,Electronics,West,Distributor,2,118756,0.12,209010.56,34661.91
2026-09-02,ORD-14783,CUST-1441,Smartphone,Electronics,South,Retail,2,43066,0.14,74073.52,15529.69
2026-09-02,ORD-14784,CUST-1454,Tablet,Electronics,North,Online,6,28771,0.08,158815.92,34211.76
2026-09-02,ORD-14785,CUST-1153,Desktop,Electronics,West,Retail,6,86965,0.07,485264.7,109361.92
2026-09-02,ORD-14786,CUST-1210,Printer,Office Equipment,East,Distributor,1,29070,0.01,28779.3,7085.62
2026-09-02,ORD-14787,CUST-1465,Monitor,Electronics,East,Retail,7,16139,0.05,107324.35,25751.11
2026-09-03,ORD-14788,CUST-1425,Printer,Office Equipment,South,Retail,3,8106,0.14,20913.48,5091.54
2026-09-03,ORD-14789,CUST-1339,Mouse,Accessories,South,Distributor,7,2951,0.11,18384.73,2000.9
2026-09-03,ORD-14790,CUST-1227,Mouse,Accessories,South,Distributor,1,2407,0.13,2094.09,197.2
2026-09-03,ORD-14791,CUST-1470,Mouse,Accessories,East,Retail,4,1531,0.06,5756.56,1354.07
2026-09-03,ORD-14792,CUST-1405,Tablet,Electronics,South,Distributor,1,58384,0.01,57800.16,5122.43
2026-09-03,ORD-14793,CUST-1183,Webcam,Accessories,North,Retail,2,2343,0.07,4357.98,1085.95
2026-09-03,ORD-14794,CUST-1377,Keyboard,Accessories,North,Distributor,6,1893,0.01,11244.42,2108.43
2026-09-04,ORD-14795,CUST-1054,Monitor,Electronics,West,Retail,1,39905,0.03,38707.85,5011.93
2026-09-04,ORD-14796,CUST-1172,Printer,Office Equipment,West,Retail,2,20549,0.08,37810.16,8844.77
2026-09-04,ORD-14797,CUST-1062,Desktop,Electronics,South,Online,9,87967,0.14,680864.58,93334.23
2026-09-04,ORD-14798,CUST-1071,Keyboard,Accessories,East,Distributor,7,4011,0.05,26673.15,5777.81
2026-09-04,ORD-14799,CUST-1282,Desktop,Electronics,North,Retail,6,68252,0.1,368560.8,84575.73
2026-09-04,ORD-14800,CUST-1289,Smartphone,Electronics,North,Distributor,2,63917,0.11,113772.26,19716.36
2026-09-04,ORD-14801,CUST-1416,Headphones,Accessories,North,Distributor,3,5981,0.09,16328.13,1778.64
2026-09-04,ORD-14802,CUST-1138,Desktop,Electronics,North,Retail,5,50487,0.09,229715.85,53933.38
2026-09-05,ORD-14803,CUST-1262,Desktop,Electronics,East,Distributor,5,40448,0.11,179993.6,21021.07
2026-09-05,ORD-14804,CUST-1211,Printer,Office Equipment,East,Online,4,27021,0.02,105922.32,23864.57
2026-09-05,ORD-14805,CUST-1230,Laptop,Electronics,East,Online,2,71271,0.12,125436.96,10685.96
2026-09-05,ORD-14806,CUST-1359,Monitor,Electronics,East,Retail,1,30292,0.14,26051.12,4947.69
2026-09-05,ORD-14807,CUST-1186,Smartphone,Electronics,East,Distributor,9,82304,0.14,637032.96,93306.62
2026-09-05,ORD-14808,CUST-1307,Desktop,Electronics,North,Online,9,49625,0.07,415361.25,99568.01
2026-09-05,ORD-14809,CUST-1052,Printer,Office Equipment,West,Retail,8,29889,0.05,227156.4,41600.08
2026-09-05,ORD-14810,CUST-1058,Mouse,Accessories,North,Online,2,1683,0.03,3265.02,344.2
2026-09-06,ORD-14811,CUST-1111,Desktop,Electronics,North,Retail,4,44039,0.08,162063.52,37283.32
2026-09-06,ORD-14812,CUST-1148,Printer,Office Equipment,South,Distributor,9,33149,0.03,289390.77,70608.32
2026-09-06,ORD-14813,CUST-1376,Mouse,Accessories,East,Retail,1,913,0.02,894.74,182.09
2026-09-06,ORD-14814,CUST-1399,Monitor,Electronics,South,Online,7,25617,0.13,156007.53,29181.9
2026-09-06,ORD-14815,CUST-1451,Monitor,Electronics,East,Online,6,18090,0.14,93344.4,22820.77
2026-09-06,ORD-14816,CUST-1229,Keyboard,Accessories,West,Retail,9,4272,0.07,35756.64,3099.75
2026-09-06,ORD-14817,CUST-1333,Laptop,Electronics,West,Distributor,5,67644,0.09,307780.2,62909.04
2026-09-06,ORD-14818,CUST-1358,Printer,Office Equipment,West,Retail,7,23393,0.05,155563.45,38132.96
2026-09-07,ORD-14819,CUST-1406,Monitor,Electronics,East,Distributor,2,11301,0.07,21019.86,2889.54
2026-09-07,ORD-14820,CUST-1451,Laptop,Electronics,East,Online,1,81601,0.12,71808.88,14277.25
2026-09-07,ORD-14821,CUST-1499,Laptop,Electronics,South,Retail,8,68958,0.04,529597.44,83958.06
2026-09-07,ORD-14822,CUST-1223,Mouse,Accessories,South,Distributor,3,2170,0.05,6184.5,1425.6
2026-09-07,ORD-14823,CUST-1385,Monitor,Electronics,South,Distributor,8,37656,0.07,280160.64,56891.12
2026-09-07,ORD-14824,CUST-1412,Webcam,Accessories,South,Distributor,6,4535,0.03,26393.7,5061.94
2026-09-07,ORD-14825,CUST-1320,Smartphone,Electronics,South,Retail,4,64981,0.1,233931.6,57299.65
2026-09-07,ORD-14826,CUST-1377,Webcam,Accessories,North,Retail,7,9953,0.0,69671.0,16051.41
2026-09-08,ORD-14827,CUST-1333,Monitor,Electronics,South,Online,4,21543,0.14,74107.92,11681.14
2026-09-08,ORD-14828,CUST-1371,Webcam,Accessories,West,Distributor,6,10983,0.04,63262.08,13886.35
2026-09-08,ORD-14829,CUST-1159,Smartphone,Electronics,West,Distributor,3,25600,0.1,69120.0,9275.02
2026-09-08,ORD-14830,CUST-1335,Laptop,Electronics,North,Retail,6,50896,0.12,268730.88,66424.62
2026-09-08,ORD-14831,CUST-1396,Tablet,Electronics,East,Distributor,6,15401,0.11,82241.34,14290.94
2026-09-08,ORD-14832,CUST-1258,Mouse,Accessories,West,Distributor,7,1210,0.12,7453.6,1174.18
2026-09-08,ORD-14833,CUST-1005,Printer,Office Equipment,East,Distributor,3,33188,0.01,98568.36,17048.56
2026-09-08,ORD-14834,CUST-1142,Headphones,Accessories,South,Online,2,5214,0.08,9593.76,1974.15
2026-09-09,ORD-14835,CUST-1422,Headphones,Accessories,South,Distributor,6,6515,0.02,38308.2,8386.14
2026-09-09,ORD-14836,CUST-1211,Laptop,Electronics,South,Distributor,6,58823,0.05,335291.1,32310.48
2026-09-09,ORD-14837,CUST-1158,Headphones,Accessories,East,Online,2,2630,0.0,5260.0,788.07
2026-09-09,ORD-14838,CUST-1309,Keyboard,Accessories,North,Retail,7,2679,0.06,17627.82,2475.51
2026-09-09,ORD-14839,CUST-1471,Laptop,Electronics,South,Online,5,58504,0.07,272043.6,44731.23
2026-09-09,ORD-14840,CUST-1431,Keyboard,Accessories,West,Online,5,1900,0.06,8930.0,1780.2
2026-09-09,ORD-14841,CUST-1071,Keyboard,Accessories,North,Retail,3,2573,0.09,7024.29,1212.73
2026-09-09,ORD-14842,CUST-1117,Desktop,Electronics,East,Retail,9,80769,0.1,654228.9,115755.64
2026-09-10,ORD-14843,CUST-1462,Tablet,Electronics,South,Retail,6,24111,0.14,124412.76,12491.15
2026-09-10,ORD-14844,CUST-1418,Headphones,Accessories,South,Online,7,5000,0.11,31150.0,5129.39
2026-09-10,ORD-14845,CUST-1053,Desktop,Electronics,North,Distributor,5,79736,0.13,346851.6,39885.7
2026-09-10,ORD-14846,CUST-1221,Webcam,Accessories,East,Distributor,7,4153,0.15,24710.35,2202.99
2026-09-10,ORD-14847,CUST-1048,Mouse,Accessories,North,Online,1,509,0.04,488.64,116.16
2026-09-10,ORD-14848,CUST-1346,Printer,Office Equipment,North,Online,5,25928,0.14,111490.4,22475.88
2026-09-10,ORD-14849,CUST-1129,Monitor,Electronics,North,Distributor,2,26410,0.02,51763.6,4808.14
2026-09-11,ORD-14850,CUST-1216,Desktop,Electronics,North,Retail,8,42984,0.02,336994.56,41957.31
2026-09-11,ORD-14851,CUST-1098,Webcam,Accessories,South,Online,8,10231,0.07,76118.64,16345.1
2026-09-11,ORD-14852,CUST-1010,Mouse,Accessories,East,Online,8,444,0.03,3445.44,350.82
2026-09-11,ORD-14853,CUST-1156,Mouse,Accessories,South,Online,8,1447,0.03,11228.72,1289.49
2026-09-11,ORD-14854,CUST-1010,Laptop,Electronics,East,Retail,7,97346,0.01,674607.78,59127.59
2026-09-11,ORD-14855,CUST-1062,Laptop,Electronics,South,Retail,2,51571,0.09,93859.22,9272.28
2026-09-11,ORD-14856,CUST-1369,Headphones,Accessories,West,Online,6,8458,0.09,46180.68,4739.84
2026-09-11,ORD-14857,CUST-1440,Monitor,Electronics,West,Online,4,29555,0.14,101669.2,15449.12
2026-09-12,ORD-14858,CUST-1267,Desktop,Electronics,West,Distributor,8,64757,0.12,455889.28,42419.76
2026-09-12,ORD-14859,CUST-1469,Webcam,Accessories,East,Online,8,9546,0.06,71785.92,14719.24
2026-09-12,ORD-14860,CUST-1404,Keyboard,Accessories,South,Distributor,9,4735,0.07,39631.95,3685.68
2026-09-12,ORD-14861,CUST-1233,Webcam,Accessories,South,Online,2,10233,0.15,17396.1,2051.78
2026-09-12,ORD-14862,CUST-1059,Mouse,Accessories,East,Retail,9,2351,0.03,20524.23,2601.13
2026-09-12,ORD-14863,CUST-1043,Headphones,Accessories,West,Distributor,9,7715,0.14,59714.1,12984.41
2026-09-12,ORD-14864,CUST-1015,Keyboard,Accessories,West,Distributor,5,1729,0.08,7953.4,1851.56
2026-09-12,ORD-14865,CUST-1324,Printer,Office Equipment,North,Retail,5,31852,0.1,143334.0,17509.07
2026-09-13,ORD-14866,CUST-1291,Tablet,Electronics,North,Distributor,6,48423,0.05,276011.1,31123.01
2026-09-13,ORD-14867,CUST-1461,Headphones,Accessories,East,Retail,4,7411,0.11,26383.16,2258.52
2026-09-13,ORD-14868,CUST-1345,Smartphone,Electronics,East,Retail,4,45872,0.09,166974.08,26076.33
2026-09-13,ORD-14869,CUST-1458,Laptop,Electronics,West,Online,7,79871,0.08,514369.24,115252.04
2026-09-13,ORD-14870,CUST-1393,Monitor,Electronics,East,Online,1,34211,0.07,31816.23,5979.25
2026-09-13,ORD-14871,CUST-1458,Tablet,Electronics,East,Retail,9,58039,0.04,501456.96,44819.66
2026-09-13,ORD-14872,CUST-1479,Headphones,Accessories,North,Retail,6,4588,0.1,24775.2,3106.48
2026-09-13,ORD-14873,CUST-1447,Webcam,Accessories,South,Distributor,7,8971,0.07,58401.21,14279.48
2026-09-14,ORD-14874,CUST-1233,Monitor,Electronics,South,Distributor,2,34978,0.14,60162.16,12384.11
2026-09-14,ORD-14875,CUST-1253,Laptop,Electronics,North,Online,5,52839,0.12,232491.6,43046.65
2026-09-14,ORD-14876,CUST-1342,Monitor,Electronics,West,Distributor,5,23190,0.02,113631.0,17659.49
2026-09-14,ORD-14877,CUST-1355,Laptop,Electronics,East,Distributor,5,62422,0.14,268414.6,22522.02
2026-09-14,ORD-14878,CUST-1486,Printer,Office Equipment,East,Online,7,23842,0.01,165225.06,24971.21
2026-09-14,ORD-14879,CUST-1492,Printer,Office Equipment,West,Online,3,33217,0.04,95664.96,21049.48
2026-09-14,ORD-14880,CUST-1008,Mouse,Accessories,North,Distributor,9,2097,0.07,17551.89,1747.23
2026-09-14,ORD-14881,CUST-1237,Tablet,Electronics,North,Distributor,8,15903,0.03,123407.28,13166.96
2026-09-15,ORD-14882,CUST-1125,Mouse,Accessories,South,Retail,5,1318,0.12,5799.2,492.67
2026-09-15,ORD-14883,CUST-1447,Printer,Office Equipment,West,Distributor,7,33319,0.08,214574.36,53347.3
2026-09-15,ORD-14884,CUST-1408,Mouse,Accessories,South,Distributor,1,1275,0.1,1147.5,102.93
2026-09-15,ORD-14885,CUST-1256,Desktop,Electronics,South,Retail,8,68987,0.09,502225.36,115170.11
2026-09-15,ORD-14886,CUST-1270,Printer,Office Equipment,North,Online,3,17293,0.07,48247.47,6176.96
2026-09-15,ORD-14887,CUST-1147,Keyboard,Accessories,South,Online,1,1563,0.08,1437.96,302.73
2026-09-15,ORD-14888,CUST-1417,Keyboard,Accessories,East,Online,2,2965,0.14,5099.8,1005.62
2026-09-15,ORD-14889,CUST-1459,Webcam,Accessories,West,Online,2,4220,0.07,7849.2,1421.45
2026-09-16,ORD-14890,CUST-1138,Laptop,Electronics,South,Distributor,4,85550,0.04,328512.0,68664.91
2026-09-16,ORD-14891,CUST-1151,Monitor,Electronics,North,Distributor,6,39107,0.06,220563.48,43240.85
2026-09-16,ORD-14892,CUST-1332,Headphones,Accessories,South,Online,4,7224,0.02,28318.08,2705.5
2026-09-16,ORD-14893,CUST-1058,Desktop,Electronics,North,Distributor,2,62056,0.04,119147.52,22434.03
2026-09-16,ORD-14894,CUST-1377,Monitor,Electronics,West,Distributor,1,22424,0.0,22424.0,2184.51
2026-09-16,ORD-14895,CUST-1065,Smartphone,Electronics,South,Online,4,21915,0.12,77140.8,10898.59
2026-09-16,ORD-14896,CUST-1474,Mouse,Accessories,West,Distributor,5,1071,0.1,4819.5,732.81
2026-09-17,ORD-14897,CUST-1161,Keyboard,Accessories,West,Online,6,2439,0.08,13463.28,2610.01
2026-09-17,ORD-14898,CUST-1391,Desktop,Electronics,East,Retail,7,47121,0.14,283668.42,37771.56
2026-09-17,ORD-14899,CUST-1435,Monitor,Electronics,East,Retail,7,35955,0.11,223999.65,38252.32
2026-09-17,ORD-14900,CUST-1271,Keyboard,Accessories,South,Distributor,8,3394,0.08,24979.84,2653.31
2026-09-17,ORD-14901,CUST-1313,Smartphone,Electronics,East,Online,6,22867,0.08,126225.84,15885.64
2026-09-17,ORD-14902,CUST-1303,Monitor,Electronics,South,Retail,4,14376,0.03,55778.88,9726.57
2026-09-17,ORD-14903,CUST-1321,Webcam,Accessories,East,Distributor,1,4879,0.14,4195.94,861.25
2026-09-17,ORD-14904,CUST-1412,Monitor,Electronics,West,Retail,9,26969,0.0,242721.0,20573.79
2026-09-18,ORD-14905,CUST-1456,Laptop,Electronics,West,Online,8,116647,0.01,923844.24,181666.0
2026-09-18,ORD-14906,CUST-1143,Headphones,Accessories,West,Retail,5,5828,0.14,25060.4,3530.56
2026-09-18,ORD-14907,CUST-1289,Tablet,Electronics,West,Retail,8,31587,0.04,242588.16,56925.01
2026-09-18,ORD-14908,CUST-1027,Smartphone,Electronics,North,Retail,4,19446,0.05,73894.8,9458.02
2026-09-18,ORD-14909,CUST-1199,Laptop,Electronics,East,Distributor,7,119739,0.13,729210.51,172872.36
2026-09-18,ORD-14910,CUST-1186,Printer,Office Equipment,South,Retail,3,32304,0.1,87220.8,12377.18
2026-09-18,ORD-14911,CUST-1148,Tablet,Electronics,West,Online,4,51862,0.05,197075.6,37596.08
2026-09-18,ORD-14912,CUST-1130,Smartphone,Electronics,North,Retail,2,33312,0.02,65291.52,15057.01
2026-09-19,ORD-14913,CUST-1101,Monitor,Electronics,West,Online,6,18299,0.12,96618.72,13547.75
2026-09-19,ORD-14914,CUST-1437,Desktop,Electronics,South,Online,7,43961,0.09,280031.57,69610.02
2026-09-19,ORD-14915,CUST-1487,Mouse,Accessories,South,Retail,8,527,0.07,3920.88,409.2
2026-09-19,ORD-14916,CUST-1396,Desktop,Electronics,North,Online,8,59441,0.03,461262.16,90664.95
2026-09-19,ORD-14917,CUST-1348,Monitor,Electronics,East,Online,6,11924,0.1,64389.6,7681.27
2026-09-19,ORD-14918,CUST-1079,Smartphone,Electronics,West,Distributor,9,84620,0.04,731116.8,91729.12
2026-09-19,ORD-14919,CUST-1046,Smartphone,Electronics,West,Distributor,6,35354,0.1,190911.6,23152.92
2026-09-19,ORD-14920,CUST-1309,Mouse,Accessories,East,Distributor,7,1475,0.05,9808.75,2116.09
2026-09-20,ORD-14921,CUST-1088,Smartphone,Electronics,West,Distributor,6,74823,0.11,399554.82,91455.67
2026-09-20,ORD-14922,CUST-1372,Keyboard,Accessories,South,Retail,2,4838,0.11,8611.64,1110.41
2026-09-20,ORD-14923,CUST-1349,Desktop,Electronics,East,Online,9,54980,0.02,484923.6,50752.67
2026-09-20,ORD-14924,CUST-1340,Monitor,Electronics,South,Retail,4,29651,0.14,101999.44,14994.28
2026-09-20,ORD-14925,CUST-1363,Printer,Office Equipment,North,Distributor,2,23127,0.06,43478.76,9507.47
2026-09-20,ORD-14926,CUST-1339,Mouse,Accessories,East,Online,1,1539,0.11,1369.71,200.26
2026-09-20,ORD-14927,CUST-1489,Desktop,Electronics,North,Online,3,76204,0.06,214895.28,35627.27
2026-09-20,ORD-14928,CUST-1272,Headphones,Accessories,South,Online,1,3225,0.11,2870.25,622.25
2026-09-21,ORD-14929,CUST-1086,Tablet,Electronics,South,Retail,5,59510,0.1,267795.0,48177.03
2026-09-21,ORD-14930,CUST-1319,Printer,Office Equipment,South,Retail,8,23778,0.12,167397.12,18586.98
2026-09-21,ORD-14931,CUST-1233,Mouse,Accessories,South,Distributor,4,1338,0.12,4709.76,1173.26
2026-09-21,ORD-14932,CUST-1394,Monitor,Electronics,South,Online,8,27040,0.14,186035.2,34108.61
2026-09-21,ORD-14933,CUST-1250,Headphones,Accessories,West,Online,2,1672,0.0,3344.0,483.18
2026-09-21,ORD-14934,CUST-1488,Desktop,Electronics,West,Distributor,5,52694,0.13,229218.9,42755.94
2026-09-21,ORD-14935,CUST-1462,Printer,Office Equipment,East,Retail,6,15096,0.13,78801.12,7218.82
2026-09-21,ORD-14936,CUST-1290,Keyboard,Accessories,South,Online,2,1015,0.05,1928.5,155.69
2026-09-22,ORD-14937,CUST-1185,Webcam,Accessories,North,Retail,8,5136,0.0,41088.0,8944.16
2026-09-22,ORD-14938,CUST-1463,Smartphone,Electronics,South,Online,4,45531,0.07,169375.32,38024.5
2026-09-22,ORD-14939,CUST-1043,Monitor,Electronics,East,Distributor,8,16316,0.13,113559.36,14396.68
2026-09-22,ORD-14940,CUST-1467,Headphones,Accessories,East,Distributor,1,3619,0.1,3257.1,511.88
2026-09-22,ORD-14941,CUST-1000,Laptop,Electronics,North,Retail,9,69579,0.06,588638.34,118758.32
2026-09-22,ORD-14942,CUST-1043,Monitor,Electronics,South,Online,3,10901,0.08,30086.76,5620.31
2026-09-22,ORD-14943,CUST-1329,Webcam,Accessories,East,Distributor,5,7188,0.03,34861.8,6322.38
2026-09-22,ORD-14944,CUST-1167,Printer,Office Equipment,West,Retail,1,12305,0.04,11812.8,1096.41
2026-09-23,ORD-14945,CUST-1101,Desktop,Electronics,South,Online,8,63643,0.07,473503.92,87872.55
2026-09-23,ORD-14946,CUST-1442,Laptop,Electronics,North,Distributor,9,118914,0.08,984607.92,211732.23
2026-09-23,ORD-14947,CUST-1407,Mouse,Accessories,East,Online,2,2304,0.05,4377.6,476.2
2026-09-23,ORD-14948,CUST-1216,Keyboard,Accessories,West,Distributor,1,1185,0.07,1102.05,205.31
2026-09-23,ORD-14949,CUST-1173,Headphones,Accessories,North,Distributor,9,8939,0.05,76428.45,14985.42
2026-09-23,ORD-14950,CUST-1424,Headphones,Accessories,West,Online,2,5975,0.05,11352.5,1480.76
2026-09-23,ORD-14951,CUST-1065,Keyboard,Accessories,West,Online,7,4177,0.09,26607.49,5191.55
2026-09-24,ORD-14952,CUST-1147,Webcam,Accessories,South,Online,7,7056,0.02,48404.16,11370.92
2026-09-24,ORD-14953,CUST-1467,Mouse,Accessories,North,Distributor,4,2666,0.04,10237.44,1971.34
2026-09-24,ORD-14954,CUST-1133,Mouse,Accessories,South,Retail,7,998,0.02,6846.28,1568.11
2026-09-24,ORD-14955,CUST-1401,Smartphone,Electronics,West,Retail,4,90234,0.14,310404.96,30458.57
2026-09-24,ORD-14956,CUST-1344,Mouse,Accessories,West,Distributor,1,2208,0.08,2031.36,396.91
2026-09-24,ORD-14957,CUST-1038,Webcam,Accessories,North,Online,6,10231,0.05,58316.7,7349.34
2026-09-24,ORD-14958,CUST-1148,Printer,Office Equipment,North,Distributor,7,22998,0.1,144887.4,35688.27
2026-09-24,ORD-14959,CUST-1457,Tablet,Electronics,East,Online,4,57802,0.09,210399.28,36074.17
2026-09-25,ORD-14960,CUST-1294,Tablet,Electronics,South,Online,8,18433,0.01,145989.36,15652.73
2026-09-25,ORD-14961,CUST-1075,Printer,Office Equipment,East,Online,5,19677,0.1,88546.5,16079.88
2026-09-25,ORD-14962,CUST-1020,Tablet,Electronics,West,Distributor,9,15956,0.04,137859.84,11093.07
2026-09-25,ORD-14963,CUST-1429,Smartphone,Electronics,West,Retail,4,65984,0.05,250739.2,54236.42
2026-09-25,ORD-14964,CUST-1071,Printer,Office Equipment,North,Online,3,22159,0.13,57834.99,13502.75
2026-09-25,ORD-14965,CUST-1060,Monitor,Electronics,South,Retail,8,16826,0.14,115762.88,24538.66
2026-09-25,ORD-14966,CUST-1127,Printer,Office Equipment,North,Online,8,14048,0.15,95526.4,10147.85
2026-09-25,ORD-14967,CUST-1178,Webcam,Accessories,North,Retail,6,9001,0.1,48605.4,11015.39
2026-09-26,ORD-14968,CUST-1194,Keyboard,Accessories,North,Online,3,3298,0.03,9597.18,2033.17
2026-09-26,ORD-14969,CUST-1251,Smartphone,Electronics,South,Retail,9,15110,0.13,118311.3,16175.47
2026-09-26,ORD-14970,CUST-1137,Smartphone,Electronics,North,Online,1,41940,0.0,41940.0,9785.38
2026-09-26,ORD-14971,CUST-1165,Printer,Office Equipment,West,Distributor,6,29438,0.03,171329.16,30841.33
2026-09-26,ORD-14972,CUST-1439,Webcam,Accessories,West,Distributor,5,11601,0.13,50464.35,9202.21
2026-09-26,ORD-14973,CUST-1012,Tablet,Electronics,West,Retail,1,47658,0.12,41939.04,6393.7
2026-09-26,ORD-14974,CUST-1227,Printer,Office Equipment,North,Online,2,17109,0.12,30111.84,3676.01
2026-09-26,ORD-14975,CUST-1145,Mouse,Accessories,South,Retail,2,2399,0.15,4078.3,944.52
2026-09-27,ORD-14976,CUST-1433,Webcam,Accessories,West,Online,8,2850,0.1,20520.0,3863.47
2026-09-27,ORD-14977,CUST-1183,Webcam,Accessories,West,Distributor,8,8654,0.03,67155.04,6278.13
2026-09-27,ORD-14978,CUST-1191,Tablet,Electronics,West,Retail,5,15407,0.11,68561.15,8456.63
2026-09-27,ORD-14979,CUST-1255,Desktop,Electronics,East,Online,9,49780,0.04,430099.2,73833.56
2026-09-27,ORD-14980,CUST-1321,Mouse,Accessories,North,Retail,3,2403,0.08,6632.28,1525.45
2026-09-27,ORD-14981,CUST-1362,Desktop,Electronics,East,Distributor,9,72805,0.07,609377.85,92080.06
2026-09-27,ORD-14982,CUST-1365,Smartphone,Electronics,South,Distributor,3,25768,0.09,70346.64,7258.37
2026-09-27,ORD-14983,CUST-1012,Smartphone,Electronics,North,Retail,9,35868,0.02,316355.76,55596.92
2026-09-28,ORD-14984,CUST-1367,Desktop,Electronics,East,Distributor,4,49084,0.1,176702.4,14338.09
2026-09-28,ORD-14985,CUST-1036,Mouse,Accessories,East,Distributor,6,2119,0.07,11824.02,2544.08
2026-09-28,ORD-14986,CUST-1003,Mouse,Accessories,East,Retail,2,2303,0.1,4145.4,599.33
2026-09-28,ORD-14987,CUST-1456,Printer,Office Equipment,North,Retail,9,27303,0.13,213782.49,38062.72
2026-09-28,ORD-14988,CUST-1402,Mouse,Accessories,West,Retail,6,2202,0.1,11890.8,1944.9
2026-09-28,ORD-14989,CUST-1246,Headphones,Accessories,West,Online,8,8094,0.06,60866.88,13781.83
2026-09-28,ORD-14990,CUST-1475,Webcam,Accessories,East,Distributor,6,3559,0.0,21354.0,4144.95
2026-09-28,ORD-14991,CUST-1094,Monitor,Electronics,North,Retail,7,20185,0.05,134230.25,18055.5
2026-09-29,ORD-14992,CUST-1253,Headphones,Accessories,South,Distributor,1,5710,0.09,5196.1,890.29
2026-09-29,ORD-14993,CUST-1153,Webcam,Accessories,East,Online,9,9489,0.15,72590.85,11582.84
2026-09-29,ORD-14994,CUST-1185,Monitor,Electronics,North,Retail,1,24127,0.01,23885.73,4752.58
2026-09-29,ORD-14995,CUST-1347,Smartphone,Electronics,South,Distributor,3,92976,0.12,245456.64,39140.58
2026-09-29,ORD-14996,CUST-1245,Webcam,Accessories,South,Retail,7,6015,0.01,41683.95,6026.82
2026-09-29,ORD-14997,CUST-1409,Printer,Office Equipment,North,Retail,7,14624,0.09,93154.88,11344.23
2026-09-29,ORD-14998,CUST-1290,Keyboard,Accessories,South,Online,1,2389,0.01,2365.11,469.17
2026-09-30,ORD-14999,CUST-1260,Laptop,Electronics,East,Distributor,2,64220,0.14,110458.4,23877.25
